{
"type": "FeatureCollection",
"name": "roadworks",
"crs": { "type": "name", "properties": { "name": "urn:ogc:def:crs:OGC:1.3:CRS84" } },
"features": [
{ "type": "Feature", "properties": { "id": "8/2025", "lms_id": "LMS-BR/r_LMS-BR/373434_LMS-BR/72", "tstore": "2026-06-30 06:32:57.263000+00:00", "object_state": "modified", "event_type": "Baustelle", "icon": "baustelle", "severity": "keine Sperrung", "direction": "Beidseitig", "street": "Wolfensteindamm (Steglitz)", "section": "in beiden Richtungen Schloßstraße/Aus- u. Einfahrt A103 und Neuchateller Straße", "total_lanes": null, "closed_lanes": null, "content": "Bauarbeiten, Fahrbahn auf einen Fahrstreifen verengt", "is_future": null, "geometry_type": "GeometryCollection", "start_time": "2025-07-23T07:00:00", "end_time": "2026-08-17T17:00:00", "duration_hours": 9370.0, "duration_days": 390.41666666666669, "event_status": "Active", "closure_ratio": null, "closure_category": "No closure", "district_code": "006", "district_name": "Steglitz-Zehlendorf", "map_longitude": 13.318904591788835, "map_latitude": 52.452100870266122, "start_date": "2025-07-23T00:00:00", "end_date": "2026-08-17T00:00:00", "start_year": 2025, "start_month": 7, "start_month_name": "July", "is_full_closure": false, "is_directional_closure": false, "is_active": true, "is_future_event": false }, "geometry": { "type": "GeometryCollection", "geometries": [ { "type": "Point", "coordinates": [ 13.318904591788835, 52.452100870266122 ] }, { "type": "LineString", "coordinates": [ [ 13.31892604156763, 52.454074983284841 ], [ 13.319247788249806, 52.453552048054767 ], [ 13.319548085153189, 52.4532121368253 ], [ 13.319633884268443, 52.452885296630441 ], [ 13.319548085153189, 52.452558454009939 ], [ 13.319226338471012, 52.452218535111491 ], [ 13.318883142010003, 52.45208779637499 ], [ 13.316352068110094, 52.450884981789244 ], [ 13.315901622754998, 52.450715016209784 ], [ 13.315622775630446, 52.450531975621445 ] ] } ] } },
{ "type": "Feature", "properties": { "id": "17/2025", "lms_id": "LMS-BR/r_LMS-BR/406326_LMS-BR/72", "tstore": "2026-06-23 15:52:40.502000+00:00", "object_state": "modified", "event_type": "Sperrung", "icon": "sperrung", "severity": "Vollsperrung", "direction": "Beidseitig", "street": "Schiffbauerdamm (Mitte)", "section": "in beiden Richtungen zwischen Luisenstraße und Albrechtstraße", "total_lanes": 2.0, "closed_lanes": 2.0, "content": "Leitungsbau, Vollsperrung für Kfz-Verkehr. Im Anschluss folgen weitere Arbeiten", "is_future": null, "geometry_type": "GeometryCollection", "start_time": "2025-07-09T07:00:00", "end_time": "2026-10-28T17:00:00", "duration_hours": 11434.0, "duration_days": 476.41666666666669, "event_status": "Active", "closure_ratio": 1.0, "closure_category": "Full closure", "district_code": "001", "district_name": "Mitte", "map_longitude": 13.381610512733461, "map_latitude": 52.519788758303029, "start_date": "2025-07-09T00:00:00", "end_date": "2026-10-28T00:00:00", "start_year": 2025, "start_month": 7, "start_month_name": "July", "is_full_closure": true, "is_directional_closure": false, "is_active": true, "is_future_event": false }, "geometry": { "type": "GeometryCollection", "geometries": [ { "type": "Point", "coordinates": [ 13.381610512733461, 52.519788758303029 ] }, { "type": "LineString", "coordinates": [ [ 13.38013529777527, 52.519756116483912 ], [ 13.381868004798891, 52.519795286663971 ], [ 13.384593129158022, 52.520634172969892 ], [ 13.385252952575685, 52.520999752652031 ] ] } ] } },
{ "type": "Feature", "properties": { "id": "30/2025", "lms_id": "LMS-BR/r_LMS-BR/376498_LMS-BR/72", "tstore": "2026-04-13 17:04:06.092000+00:00", "object_state": "modified", "event_type": "Sperrung", "icon": "sperrung", "severity": "Fahrtrichtungssperrung", "direction": "Einseitig", "street": "Goltzstraße (Lichtenrade)", "section": "Richtung Wolziger Zeile zwischen Bahnofstraße und Briesinger Straße", "total_lanes": null, "closed_lanes": null, "content": "Umleitungsstrecke für gesperrte Bahnhofstraße, Fahrtrichtung gesperrt, Briesingstraße Richtung Bahnhofstraße gesperrt", "is_future": null, "geometry_type": "GeometryCollection", "start_time": "2025-07-16T07:00:00", "end_time": "2026-12-31T17:00:00", "duration_hours": 12802.0, "duration_days": 533.41666666666663, "event_status": "Active", "closure_ratio": null, "closure_category": "Directional closure", "district_code": "007", "district_name": "Tempelhof-Schöneberg", "map_longitude": 13.408003284924323, "map_latitude": 52.386615180646366, "start_date": "2025-07-16T00:00:00", "end_date": "2026-12-31T00:00:00", "start_year": 2025, "start_month": 7, "start_month_name": "July", "is_full_closure": false, "is_directional_closure": true, "is_active": true, "is_future_event": false }, "geometry": { "type": "GeometryCollection", "geometries": [ { "type": "Point", "coordinates": [ 13.408003284924323, 52.386615180646366 ] }, { "type": "LineString", "coordinates": [ [ 13.40047333361912, 52.383236551974804 ], [ 13.399786940697098, 52.38424480331075 ], [ 13.398628652641188, 52.386510011292131 ] ] }, { "type": "LineString", "coordinates": [ [ 13.40807835915016, 52.386647913935846 ], [ 13.400506587229184, 52.383191144518165 ] ] } ] } },
{ "type": "Feature", "properties": { "id": "44/2025", "lms_id": null, "tstore": "2026-06-09 14:24:41.596000+00:00", "object_state": "modified", "event_type": "Sperrung", "icon": "sperrung", "severity": "Fahrtrichtungssperrung", "direction": "Einseitig", "street": "A117", "section": "stadtauswärts zwsichen AD Treptow und AS Waltersdorf", "total_lanes": null, "closed_lanes": null, "content": "Bau der AS Hubertus, Fahrtrichtung gesperrt", "is_future": null, "geometry_type": "GeometryCollection", "start_time": "2025-07-24T08:00:00", "end_time": "2026-08-21T17:00:00", "duration_hours": 9441.0, "duration_days": 393.375, "event_status": "Active", "closure_ratio": null, "closure_category": "Directional closure", "district_code": "009", "district_name": "Treptow-Köpenick", "map_longitude": 13.554468154907228, "map_latitude": 52.402209408241909, "start_date": "2025-07-24T00:00:00", "end_date": "2026-08-21T00:00:00", "start_year": 2025, "start_month": 7, "start_month_name": "July", "is_full_closure": false, "is_directional_closure": true, "is_active": true, "is_future_event": false }, "geometry": { "type": "GeometryCollection", "geometries": [ { "type": "Point", "coordinates": [ 13.554468154907228, 52.402209408241909 ] }, { "type": "LineString", "coordinates": [ [ 13.556421692095283, 52.405721137256606 ], [ 13.555220504481786, 52.405354681447093 ], [ 13.554491212002141, 52.405407032463394 ], [ 13.55359032129199, 52.405511734309627 ], [ 13.552603631466587, 52.405380856963006 ], [ 13.552088836775072, 52.404935871080134 ], [ 13.552088836775072, 52.404438528605304 ], [ 13.55268943058184, 52.403679416123381 ], [ 13.55337582350386, 52.40297264448472 ], [ 13.553933517753002, 52.402449102637782 ], [ 13.5547486093479, 52.401925554578206 ], [ 13.556121395191902, 52.400904617992929 ], [ 13.557279683247808, 52.400014551438545 ], [ 13.55818057395796, 52.399019749924221 ], [ 13.559093683506173, 52.397918092116889 ], [ 13.559951674658699, 52.396923243337284 ], [ 13.560938364484064, 52.396085458547759 ], [ 13.562053752982346, 52.395116750057667 ], [ 13.563598137056893, 52.394095655927195 ], [ 13.564413228651748, 52.393284000149947 ], [ 13.565013822458518, 52.392315230165821 ], [ 13.564928023343267, 52.391215519549732 ], [ 13.564627726439882, 52.389932489199779 ], [ 13.564327429536498, 52.389016016115818 ], [ 13.563941333517862, 52.388178081215791 ], [ 13.562396949443356, 52.379221658511987 ], [ 13.561882154751842, 52.377257287804824 ], [ 13.56153895829083, 52.376314358826292 ], [ 13.560423569792547, 52.374428440467817 ], [ 13.559265281736677, 52.372830585505376 ], [ 13.558321491468899, 52.371651802988474 ], [ 13.556605509163889, 52.369975258108326 ], [ 13.55536142199273, 52.369005976570193 ], [ 13.554589229955457, 52.368062871415646 ] ] }, { "type": "LineString", "coordinates": [ [ 13.550726943693682, 52.402001301813108 ], [ 13.551928131307218, 52.402524848973812 ], [ 13.552786122459743, 52.402577203348187 ], [ 13.553772812285107, 52.402393962766084 ], [ 13.554587903880007, 52.401896591635449 ], [ 13.555102698571522, 52.401687170534601 ] ] } ] } },
{ "type": "Feature", "properties": { "id": "105/2025", "lms_id": "LMS-BR/r_LMS-BR/379984_LMS-BR/72", "tstore": "2026-04-13 17:06:28.973000+00:00", "object_state": "modified", "event_type": "Baustelle", "icon": "baustelle", "severity": "keine Sperrung", "direction": "Einseitig", "street": "Heidestraße (Moabit)", "section": "Richtung Fennstraße in Höhe Hedwig-Porschütz-Straße", "total_lanes": null, "closed_lanes": null, "content": "Hochbau, Fahrbahn auf einen Fahrstreifen verengt", "is_future": null, "geometry_type": "Point", "start_time": "2025-08-15T12:00:00", "end_time": "2027-07-30T12:00:00", "duration_hours": 17136.0, "duration_days": 714.0, "event_status": "Active", "closure_ratio": null, "closure_category": "No closure", "district_code": "001", "district_name": "Mitte", "map_longitude": 13.365007638931276, "map_latitude": 52.5338856515462, "start_date": "2025-08-15T00:00:00", "end_date": "2027-07-30T00:00:00", "start_year": 2025, "start_month": 8, "start_month_name": "August", "is_full_closure": false, "is_directional_closure": false, "is_active": true, "is_future_event": false }, "geometry": { "type": "Point", "coordinates": [ 13.365007638931276, 52.5338856515462 ] } },
{ "type": "Feature", "properties": { "id": "131/2025", "lms_id": "LMS-BR/r_LMS-BR/380592_LMS-BR/72", "tstore": "2026-07-13 14:26:02.166000+00:00", "object_state": "modified", "event_type": "Baustelle", "icon": "baustelle", "severity": "keine Sperrung", "direction": "Beidseitig", "street": "Argentinische Allee (Zehlendorf)", "section": "in beiden Richtungen Höhe Fischerhüttenstraße", "total_lanes": 4.0, "closed_lanes": 2.0, "content": "Baustelle, Fahrbahn auf einen Fahrstreifen je Richtung verengt und verschwenkt, Sperrung von Abbiegebeziehungen. Eine Baustellenampel regelt den Verkehr. Im Anschluss folgen weitere Arbeiten", "is_future": null, "geometry_type": "GeometryCollection", "start_time": "2025-08-20T10:00:00", "end_time": "2026-08-14T17:00:00", "duration_hours": 8623.0, "duration_days": 359.29166666666669, "event_status": "Active", "closure_ratio": 0.5, "closure_category": "No closure", "district_code": "006", "district_name": "Steglitz-Zehlendorf", "map_longitude": 13.240156173706056, "map_latitude": 52.44279444607114, "start_date": "2025-08-20T00:00:00", "end_date": "2026-08-14T00:00:00", "start_year": 2025, "start_month": 8, "start_month_name": "August", "is_full_closure": false, "is_directional_closure": false, "is_active": true, "is_future_event": false }, "geometry": { "type": "GeometryCollection", "geometries": [ { "type": "Point", "coordinates": [ 13.240156173706056, 52.44279444607114 ] }, { "type": "LineString", "coordinates": [ [ 13.239641189575197, 52.442238559847333 ], [ 13.240617513656616, 52.443212991069771 ] ] } ] } },
{ "type": "Feature", "properties": { "id": "196/2025", "lms_id": "LMS-BR/r_LMS-BR/382669_LMS-BR/72", "tstore": "2026-04-13 17:11:03.802000+00:00", "object_state": "modified", "event_type": "Sperrung", "icon": "sperrung", "severity": "Fahrtrichtungssperrung", "direction": "Einseitig", "street": "Finckensteinallee (Lichterfelde)", "section": "Richtung Dahlemer Weg zwischen Paulinenstraße und Kommandantenstraße", "total_lanes": null, "closed_lanes": null, "content": "Abwasserleitungsbauarbeiten, Fahrtrichtung für Kfz-Verkehr gesperrt, Umleitung ausgewiesen", "is_future": null, "geometry_type": "GeometryCollection", "start_time": "2025-09-08T07:00:00", "end_time": "2026-09-04T17:00:00", "duration_hours": 8674.0, "duration_days": 361.41666666666669, "event_status": "Active", "closure_ratio": null, "closure_category": "Directional closure", "district_code": "006", "district_name": "Steglitz-Zehlendorf", "map_longitude": 13.294637203216555, "map_latitude": 52.43267361622955, "start_date": "2025-09-08T00:00:00", "end_date": "2026-09-04T00:00:00", "start_year": 2025, "start_month": 9, "start_month_name": "September", "is_full_closure": false, "is_directional_closure": true, "is_active": true, "is_future_event": false }, "geometry": { "type": "GeometryCollection", "geometries": [ { "type": "Point", "coordinates": [ 13.294637203216555, 52.43267361622955 ] }, { "type": "LineString", "coordinates": [ [ 13.297104835510254, 52.432503444055627 ], [ 13.292791843414307, 52.432712886637894 ] ] } ] } },
{ "type": "Feature", "properties": { "id": "197/2025", "lms_id": null, "tstore": "2026-05-04 10:39:11.483000+00:00", "object_state": "modified", "event_type": "Sperrung", "icon": "sperrung", "severity": "Fahrtrichtungssperrung", "direction": "Einseitig", "street": "A111 (ehem. A105)", "section": "Richtung Oranienburg zwischen Ausfahrt Eichborndamm und Seidelstraße", "total_lanes": null, "closed_lanes": null, "content": "Baustelle, Fahrtrichtung gesperrt", "is_future": null, "geometry_type": "GeometryCollection", "start_time": "2024-05-14T12:00:00", "end_time": null, "duration_hours": null, "duration_days": null, "event_status": "Active", "closure_ratio": null, "closure_category": "Directional closure", "district_code": "012", "district_name": "Reinickendorf", "map_longitude": 13.311801581031864, "map_latitude": 52.565059095535659, "start_date": "2024-05-14T00:00:00", "end_date": null, "start_year": 2024, "start_month": 5, "start_month_name": "May", "is_full_closure": false, "is_directional_closure": true, "is_active": true, "is_future_event": false }, "geometry": { "type": "GeometryCollection", "geometries": [ { "type": "Point", "coordinates": [ 13.311801581031864, 52.565059095535659 ] }, { "type": "LineString", "coordinates": [ [ 13.311846256256105, 52.565028832584353 ], [ 13.309442996978762, 52.56572031570655 ], [ 13.308327198028566, 52.566176949527659 ], [ 13.307640552520754, 52.566607485633178 ], [ 13.307018280029299, 52.567051063867048 ] ] } ] } },
{ "type": "Feature", "properties": { "id": "205/2025", "lms_id": "LMS-BR/r_LMS-BR/382708_LMS-BR/72", "tstore": "2026-05-04 10:31:55.674000+00:00", "object_state": "modified", "event_type": "Baustelle", "icon": "baustelle", "severity": "keine Sperrung", "direction": "Beidseitig", "street": "Hindenburgdamm (Lichterfelde)", "section": "in beiden Richtungen zwischen Bäkestraße/Karwendelstraße und Moltkestraße", "total_lanes": null, "closed_lanes": null, "content": "Arbeiten am Fernwärmenetz, Fahrbahn auf einen Fahrstreifen je Richtung verengt und verschwenkt. Die Karwendelstraße ist vom Hindenburgdamm für den Kfz-Verkehr abgehängt (Sackgasse)", "is_future": null, "geometry_type": "GeometryCollection", "start_time": "2025-09-08T07:00:00", "end_time": "2026-11-26T17:00:00", "duration_hours": 10666.0, "duration_days": 444.41666666666669, "event_status": "Active", "closure_ratio": null, "closure_category": "No closure", "district_code": "006", "district_name": "Steglitz-Zehlendorf", "map_longitude": 13.315142265589049, "map_latitude": 52.437024111556006, "start_date": "2025-09-08T00:00:00", "end_date": "2026-11-26T00:00:00", "start_year": 2025, "start_month": 9, "start_month_name": "September", "is_full_closure": false, "is_directional_closure": false, "is_active": true, "is_future_event": false }, "geometry": { "type": "GeometryCollection", "geometries": [ { "type": "Point", "coordinates": [ 13.315142265589049, 52.437024111556006 ] }, { "type": "LineString", "coordinates": [ [ 13.313356994305286, 52.435420383225491 ], [ 13.3141894076473, 52.436318615197891 ], [ 13.314494825541676, 52.436698350014005 ], [ 13.315381136082117, 52.438001837878076 ], [ 13.316056270451806, 52.438956254384848 ], [ 13.316223950479268, 52.439175319453021 ] ] } ] } },
{ "type": "Feature", "properties": { "id": "235/2025", "lms_id": "LMS-BR/r_LMS-BR/334410_LMS-BR/72", "tstore": "2026-07-23 10:01:44.387000+00:00", "object_state": "modified", "event_type": "Baustelle", "icon": "baustelle", "severity": "keine Sperrung", "direction": "Beidseitig", "street": "Tempelhofer Weg (Britz)", "section": "in beiden Richtungen zwischen Gradestraße und Waldkraiburger Straße", "total_lanes": null, "closed_lanes": null, "content": "Wasserleitungsbauarbeiten, Fahrbahn auf jeweils einen Fahrstreifen verengt. Im Anschluss folgen weitere Arbeiten", "is_future": null, "geometry_type": "GeometryCollection", "start_time": "2025-09-17T08:00:00", "end_time": "2026-09-08T17:00:00", "duration_hours": 8553.0, "duration_days": 356.375, "event_status": "Active", "closure_ratio": null, "closure_category": "No closure", "district_code": "008", "district_name": "Neukölln", "map_longitude": 13.433980689921265, "map_latitude": 52.451707626889338, "start_date": "2025-09-17T00:00:00", "end_date": "2026-09-08T00:00:00", "start_year": 2025, "start_month": 9, "start_month_name": "September", "is_full_closure": false, "is_directional_closure": false, "is_active": true, "is_future_event": false }, "geometry": { "type": "GeometryCollection", "geometries": [ { "type": "Point", "coordinates": [ 13.433980689921265, 52.451707626889338 ] }, { "type": "LineString", "coordinates": [ [ 13.433111973879322, 52.452400543751516 ], [ 13.43428098682465, 52.451478831191643 ], [ 13.434709982400911, 52.450982013583953 ] ] } ] } },
{ "type": "Feature", "properties": { "id": "239/2025", "lms_id": "LMS-BR/r_LMS-BR/383504_LMS-BR/72", "tstore": "2026-07-03 10:03:45.375000+00:00", "object_state": "modified", "event_type": "Sperrung", "icon": "sperrung", "severity": "Vollsperrung", "direction": "Beidseitig", "street": "Frohnauer Straße (Frohnau/Hermsdorf)", "section": "in beiden Richtungen zwischen Welfenallee und Falkentaler Steig", "total_lanes": 2.0, "closed_lanes": 2.0, "content": "Leitungsarbeiten, Vollsperrung für Kfz-Verkehr. Eine Umleitung ist ausgeschildert", "is_future": null, "geometry_type": "GeometryCollection", "start_time": "2025-09-15T09:00:00", "end_time": "2027-02-28T17:00:00", "duration_hours": 12752.0, "duration_days": 531.33333333333337, "event_status": "Active", "closure_ratio": 1.0, "closure_category": "Full closure", "district_code": "012", "district_name": "Reinickendorf", "map_longitude": 13.290688991546633, "map_latitude": 52.62651323653229, "start_date": "2025-09-15T00:00:00", "end_date": "2027-02-28T00:00:00", "start_year": 2025, "start_month": 9, "start_month_name": "September", "is_full_closure": true, "is_directional_closure": false, "is_active": true, "is_future_event": false }, "geometry": { "type": "GeometryCollection", "geometries": [ { "type": "Point", "coordinates": [ 13.290688991546633, 52.62651323653229 ] }, { "type": "LineString", "coordinates": [ [ 13.289111852645876, 52.627229392482988 ], [ 13.291118144989015, 52.626317919239057 ], [ 13.291429281234743, 52.62576451550779 ] ] }, { "type": "LineString", "coordinates": [ [ 13.289111852645876, 52.627228182911217 ], [ 13.288194537162783, 52.627335637126734 ], [ 13.286494016647341, 52.627677535148152 ], [ 13.285195827484131, 52.628078040861723 ] ] } ] } },
{ "type": "Feature", "properties": { "id": "273/2025", "lms_id": "LMS-BR/r_LMS-BR/384401_LMS-BR/72", "tstore": "2026-04-13 17:17:34.008000+00:00", "object_state": "modified", "event_type": "Baustelle", "icon": "baustelle", "severity": "keine Sperrung", "direction": "Einseitig", "street": "Theodor-Heuss-Platz (Westend)", "section": "Richtung Heerstraße zwischen Ahornallee und Reichsstraße (innerer Kreisverkehr)", "total_lanes": null, "closed_lanes": null, "content": "Sanierung eines Gleichrichterwerks, Fahrbahn auf zwei Fahrstreifen verengt", "is_future": null, "geometry_type": "GeometryCollection", "start_time": "2025-09-22T08:00:00", "end_time": "2027-03-31T17:00:00", "duration_hours": 13329.0, "duration_days": 555.375, "event_status": "Active", "closure_ratio": null, "closure_category": "No closure", "district_code": "004", "district_name": "Charlottenburg-Wilmersdorf", "map_longitude": 13.272728919982912, "map_latitude": 52.509842447576155, "start_date": "2025-09-22T00:00:00", "end_date": "2027-03-31T00:00:00", "start_year": 2025, "start_month": 9, "start_month_name": "September", "is_full_closure": false, "is_directional_closure": false, "is_active": true, "is_future_event": false }, "geometry": { "type": "GeometryCollection", "geometries": [ { "type": "Point", "coordinates": [ 13.272728919982912, 52.509842447576155 ] }, { "type": "LineString", "coordinates": [ [ 13.273490667343141, 52.509751056811318 ], [ 13.27203154563904, 52.509973005481967 ] ] } ] } },
{ "type": "Feature", "properties": { "id": "310/2025", "lms_id": "LMS-BR/r_LMS-BR/385358_LMS-BR/72", "tstore": "2026-07-08 14:37:05.313000+00:00", "object_state": "modified", "event_type": "Baustelle", "icon": "baustelle", "severity": "keine Sperrung", "direction": "Beidseitig", "street": "Treskowallee (Karlshorst)", "section": "in beiden Richtungen Höhe Traberweg", "total_lanes": 4.0, "closed_lanes": 2.0, "content": "Stromnetzarbeiten, rechter Fahrstreifen gesperrt. Im Anschluss folgen weitere Arbeiten", "is_future": null, "geometry_type": "GeometryCollection", "start_time": "2026-07-08T10:00:00", "end_time": "2026-08-31T17:00:00", "duration_hours": 1303.0, "duration_days": 54.291666666666664, "event_status": "Active", "closure_ratio": 0.5, "closure_category": "No closure", "district_code": "011", "district_name": "Lichtenberg", "map_longitude": 13.522303104400637, "map_latitude": 52.475948541671563, "start_date": "2026-07-08T00:00:00", "end_date": "2026-08-31T00:00:00", "start_year": 2026, "start_month": 7, "start_month_name": "July", "is_full_closure": false, "is_directional_closure": false, "is_active": true, "is_future_event": false }, "geometry": { "type": "GeometryCollection", "geometries": [ { "type": "Point", "coordinates": [ 13.522303104400637, 52.475948541671563 ] }, { "type": "LineString", "coordinates": [ [ 13.522791266441347, 52.476415782684498 ], [ 13.521820306777956, 52.475504167993257 ] ] } ] } },
{ "type": "Feature", "properties": { "id": "312/2025", "lms_id": "LMS-BR/r_LMS-BR/385796_LMS-BR/72", "tstore": "2026-04-13 17:19:00.813000+00:00", "object_state": "modified", "event_type": "Sperrung", "icon": "sperrung", "severity": "keine Sperrung", "direction": "Beidseitig", "street": "Tempelhofer Weg (Britz)", "section": "in beiden Richtungen zwischen Treseburger Ufer und Gradestraße", "total_lanes": null, "closed_lanes": null, "content": "Stromnetzarbeiten, Fahrbahn auf jeweils einen Fahrstreifen verengt (Gesamtbaumaßnahme bis 10/2027)", "is_future": null, "geometry_type": "GeometryCollection", "start_time": "2025-10-06T07:00:00", "end_time": "2026-07-29T17:00:00", "duration_hours": 7114.0, "duration_days": 296.41666666666669, "event_status": "Active", "closure_ratio": null, "closure_category": "No closure", "district_code": "008", "district_name": "Neukölln", "map_longitude": 13.42982053756714, "map_latitude": 52.454818737899743, "start_date": "2025-10-06T00:00:00", "end_date": "2026-07-29T00:00:00", "start_year": 2025, "start_month": 10, "start_month_name": "October", "is_full_closure": false, "is_directional_closure": false, "is_active": true, "is_future_event": false }, "geometry": { "type": "GeometryCollection", "geometries": [ { "type": "Point", "coordinates": [ 13.42982053756714, 52.454818737899743 ] }, { "type": "LineString", "coordinates": [ [ 13.427288532257082, 52.45638827549093 ], [ 13.430700302124025, 52.454256306648197 ], [ 13.432888984680178, 52.452595130548282 ] ] } ] } },
{ "type": "Feature", "properties": { "id": "317/2025", "lms_id": "LMS-BR/r_LMS-BR/385808_LMS-BR/72", "tstore": "2026-07-14 19:09:24.997000+00:00", "object_state": "modified", "event_type": "Sperrung", "icon": "sperrung", "severity": "Vollsperrung", "direction": "Beidseitig", "street": "Charlottenburger Ufer (Charlottenburg)", "section": "in beiden Richtungen zwischen Luisenplatz und Lohmeyerstraße", "total_lanes": 2.0, "closed_lanes": 2.0, "content": "Neubau einer Trinkwasserleitung, Vollsperrung für den Kfz-Verkehr", "is_future": null, "geometry_type": "GeometryCollection", "start_time": "2024-02-06T07:00:00", "end_time": "2026-10-09T17:00:00", "duration_hours": 23434.0, "duration_days": 976.41666666666663, "event_status": "Active", "closure_ratio": 1.0, "closure_category": "Full closure", "district_code": "004", "district_name": "Charlottenburg-Wilmersdorf", "map_longitude": 13.300300598493779, "map_latitude": 52.521281325581896, "start_date": "2024-02-06T00:00:00", "end_date": "2026-10-09T00:00:00", "start_year": 2024, "start_month": 2, "start_month_name": "February", "is_full_closure": true, "is_directional_closure": false, "is_active": true, "is_future_event": false }, "geometry": { "type": "GeometryCollection", "geometries": [ { "type": "Point", "coordinates": [ 13.300300598493779, 52.521281325581896 ] }, { "type": "LineString", "coordinates": [ [ 13.299847126399984, 52.521357713646488 ], [ 13.300287813144678, 52.521277030400022 ], [ 13.302102685411231, 52.521302964352373 ] ] } ] } },
{ "type": "Feature", "properties": { "id": "323/2025", "lms_id": null, "tstore": "2026-05-28 11:28:55.516000+00:00", "object_state": "modified", "event_type": "Baustelle", "icon": "baustelle", "severity": "keine Sperrung", "direction": "Einseitig", "street": "Kurt-Schumacher-Damm (Tegel)", "section": "Richtung A111 im Einfahrbereich zur Autobahn", "total_lanes": null, "closed_lanes": null, "content": "Herstellung einer Baustellenzufahrt, Fahrbahn auf einen Fahrstreifen verengt", "is_future": null, "geometry_type": "GeometryCollection", "start_time": "2025-10-08T07:00:00", "end_time": "2026-07-31T17:00:00", "duration_hours": 7114.0, "duration_days": 296.41666666666669, "event_status": "Active", "closure_ratio": null, "closure_category": "No closure", "district_code": "012", "district_name": "Reinickendorf", "map_longitude": 13.310205459420105, "map_latitude": 52.558403183563989, "start_date": "2025-10-08T00:00:00", "end_date": "2026-07-31T00:00:00", "start_year": 2025, "start_month": 10, "start_month_name": "October", "is_full_closure": false, "is_directional_closure": false, "is_active": true, "is_future_event": false }, "geometry": { "type": "GeometryCollection", "geometries": [ { "type": "Point", "coordinates": [ 13.310205459420105, 52.558403183563989 ] }, { "type": "LineString", "coordinates": [ [ 13.311728059634337, 52.558760351798703 ], [ 13.310434162267486, 52.55848370156415 ], [ 13.309691369140641, 52.558207049386098 ], [ 13.309284030910932, 52.557966797646408 ] ] } ] } },
{ "type": "Feature", "properties": { "id": "332/2025", "lms_id": null, "tstore": "2026-05-22 09:09:55.964000+00:00", "object_state": "modified", "event_type": "Baustelle", "icon": "baustelle", "severity": "keine Sperrung", "direction": "Einseitig", "street": "A100 (Stadtring)", "section": "Richtung Dreieck Funkturm Höhe Detmolder Straße (Brücke über die Mecklenburgische Straße)", "total_lanes": null, "closed_lanes": null, "content": "Brückenschäden, rechter und mittlerer Fahrstreifen gesperrt", "is_future": null, "geometry_type": "GeometryCollection", "start_time": "2025-11-04T11:00:00", "end_time": null, "duration_hours": null, "duration_days": null, "event_status": "Active", "closure_ratio": null, "closure_category": "No closure", "district_code": "004", "district_name": "Charlottenburg-Wilmersdorf", "map_longitude": 13.320016957805374, "map_latitude": 52.478077190730659, "start_date": "2025-11-04T00:00:00", "end_date": null, "start_year": 2025, "start_month": 11, "start_month_name": "November", "is_full_closure": false, "is_directional_closure": false, "is_active": true, "is_future_event": false }, "geometry": { "type": "GeometryCollection", "geometries": [ { "type": "Point", "coordinates": [ 13.320016957805374, 52.478077190730659 ] }, { "type": "LineString", "coordinates": [ [ 13.32076482799491, 52.477964654808609 ], [ 13.318126469969336, 52.478291569866116 ], [ 13.315745512726691, 52.478853858083134 ], [ 13.313686306462829, 52.479625358128814 ], [ 13.311841600851444, 52.480619134861065 ], [ 13.310082695501036, 52.481730569088214 ] ] } ] } },
{ "type": "Feature", "properties": { "id": "346/2025", "lms_id": null, "tstore": "2026-03-25 09:53:08.404000+00:00", "object_state": "modified", "event_type": "Sperrung", "icon": "sperrung", "severity": "Fahrtrichtungssperrung", "direction": "Einseitig", "street": "A100 (Stadtring)", "section": "Richtung Wedding Auffahrt Detmolder Straße", "total_lanes": null, "closed_lanes": null, "content": "Straßenschäden, Auffahrt gesperrt", "is_future": null, "geometry_type": "GeometryCollection", "start_time": "2025-10-10T10:00:00", "end_time": "2030-12-01T17:00:00", "duration_hours": 45079.0, "duration_days": 1878.2916666666667, "event_status": "Active", "closure_ratio": null, "closure_category": "Directional closure", "district_code": "004", "district_name": "Charlottenburg-Wilmersdorf", "map_longitude": 13.3156263829369, "map_latitude": 52.479088339446783, "start_date": "2025-10-10T00:00:00", "end_date": "2030-12-01T00:00:00", "start_year": 2025, "start_month": 10, "start_month_name": "October", "is_full_closure": false, "is_directional_closure": true, "is_active": true, "is_future_event": false }, "geometry": { "type": "GeometryCollection", "geometries": [ { "type": "Point", "coordinates": [ 13.3156263829369, 52.479088339446783 ] }, { "type": "LineString", "coordinates": [ [ 13.317487209969842, 52.478709077643551 ], [ 13.317325472635277, 52.478687197220005 ], [ 13.317007989062407, 52.478720018050581 ], [ 13.316636592171562, 52.478800246688813 ], [ 13.315330713921867, 52.479175860875763 ], [ 13.31436029089673, 52.479529591751778 ], [ 13.314162612223299, 52.479555118555673 ] ] } ] } },
{ "type": "Feature", "properties": { "id": "436/2025", "lms_id": "LMS-BR/r_LMS-BR/388768_LMS-BR/72", "tstore": "2026-04-13 17:23:47.889000+00:00", "object_state": "modified", "event_type": "Sperrung", "icon": "sperrung", "severity": "Vollsperrung", "direction": "Beidseitig", "street": "Margarete-Sommer-Straße (Prenzlauer Berg)", "section": "in beiden Richtungen zwischen Virchowstraße und Danziger Straße", "total_lanes": null, "closed_lanes": null, "content": "Straßenbau, Vollsperrung für Kfz-Verkehr, Zufahrt bis Tankstelle frei", "is_future": null, "geometry_type": "GeometryCollection", "start_time": "2025-11-03T06:00:00", "end_time": "2026-10-23T17:00:00", "duration_hours": 8507.0, "duration_days": 354.45833333333331, "event_status": "Active", "closure_ratio": null, "closure_category": "Full closure", "district_code": "003", "district_name": "Pankow", "map_longitude": 13.44052679937904, "map_latitude": 52.530053815311447, "start_date": "2025-11-03T00:00:00", "end_date": "2026-10-23T00:00:00", "start_year": 2025, "start_month": 11, "start_month_name": "November", "is_full_closure": true, "is_directional_closure": false, "is_active": true, "is_future_event": false }, "geometry": { "type": "GeometryCollection", "geometries": [ { "type": "Point", "coordinates": [ 13.44052679937904, 52.530053815311447 ] }, { "type": "LineString", "coordinates": [ [ 13.44224278168409, 52.53113701304504 ], [ 13.438714293069358, 52.528892284442918 ] ] } ] } },
{ "type": "Feature", "properties": { "id": "442/2025", "lms_id": "LMS-BR/r_LMS-BR/388766_LMS-BR/72", "tstore": "2026-05-07 12:46:59.898000+00:00", "object_state": "modified", "event_type": "Baustelle", "icon": "baustelle", "severity": "keine Sperrung", "direction": "Einseitig", "street": "Invalidenstraße (Mitte)", "section": "Richtung Prenzlauer Berg zwischen Clara-Jaschke-Straße und Tiergartentunnel", "total_lanes": null, "closed_lanes": null, "content": "Hochbauarbeiten, rechter Fahrstreifen gesperrt, nur ein Geradeausfahrstreifen frei, Zufahrt in den Tiergartentunnel nur einstreifig (Rechtsabbiegen für LKW gesperrt)", "is_future": null, "geometry_type": "GeometryCollection", "start_time": "2025-11-03T09:00:00", "end_time": "2027-02-21T17:00:00", "duration_hours": 11408.0, "duration_days": 475.33333333333331, "event_status": "Active", "closure_ratio": null, "closure_category": "No closure", "district_code": "001", "district_name": "Mitte", "map_longitude": 13.366992803473986, "map_latitude": 52.525594907513515, "start_date": "2025-11-03T00:00:00", "end_date": "2027-02-21T00:00:00", "start_year": 2025, "start_month": 11, "start_month_name": "November", "is_full_closure": false, "is_directional_closure": false, "is_active": true, "is_future_event": false }, "geometry": { "type": "GeometryCollection", "geometries": [ { "type": "Point", "coordinates": [ 13.366992803473986, 52.525594907513515 ] }, { "type": "LineString", "coordinates": [ [ 13.366123082635037, 52.525333689048885 ], [ 13.367658515721113, 52.525830002803481 ] ] } ] } },
{ "type": "Feature", "properties": { "id": "449/2025", "lms_id": null, "tstore": "2026-06-29 09:26:04.522000+00:00", "object_state": "modified", "event_type": "Sperrung", "icon": "sperrung", "severity": "Fahrtrichtungssperrung", "direction": "Einseitig", "street": "A115", "section": "Im Dreieck Funkturm, Überfahrt auf die A100 Richtung Wedding", "total_lanes": null, "closed_lanes": null, "content": "Brücke abgerissen, Fahrtrichtung gesperrt. Der Verkehr wird über Messedamm geführt", "is_future": null, "geometry_type": "GeometryCollection", "start_time": "2025-03-24T12:00:00", "end_time": null, "duration_hours": null, "duration_days": null, "event_status": "Active", "closure_ratio": null, "closure_category": "Directional closure", "district_code": "004", "district_name": "Charlottenburg-Wilmersdorf", "map_longitude": 13.280839204635415, "map_latitude": 52.501166322399619, "start_date": "2025-03-24T00:00:00", "end_date": null, "start_year": 2025, "start_month": 3, "start_month_name": "March", "is_full_closure": false, "is_directional_closure": true, "is_active": true, "is_future_event": false }, "geometry": { "type": "GeometryCollection", "geometries": [ { "type": "Point", "coordinates": [ 13.280839204635415, 52.501166322399619 ] }, { "type": "LineString", "coordinates": [ [ 13.280774831946477, 52.500653179740887 ], [ 13.280900627287339, 52.500871875827919 ], [ 13.280870675735061, 52.50108328099801 ], [ 13.280637055722766, 52.501761228684202 ], [ 13.280708939055334, 52.5022314120856 ] ] } ] } },
{ "type": "Feature", "properties": { "id": "453/2025", "lms_id": "LMS-BR/r_LMS-BR/371046_LMS-BR/72", "tstore": "2026-04-13 17:28:55.103000+00:00", "object_state": "modified", "event_type": "Sperrung", "icon": "sperrung", "severity": "Fahrtrichtungssperrung", "direction": "Einseitig", "street": "Karl-Kunger-Straße (Alt-Treptow)", "section": "Richtung Lohmühlenstraße zwischen Wildenbruchstraße und Bouchéstraße", "total_lanes": null, "closed_lanes": null, "content": "Kanalarbeiten, Fahrtrichtung gesperrt. Im Anschluss folgen weitere Arbeiten", "is_future": null, "geometry_type": "GeometryCollection", "start_time": "2025-06-02T07:00:00", "end_time": "2026-07-31T17:00:00", "duration_hours": 10186.0, "duration_days": 424.41666666666669, "event_status": "Active", "closure_ratio": null, "closure_category": "Directional closure", "district_code": "009", "district_name": "Treptow-Köpenick", "map_longitude": 13.449850558099572, "map_latitude": 52.489633211854269, "start_date": "2025-06-02T00:00:00", "end_date": "2026-07-31T00:00:00", "start_year": 2025, "start_month": 6, "start_month_name": "June", "is_full_closure": false, "is_directional_closure": true, "is_active": true, "is_future_event": false }, "geometry": { "type": "GeometryCollection", "geometries": [ { "type": "Point", "coordinates": [ 13.449850558099572, 52.489633211854269 ] }, { "type": "LineString", "coordinates": [ [ 13.450495898505325, 52.48926674524067 ], [ 13.448782682025923, 52.490316748315685 ] ] } ] } },
{ "type": "Feature", "properties": { "id": "461/2025", "lms_id": "LMS-BR/r_LMS-BR/388895_LMS-BR/72", "tstore": "2026-04-13 17:30:58.628000+00:00", "object_state": "modified", "event_type": "Sperrung", "icon": "sperrung", "severity": "Vollsperrung", "direction": "Beidseitig", "street": "Westerwaldstraße (Falkenhagener Feld)", "section": "in beiden Richtungen zwischen Erzgebirgsweg und Hermann-Schmidt-Weg", "total_lanes": null, "closed_lanes": null, "content": "Leitungsarbeiten, Vollsperrung für den Kfz-Verkehr", "is_future": null, "geometry_type": "GeometryCollection", "start_time": "2025-11-04T07:00:00", "end_time": "2026-08-04T17:00:00", "duration_hours": 6562.0, "duration_days": 273.41666666666669, "event_status": "Active", "closure_ratio": null, "closure_category": "Full closure", "district_code": "005", "district_name": "Spandau", "map_longitude": 13.178517937922155, "map_latitude": 52.550247958383792, "start_date": "2025-11-04T00:00:00", "end_date": "2026-08-04T00:00:00", "start_year": 2025, "start_month": 11, "start_month_name": "November", "is_full_closure": true, "is_directional_closure": false, "is_active": true, "is_future_event": false }, "geometry": { "type": "GeometryCollection", "geometries": [ { "type": "Point", "coordinates": [ 13.178517937922155, 52.550247958383792 ] }, { "type": "LineString", "coordinates": [ [ 13.17869988088205, 52.549989832397671 ], [ 13.178735822875753, 52.550102725406546 ], [ 13.178645968873754, 52.550197409526064 ], [ 13.178538144202323, 52.550255676597978 ], [ 13.177873224194631, 52.550375852195678 ], [ 13.177795351075476, 52.550470535725928 ], [ 13.177795351075476, 52.550568860721853 ] ] } ] } },
{ "type": "Feature", "properties": { "id": "478/2025", "lms_id": "LMS-BR/r_LMS-BR/389590_LMS-BR/72", "tstore": "2026-05-26 11:06:24.960000+00:00", "object_state": "modified", "event_type": "Baustelle", "icon": "baustelle", "severity": "keine Sperrung", "direction": "Beidseitig", "street": "Nonnendammallee (Siemensstadt)", "section": "in beiden Richtungen zwischen Otternbuchtstraße und Rohrdamm", "total_lanes": null, "closed_lanes": null, "content": "Fernwärmeleitungsbauarbeiten, Fahrbahn jeweils auf zwei Fahrstreifen verengt und verschwenkt, im Anschluss folgen weitere Arbeiten bis 04/2027", "is_future": null, "geometry_type": "GeometryCollection", "start_time": "2025-11-10T07:00:00", "end_time": "2026-08-31T17:00:00", "duration_hours": 7066.0, "duration_days": 294.41666666666669, "event_status": "Active", "closure_ratio": null, "closure_category": "No closure", "district_code": "005", "district_name": "Spandau", "map_longitude": 13.255498409271242, "map_latitude": 52.537500800388621, "start_date": "2025-11-10T00:00:00", "end_date": "2026-08-31T00:00:00", "start_year": 2025, "start_month": 11, "start_month_name": "November", "is_full_closure": false, "is_directional_closure": false, "is_active": true, "is_future_event": false }, "geometry": { "type": "GeometryCollection", "geometries": [ { "type": "Point", "coordinates": [ 13.255498409271242, 52.537500800388621 ] }, { "type": "LineString", "coordinates": [ [ 13.247838020324709, 52.538192317321567 ], [ 13.264853954315187, 52.536730985708765 ] ] } ] } },
{ "type": "Feature", "properties": { "id": "489/2025", "lms_id": "LMS-BR/r_LMS-BR/389790_LMS-BR/72", "tstore": "2026-06-02 12:33:54.778000+00:00", "object_state": "modified", "event_type": "Baustelle", "icon": "baustelle", "severity": "keine Sperrung", "direction": "Beidseitig", "street": "Lietzenburger Straße (Charlottenburg)", "section": "in beiden Richtungen zwischen Joachimsthaler Straße und Meineckestraße", "total_lanes": null, "closed_lanes": null, "content": "Leitungsbauarbeiten, Fahrbahn jeweils auf zwei Fahrstreifen verengt und verschwenkt", "is_future": null, "geometry_type": "GeometryCollection", "start_time": "2025-11-12T07:00:00", "end_time": "2026-11-30T17:00:00", "duration_hours": 9202.0, "duration_days": 383.41666666666669, "event_status": "Active", "closure_ratio": null, "closure_category": "No closure", "district_code": "004", "district_name": "Charlottenburg-Wilmersdorf", "map_longitude": 13.329720497131349, "map_latitude": 52.50041901478194, "start_date": "2025-11-12T00:00:00", "end_date": "2026-11-30T00:00:00", "start_year": 2025, "start_month": 11, "start_month_name": "November", "is_full_closure": false, "is_directional_closure": false, "is_active": true, "is_future_event": false }, "geometry": { "type": "GeometryCollection", "geometries": [ { "type": "Point", "coordinates": [ 13.329720497131349, 52.50041901478194 ] }, { "type": "LineString", "coordinates": [ [ 13.328851461410524, 52.500353721687489 ], [ 13.330782651901245, 52.500490837073819 ] ] } ] } },
{ "type": "Feature", "properties": { "id": "515/2025", "lms_id": "LMS-BR/r_LMS-BR/390463_LMS-BR/72", "tstore": "2026-04-13 17:37:43.470000+00:00", "object_state": "modified", "event_type": "Baustelle", "icon": "baustelle", "severity": "keine Sperrung", "direction": "Beidseitig", "street": "Hindenburgdamm (Lichterfelde)", "section": "in beiden Richtungen zwischen Moltkestraße und Augustastraße", "total_lanes": null, "closed_lanes": null, "content": "Fernwärmearbeiten, Fahrbahn jeweils auf einen Fahrstreifen verengt und verschwenkt", "is_future": null, "geometry_type": "GeometryCollection", "start_time": "2025-11-18T07:00:00", "end_time": "2026-09-26T17:00:00", "duration_hours": 7498.0, "duration_days": 312.41666666666669, "event_status": "Active", "closure_ratio": null, "closure_category": "No closure", "district_code": "006", "district_name": "Steglitz-Zehlendorf", "map_longitude": 13.315837383270265, "map_latitude": 52.441490949878975, "start_date": "2025-11-18T00:00:00", "end_date": "2026-09-26T00:00:00", "start_year": 2025, "start_month": 11, "start_month_name": "November", "is_full_closure": false, "is_directional_closure": false, "is_active": true, "is_future_event": false }, "geometry": { "type": "GeometryCollection", "geometries": [ { "type": "Point", "coordinates": [ 13.315837383270265, 52.441490949878975 ] }, { "type": "LineString", "coordinates": [ [ 13.315794467926027, 52.442994676370652 ], [ 13.315837383270265, 52.441621710741828 ], [ 13.316287994384767, 52.440484078235869 ] ] } ] } },
{ "type": "Feature", "properties": { "id": "532/2025", "lms_id": "LMS-BR/r_LMS-BR/390678_LMS-BR/72", "tstore": "2026-07-17 09:28:17.706000+00:00", "object_state": "modified", "event_type": "Baustelle", "icon": "baustelle", "severity": "keine Sperrung", "direction": "Einseitig", "street": "Sonnenallee (Neukölln)", "section": "Richtung Hermannplatz zwischen Saalestraße und Mareschstraße", "total_lanes": 2.0, "closed_lanes": 1.0, "content": "Baustelle, Fahrbahn auf einen Fahrstreifen verengt", "is_future": null, "geometry_type": "GeometryCollection", "start_time": "2026-07-08T09:00:00", "end_time": "2026-08-10T17:00:00", "duration_hours": 800.0, "duration_days": 33.333333333333336, "event_status": "Active", "closure_ratio": 0.5, "closure_category": "No closure", "district_code": "008", "district_name": "Neukölln", "map_longitude": 13.455903683952487, "map_latitude": 52.473964466701865, "start_date": "2026-07-08T00:00:00", "end_date": "2026-08-10T00:00:00", "start_year": 2026, "start_month": 7, "start_month_name": "July", "is_full_closure": false, "is_directional_closure": false, "is_active": true, "is_future_event": false }, "geometry": { "type": "GeometryCollection", "geometries": [ { "type": "Point", "coordinates": [ 13.455903683952487, 52.473964466701865 ] }, { "type": "LineString", "coordinates": [ [ 13.455903683952487, 52.473964466701865 ], [ 13.453113811506906, 52.475350188833787 ] ] } ] } },
{ "type": "Feature", "properties": { "id": "534/2025", "lms_id": "LMS-BR/r_LMS-BR/336421_LMS-BR/72", "tstore": "2026-06-29 11:37:50.268000+00:00", "object_state": "modified", "event_type": "Baustelle", "icon": "baustelle", "severity": "keine Sperrung", "direction": "Beidseitig", "street": "Roedernallee (Reinickendorf)", "section": "in beiden Richtungen zwischen Alt-Wittenau und Am Nordgraben", "total_lanes": 4.0, "closed_lanes": 2.0, "content": "Hausneubau, Fahrbahn auf jeweils einen Fahrstreifen verengt, Zufahrt Alt-Wittenau Richtung Roedernallee gesperrt", "is_future": null, "geometry_type": "GeometryCollection", "start_time": "2025-11-20T08:00:00", "end_time": "2026-08-31T17:00:00", "duration_hours": 6825.0, "duration_days": 284.375, "event_status": "Active", "closure_ratio": 0.5, "closure_category": "No closure", "district_code": "012", "district_name": "Reinickendorf", "map_longitude": 13.339065834109622, "map_latitude": 52.589189295751645, "start_date": "2025-11-20T00:00:00", "end_date": "2026-08-31T00:00:00", "start_year": 2025, "start_month": 11, "start_month_name": "November", "is_full_closure": false, "is_directional_closure": false, "is_active": true, "is_future_event": false }, "geometry": { "type": "GeometryCollection", "geometries": [ { "type": "Point", "coordinates": [ 13.339065834109622, 52.589189295751645 ] }, { "type": "LineString", "coordinates": [ [ 13.339580887484171, 52.588511272940039 ], [ 13.338797577143703, 52.589544601593794 ] ] } ] } },
{ "type": "Feature", "properties": { "id": "543/2025", "lms_id": "LMS-BR/r_LMS-BR/391216_LMS-BR/72", "tstore": "2026-04-13 17:41:04.716000+00:00", "object_state": "modified", "event_type": "Sperrung", "icon": "sperrung", "severity": "Fahrtrichtungssperrung", "direction": "Einseitig", "street": "Ida-von-Arnim-Straße (Mitte)", "section": "Richtung Scharnhorststraße", "total_lanes": null, "closed_lanes": null, "content": "Neubau Regenüberlaufbecken, Fahrtrichtung für Kfz-Verkehr gesperrt", "is_future": null, "geometry_type": "GeometryCollection", "start_time": "2023-08-24T12:00:00", "end_time": "2026-08-31T17:00:00", "duration_hours": 26477.0, "duration_days": 1103.2083333333333, "event_status": "Active", "closure_ratio": null, "closure_category": "Directional closure", "district_code": "001", "district_name": "Mitte", "map_longitude": 13.374298810958864, "map_latitude": 52.535385009748666, "start_date": "2023-08-24T00:00:00", "end_date": "2026-08-31T00:00:00", "start_year": 2023, "start_month": 8, "start_month_name": "August", "is_full_closure": false, "is_directional_closure": true, "is_active": true, "is_future_event": false }, "geometry": { "type": "GeometryCollection", "geometries": [ { "type": "Point", "coordinates": [ 13.374298810958864, 52.535385009748666 ] }, { "type": "LineString", "coordinates": [ [ 13.37515711784363, 52.535698165931372 ], [ 13.373376131057741, 52.535091423798953 ] ] } ] } },
{ "type": "Feature", "properties": { "id": "549/2025", "lms_id": "LMS-BR/r_LMS-BR/358946_LMS-BR/72", "tstore": "2026-06-29 13:23:47.048000+00:00", "object_state": "modified", "event_type": "Baustelle", "icon": "baustelle", "severity": "keine Sperrung", "direction": "Einseitig", "street": "Märkische Allee (Marzahn)", "section": "Richtung Ahrensfelde Höhe Landsberger Allee", "total_lanes": 3.0, "closed_lanes": 2.0, "content": "Fahrbahn auf einen Fahrstreifen verengt und verschwenkt, Überfahrt von/zur Landsberger Allee gesperrt. Im Anschluss folgen weitere Arbeiten", "is_future": null, "geometry_type": "GeometryCollection", "start_time": "2025-11-25T08:00:00", "end_time": "2026-12-31T17:00:00", "duration_hours": 9633.0, "duration_days": 401.375, "event_status": "Active", "closure_ratio": 0.66666666666666663, "closure_category": "No closure", "district_code": "010", "district_name": "Marzahn-Hellersdorf", "map_longitude": 13.53889646223301, "map_latitude": 52.538629390042551, "start_date": "2025-11-25T00:00:00", "end_date": "2026-12-31T00:00:00", "start_year": 2025, "start_month": 11, "start_month_name": "November", "is_full_closure": false, "is_directional_closure": false, "is_active": true, "is_future_event": false }, "geometry": { "type": "GeometryCollection", "geometries": [ { "type": "Point", "coordinates": [ 13.53889646223301, 52.538629390042551 ] }, { "type": "LineString", "coordinates": [ [ 13.540183685760978, 52.539587871004244 ], [ 13.540516157332572, 52.539561775191181 ], [ 13.540709205341869, 52.539411723965159 ], [ 13.540805729346538, 52.539229052215163 ], [ 13.540816454235953, 52.539052903736454 ], [ 13.540741380010079, 52.538850658315198 ], [ 13.540591231558407, 52.538759321367948 ], [ 13.540312384433856, 52.538687556490366 ], [ 13.540012087530473, 52.538687556490366 ], [ 13.539690340848257, 52.538687556490366 ], [ 13.539454393281332, 52.538739749140234 ], [ 13.53927207016141, 52.538863706434981 ], [ 13.539239895493198, 52.53900071145884 ], [ 13.539239895493198, 52.539144240072915 ] ] }, { "type": "LineString", "coordinates": [ [ 13.540376733770277, 52.540860023079816 ], [ 13.540880803572374, 52.541147067681436 ], [ 13.54111675113934, 52.541192733695006 ], [ 13.541417048042723, 52.541192733695006 ], [ 13.541642270720232, 52.541094877893464 ], [ 13.541770969393111, 52.541029640571253 ], [ 13.541803144061319, 52.540905689391977 ], [ 13.54182459384015, 52.540723023858305 ], [ 13.541792419171943, 52.54060559561384 ], [ 13.541642270720232, 52.540520786130841 ], [ 13.541427772932099, 52.540449024132634 ], [ 13.541213275143965, 52.54036421434715 ] ] }, { "type": "LineString", "coordinates": [ [ 13.538864287564802, 52.53859676956165 ], [ 13.540719693432106, 52.54145423175472 ] ] } ] } },
{ "type": "Feature", "properties": { "id": "555/2025", "lms_id": "LMS-BR/r_LMS-BR/391369_LMS-BR/72", "tstore": "2026-07-10 10:43:50.196000+00:00", "object_state": "modified", "event_type": "Baustelle", "icon": "baustelle", "severity": "keine Sperrung", "direction": "Einseitig", "street": "Paulsternstraße (Haselhorst)", "section": "Richtung Nonnendammallee hinter Gartenfelder Straße", "total_lanes": 2.0, "closed_lanes": 1.0, "content": "Stromnetzarbeiten, Fahrbahn auf einen Fahrstreifen verengt. Im Anschluss folgen weitere Arbeiten", "is_future": null, "geometry_type": "GeometryCollection", "start_time": "2025-11-26T07:00:00", "end_time": "2026-08-07T17:00:00", "duration_hours": 6106.0, "duration_days": 254.41666666666666, "event_status": "Active", "closure_ratio": 0.5, "closure_category": "No closure", "district_code": "005", "district_name": "Spandau", "map_longitude": 13.246924639752255, "map_latitude": 52.543539145254648, "start_date": "2025-11-26T00:00:00", "end_date": "2026-08-07T00:00:00", "start_year": 2025, "start_month": 11, "start_month_name": "November", "is_full_closure": false, "is_directional_closure": false, "is_active": true, "is_future_event": false }, "geometry": { "type": "GeometryCollection", "geometries": [ { "type": "Point", "coordinates": [ 13.246924639752255, 52.543539145254648 ] }, { "type": "LineString", "coordinates": [ [ 13.247008682083107, 52.544043537876348 ], [ 13.246894956682812, 52.543697930138919 ], [ 13.246961296827068, 52.543386880968043 ] ] } ] } },
{ "type": "Feature", "properties": { "id": "560/2025", "lms_id": "LMS-BR/r_LMS-BR/391439_LMS-BR/72", "tstore": "2026-05-28 11:24:25.681000+00:00", "object_state": "modified", "event_type": "Sperrung", "icon": "sperrung", "severity": "Fahrtrichtungssperrung", "direction": "Einseitig", "street": "Eichborndamm (Wittenau)", "section": "stadteinwärts Ri. A111 zwischen Am Nordgraben und Im Hufenschlag", "total_lanes": null, "closed_lanes": null, "content": "Stromleitungsbau, Fahrtrichtung für Kfz-Verkehr gesperrt", "is_future": null, "geometry_type": "GeometryCollection", "start_time": "2025-11-25T12:00:00", "end_time": "2026-07-31T17:00:00", "duration_hours": 5957.0, "duration_days": 248.20833333333334, "event_status": "Active", "closure_ratio": null, "closure_category": "Directional closure", "district_code": "012", "district_name": "Reinickendorf", "map_longitude": 13.31997871398926, "map_latitude": 52.583100419809483, "start_date": "2025-11-25T00:00:00", "end_date": "2026-07-31T00:00:00", "start_year": 2025, "start_month": 11, "start_month_name": "November", "is_full_closure": false, "is_directional_closure": true, "is_active": true, "is_future_event": false }, "geometry": { "type": "GeometryCollection", "geometries": [ { "type": "Point", "coordinates": [ 13.31997871398926, 52.583100419809483 ] }, { "type": "LineString", "coordinates": [ [ 13.323755264282228, 52.58737537537742 ], [ 13.317360877990724, 52.579972139367811 ] ] } ] } },
{ "type": "Feature", "properties": { "id": "576/2025", "lms_id": "LMS-BR/r_LMS-BR/347688_LMS-BR/72", "tstore": "2026-04-13 17:52:37.121000+00:00", "object_state": "modified", "event_type": "Baustelle", "icon": "baustelle", "severity": "keine Sperrung", "direction": "Beidseitig", "street": "Wollankstraße (Pankow)", "section": "in beiden Richtungen zwischen Schulzestraße und Kattegatstraße", "total_lanes": null, "closed_lanes": null, "content": "Sanierung der S-Bahnbrücke, eine Baustellenampel regelt den Verkehr. Das Abbiegen in die Kattegatstraße ist nicht möglich. Die Einfahrt von der Nordbahnstraße auf die Wollankstraße ist nicht möglich (jeweils Einbahnstraßenregelung)", "is_future": null, "geometry_type": "GeometryCollection", "start_time": "2025-12-01T12:00:00", "end_time": "2026-12-31T17:00:00", "duration_hours": 9485.0, "duration_days": 395.20833333333331, "event_status": "Active", "closure_ratio": null, "closure_category": "No closure", "district_code": "003", "district_name": "Pankow", "map_longitude": 13.393356800515907, "map_latitude": 52.564569131025813, "start_date": "2025-12-01T00:00:00", "end_date": "2026-12-31T00:00:00", "start_year": 2025, "start_month": 12, "start_month_name": "December", "is_full_closure": false, "is_directional_closure": false, "is_active": true, "is_future_event": false }, "geometry": { "type": "GeometryCollection", "geometries": [ { "type": "Point", "coordinates": [ 13.393356800515907, 52.564569131025813 ] }, { "type": "LineString", "coordinates": [ [ 13.394258559710581, 52.565024736704942 ], [ 13.392090082779761, 52.563859906695178 ] ] } ] } },
{ "type": "Feature", "properties": { "id": "591/2025", "lms_id": "LMS-BR/r_LMS-BR/392071_LMS-BR/72", "tstore": "2026-04-13 17:53:49.996000+00:00", "object_state": "modified", "event_type": "Sperrung", "icon": "sperrung", "severity": "Vollsperrung", "direction": "Beidseitig", "street": "Kietzer Straße - Kirchstraße (Alt-Köpenick)", "section": "in beiden Richtungen zwischen Grünstraße und Alt-Köpenick", "total_lanes": null, "closed_lanes": null, "content": "Gleis- und Leitungsarbeiten, Vollsperrung für den Kfz- und Radverkehr", "is_future": null, "geometry_type": "GeometryCollection", "start_time": "2025-12-01T07:00:00", "end_time": "2026-08-24T17:00:00", "duration_hours": 6394.0, "duration_days": 266.41666666666669, "event_status": "Active", "closure_ratio": null, "closure_category": "Full closure", "district_code": "009", "district_name": "Treptow-Köpenick", "map_longitude": 13.57694916776228, "map_latitude": 52.445475788111722, "start_date": "2025-12-01T00:00:00", "end_date": "2026-08-24T00:00:00", "start_year": 2025, "start_month": 12, "start_month_name": "December", "is_full_closure": true, "is_directional_closure": false, "is_active": true, "is_future_event": false }, "geometry": { "type": "GeometryCollection", "geometries": [ { "type": "Point", "coordinates": [ 13.57694916776228, 52.445475788111722 ] }, { "type": "LineString", "coordinates": [ [ 13.57715703236401, 52.445171244783261 ], [ 13.576815597861462, 52.445653151298764 ], [ 13.576635895560619, 52.445748071615277 ], [ 13.576072828307677, 52.446266479157678 ], [ 13.576042878360754, 52.446788531223461 ], [ 13.575988967408572, 52.446887099809317 ], [ 13.575899116258171, 52.446967414782868 ] ] } ] } },
{ "type": "Feature", "properties": { "id": "593/2025", "lms_id": "LMS-BR/r_LMS-BR/392300_LMS-BR/72", "tstore": "2026-06-29 11:14:34.420000+00:00", "object_state": "modified", "event_type": "Baustelle", "icon": "baustelle", "severity": "keine Sperrung", "direction": "Einseitig", "street": "Teltower Damm (Zehlendorf)", "section": "Richtung B1/Berliner Straße zwischen Beeskowdamm und Am Rehwechsel", "total_lanes": 2.0, "closed_lanes": 1.0, "content": "Stromleitungsarbeiten, Fahrbahn abschnittsweise verengt und verschwenkt. Im Anschluss folgen weitere Arbeiten", "is_future": null, "geometry_type": "GeometryCollection", "start_time": "2025-12-05T07:00:00", "end_time": "2026-08-21T17:00:00", "duration_hours": 6226.0, "duration_days": 259.41666666666669, "event_status": "Active", "closure_ratio": 0.5, "closure_category": "No closure", "district_code": "006", "district_name": "Steglitz-Zehlendorf", "map_longitude": 13.26707675169167, "map_latitude": 52.410889331730125, "start_date": "2025-12-05T00:00:00", "end_date": "2026-08-21T00:00:00", "start_year": 2025, "start_month": 12, "start_month_name": "December", "is_full_closure": false, "is_directional_closure": false, "is_active": true, "is_future_event": false }, "geometry": { "type": "GeometryCollection", "geometries": [ { "type": "Point", "coordinates": [ 13.26707675169167, 52.410889331730125 ] }, { "type": "LineString", "coordinates": [ [ 13.267390077093893, 52.409047833716755 ], [ 13.266934753482836, 52.41209431108085 ] ] } ] } },
{ "type": "Feature", "properties": { "id": "610/2025", "lms_id": "LMS-BR/r_LMS-BR/393502_LMS-BR/72", "tstore": "2026-04-13 17:58:47.191000+00:00", "object_state": "modified", "event_type": "Baustelle", "icon": "baustelle", "severity": "keine Sperrung", "direction": "Einseitig", "street": "Clayallee (Zehlendorf)", "section": "Richtung B1/Potsdamer Straße zwischen Scharfestraße und Potsdamer Straße", "total_lanes": null, "closed_lanes": null, "content": "Baustelle, Fahrbahn auf einen Fahrstreifen verengt", "is_future": null, "geometry_type": "GeometryCollection", "start_time": "2025-12-17T07:00:00", "end_time": "2027-01-15T17:00:00", "duration_hours": 9466.0, "duration_days": 394.41666666666669, "event_status": "Active", "closure_ratio": null, "closure_category": "No closure", "district_code": "006", "district_name": "Steglitz-Zehlendorf", "map_longitude": 13.261619747208901, "map_latitude": 52.437237922847643, "start_date": "2025-12-17T00:00:00", "end_date": "2027-01-15T00:00:00", "start_year": 2025, "start_month": 12, "start_month_name": "December", "is_full_closure": false, "is_directional_closure": false, "is_active": true, "is_future_event": false }, "geometry": { "type": "GeometryCollection", "geometries": [ { "type": "Point", "coordinates": [ 13.261619747208901, 52.437237922847643 ] }, { "type": "LineString", "coordinates": [ [ 13.261796057922767, 52.437558524341568 ], [ 13.261394710134484, 52.436853949921556 ] ] } ] } },
{ "type": "Feature", "properties": { "id": "613/2025", "lms_id": "AdbNO/r_AdbNO/8343_AdB-NO", "tstore": "2026-06-11 12:33:33.444000+00:00", "object_state": "modified", "event_type": "Sperrung", "icon": "sperrung", "severity": "Vollsperrung", "direction": "Einseitig", "street": "A111 (Reinickendorf-Zubringer)", "section": "Richtung Dreieck Charlottenburg Einfahrt Antonienstraße", "total_lanes": null, "closed_lanes": null, "content": "BVG Bauarbeiten, Einfahrt gesperrt", "is_future": null, "geometry_type": "GeometryCollection", "start_time": "2023-03-20T12:00:00", "end_time": "2026-12-31T17:00:00", "duration_hours": 33173.0, "duration_days": 1382.2083333333333, "event_status": "Active", "closure_ratio": null, "closure_category": "Full closure", "district_code": "012", "district_name": "Reinickendorf", "map_longitude": 13.31021266381263, "map_latitude": 52.567169627116598, "start_date": "2023-03-20T00:00:00", "end_date": "2026-12-31T00:00:00", "start_year": 2023, "start_month": 3, "start_month_name": "March", "is_full_closure": true, "is_directional_closure": false, "is_active": true, "is_future_event": false }, "geometry": { "type": "GeometryCollection", "geometries": [ { "type": "Point", "coordinates": [ 13.31021266381263, 52.567169627116598 ] }, { "type": "LineString", "coordinates": [ [ 13.31021266381263, 52.567169627116598 ], [ 13.309998166024496, 52.566569796647308 ], [ 13.309912366909243, 52.565787396749968 ], [ 13.309998166024496, 52.564652892107532 ] ] } ] } },
{ "type": "Feature", "properties": { "id": "614/2025", "lms_id": "LMS-BR/r_LMS-BR/416688_LMS-BR/72", "tstore": "2026-07-22 14:06:19.255000+00:00", "object_state": "modified", "event_type": "Sperrung", "icon": "sperrung", "severity": "Vollsperrung", "direction": "Beidseitig", "street": "Straße des 17. Juni, Y.-Rabin-Staße und Ebertstraße (Tiergarten)", "section": "in beiden Richtungen zwischen Großer Stern und Behrenstraße bzw. Dorotheenstraße", "total_lanes": 6.0, "closed_lanes": 6.0, "content": "Veranstaltung, Vollsperrung", "is_future": null, "geometry_type": "GeometryCollection", "start_time": "2026-07-22T06:00:00", "end_time": "2026-07-27T12:00:00", "duration_hours": 126.0, "duration_days": 5.25, "event_status": "Active", "closure_ratio": 1.0, "closure_category": "Full closure", "district_code": "001", "district_name": "Mitte", "map_longitude": 13.376065849734008, "map_latitude": 52.516179846993971, "start_date": "2026-07-22T00:00:00", "end_date": "2026-07-27T00:00:00", "start_year": 2026, "start_month": 7, "start_month_name": "July", "is_full_closure": true, "is_directional_closure": false, "is_active": true, "is_future_event": false }, "geometry": { "type": "GeometryCollection", "geometries": [ { "type": "Point", "coordinates": [ 13.376065849734008, 52.516179846993971 ] }, { "type": "LineString", "coordinates": [ [ 13.351349830627443, 52.514706134978873 ], [ 13.354439735412599, 52.514732251437678 ], [ 13.376815973751947, 52.516224772702678 ] ] }, { "type": "LineString", "coordinates": [ [ 13.376926736762949, 52.517709205744652 ], [ 13.377227033666335, 52.517030371482988 ], [ 13.377248483445127, 52.516736641868896 ], [ 13.376926736762949, 52.516501656763829 ], [ 13.376798038090072, 52.516358054136489 ], [ 13.376798038090072, 52.516227505886214 ], [ 13.376980361209993, 52.516031682783513 ], [ 13.3772055838875, 52.515875023672962 ], [ 13.377377182118007, 52.515757528973523 ], [ 13.37749515590151, 52.515529066158535 ], [ 13.377387907007423, 52.514667424282528 ] ] }, { "type": "LineString", "coordinates": [ [ 13.369975090026857, 52.51585524448182 ], [ 13.37066173553467, 52.517631081878122 ] ] } ] } },
{ "type": "Feature", "properties": { "id": "619/2025", "lms_id": "LMS-BR/r_LMS-BR/395248_LMS-BR/72", "tstore": "2026-04-13 18:00:09.425000+00:00", "object_state": "modified", "event_type": "Baustelle", "icon": "baustelle", "severity": "keine Sperrung", "direction": null, "street": "Kantstraße (Charlottenburg)", "section": "Richtung Breitscheidplatz zwischen Leibnizstraße und Wielandstraße", "total_lanes": null, "closed_lanes": null, "content": "Hochbauarbeiten, rechter Fahrstreifen gesperrt", "is_future": null, "geometry_type": "GeometryCollection", "start_time": "2026-01-05T07:00:00", "end_time": "2026-12-31T17:00:00", "duration_hours": 8650.0, "duration_days": 360.41666666666669, "event_status": "Active", "closure_ratio": null, "closure_category": "No closure", "district_code": "004", "district_name": "Charlottenburg-Wilmersdorf", "map_longitude": 13.314228804106074, "map_latitude": 52.506198414367546, "start_date": "2026-01-05T00:00:00", "end_date": "2026-12-31T00:00:00", "start_year": 2026, "start_month": 1, "start_month_name": "January", "is_full_closure": false, "is_directional_closure": false, "is_active": true, "is_future_event": false }, "geometry": { "type": "GeometryCollection", "geometries": [ { "type": "Point", "coordinates": [ 13.314228804106074, 52.506198414367546 ] }, { "type": "LineString", "coordinates": [ [ 13.314228804106074, 52.506198414367546 ], [ 13.315429991719572, 52.506139654120247 ] ] } ] } },
{ "type": "Feature", "properties": { "id": "620/2025", "lms_id": "LMS-BR/r_LMS-BR/395249_LMS-BR/72", "tstore": "2026-06-04 11:50:22.105000+00:00", "object_state": "modified", "event_type": "Baustelle", "icon": "baustelle", "severity": "keine Sperrung", "direction": "Einseitig", "street": "Mehringdamm (Kreuzberg)", "section": "stadteinwärts zwischen Blücherstraße und Gneisenaustraße", "total_lanes": null, "closed_lanes": null, "content": "Fassadenarbeiten, rechter Fahrstreifen gesperrt", "is_future": null, "geometry_type": "GeometryCollection", "start_time": "2026-01-05T07:00:00", "end_time": "2026-08-30T17:00:00", "duration_hours": 5698.0, "duration_days": 237.41666666666666, "event_status": "Active", "closure_ratio": null, "closure_category": "No closure", "district_code": "002", "district_name": "Friedrichshain-Kreuzberg", "map_longitude": 13.388370394204687, "map_latitude": 52.493764613038955, "start_date": "2026-01-05T00:00:00", "end_date": "2026-08-30T00:00:00", "start_year": 2026, "start_month": 1, "start_month_name": "January", "is_full_closure": false, "is_directional_closure": false, "is_active": true, "is_future_event": false }, "geometry": { "type": "GeometryCollection", "geometries": [ { "type": "Point", "coordinates": [ 13.388370394204687, 52.493764613038955 ] }, { "type": "LineString", "coordinates": [ [ 13.388065963481496, 52.493303753452231 ], [ 13.388664989943209, 52.49417169173995 ] ] } ] } },
{ "type": "Feature", "properties": { "id": "5/2026", "lms_id": "LMS-BR/r_LMS-BR/395333_LMS-BR/72", "tstore": "2026-06-05 11:58:33.583000+00:00", "object_state": "modified", "event_type": "Baustelle", "icon": "baustelle", "severity": "keine Sperrung", "direction": "Beidseitig", "street": "Fürstenwalder Damm (Friedrichshagen)", "section": "in beiden Richtungen zwischen Bölschestraße und Wasserwerk Friedrichshagen", "total_lanes": null, "closed_lanes": null, "content": "Leitungsarbeiten als Wanderbaustelle, Fahrbahnverengung", "is_future": null, "geometry_type": "GeometryCollection", "start_time": "2026-01-06T07:00:00", "end_time": "2026-07-31T17:00:00", "duration_hours": 4954.0, "duration_days": 206.41666666666666, "event_status": "Active", "closure_ratio": null, "closure_category": "No closure", "district_code": "009", "district_name": "Treptow-Köpenick", "map_longitude": 13.63347959413659, "map_latitude": 52.456682887874642, "start_date": "2026-01-06T00:00:00", "end_date": "2026-07-31T00:00:00", "start_year": 2026, "start_month": 1, "start_month_name": "January", "is_full_closure": false, "is_directional_closure": false, "is_active": true, "is_future_event": false }, "geometry": { "type": "GeometryCollection", "geometries": [ { "type": "Point", "coordinates": [ 13.63347959413659, 52.456682887874642 ] }, { "type": "LineString", "coordinates": [ [ 13.625827073701659, 52.456992308256062 ], [ 13.632536171644464, 52.456787916800927 ], [ 13.638143059797587, 52.456437527873987 ], [ 13.64312696561683, 52.456028738864646 ] ] } ] } },
{ "type": "Feature", "properties": { "id": "7/2026", "lms_id": "LMS-BR/r_LMS-BR/374530_LMS-BR/72", "tstore": "2026-07-06 10:36:57.414000+00:00", "object_state": "modified", "event_type": "Sperrung", "icon": "sperrung", "severity": "Vollsperrung", "direction": "Beidseitig", "street": "Mühlenstraße (Pankow)", "section": "in beiden Richtungen zwischen Florastraße und Dolomitenstraße", "total_lanes": 2.0, "closed_lanes": 2.0, "content": "Leitungsarbeiten, Vollsperrung für den Kfz-Verkehr. Anschluss folgen weitere Arbeiten", "is_future": null, "geometry_type": "GeometryCollection", "start_time": "2026-01-27T07:00:00", "end_time": "2026-08-07T17:00:00", "duration_hours": 4618.0, "duration_days": 192.41666666666666, "event_status": "Active", "closure_ratio": 1.0, "closure_category": "Full closure", "district_code": "003", "district_name": "Pankow", "map_longitude": 13.407486855721801, "map_latitude": 52.564246694682538, "start_date": "2026-01-27T00:00:00", "end_date": "2026-08-07T00:00:00", "start_year": 2026, "start_month": 1, "start_month_name": "January", "is_full_closure": true, "is_directional_closure": false, "is_active": true, "is_future_event": false }, "geometry": { "type": "GeometryCollection", "geometries": [ { "type": "Point", "coordinates": [ 13.407486855721801, 52.564246694682538 ] }, { "type": "LineString", "coordinates": [ [ 13.407781362402604, 52.564013400981388 ], [ 13.407691508400605, 52.564068002891169 ], [ 13.407254218946038, 52.564490255437732 ] ] } ] } },
{ "type": "Feature", "properties": { "id": "20/2026", "lms_id": "LMS-BR/r_LMS-BR/395937_LMS-BR/72", "tstore": "2026-04-13 18:06:28.183000+00:00", "object_state": "modified", "event_type": "Baustelle", "icon": "baustelle", "severity": "keine Sperrung", "direction": "Einseitig", "street": "Bornholmer Straße (Prenzlauer Berg)", "section": "Richtung Osloer Straße zwischen Schönhauser Allee und Gotlandstraße", "total_lanes": null, "closed_lanes": null, "content": "Hochbauarbeiten, Fahrbahn auf einen Fahrstreifen verengt", "is_future": null, "geometry_type": "GeometryCollection", "start_time": "2026-01-13T07:00:00", "end_time": "2027-08-27T17:00:00", "duration_hours": 14194.0, "duration_days": 591.41666666666663, "event_status": "Active", "closure_ratio": null, "closure_category": "No closure", "district_code": "003", "district_name": "Pankow", "map_longitude": 13.412547111511232, "map_latitude": 52.554001515933507, "start_date": "2026-01-13T00:00:00", "end_date": "2027-08-27T00:00:00", "start_year": 2026, "start_month": 1, "start_month_name": "January", "is_full_closure": false, "is_directional_closure": false, "is_active": true, "is_future_event": false }, "geometry": { "type": "GeometryCollection", "geometries": [ { "type": "Point", "coordinates": [ 13.412547111511232, 52.554001515933507 ] }, { "type": "LineString", "coordinates": [ [ 13.414363503979986, 52.553918284930532 ], [ 13.411074936302613, 52.554085290126871 ] ] } ] } },
{ "type": "Feature", "properties": { "id": "21/2026", "lms_id": "LMS-BR/r_LMS-BR/396180_LMS-BR/72", "tstore": "2026-07-07 18:53:44.456000+00:00", "object_state": "modified", "event_type": "Baustelle", "icon": "baustelle", "severity": "keine Sperrung", "direction": "Beidseitig", "street": "Alfred-Kowalke-Straße (Friedrichsfelde)", "section": "in beiden Richtungen zwischen Einbecker Straße und Kurze Straße", "total_lanes": null, "closed_lanes": null, "content": "Leitungsarbeiten, eine Baustellenampel regelt den Verkehr", "is_future": null, "geometry_type": "GeometryCollection", "start_time": "2026-01-15T09:00:00", "end_time": "2026-07-29T17:00:00", "duration_hours": 4688.0, "duration_days": 195.33333333333334, "event_status": "Active", "closure_ratio": null, "closure_category": "No closure", "district_code": "011", "district_name": "Lichtenberg", "map_longitude": 13.514870792605508, "map_latitude": 52.505572398201259, "start_date": "2026-01-15T00:00:00", "end_date": "2026-07-29T00:00:00", "start_year": 2026, "start_month": 1, "start_month_name": "January", "is_full_closure": false, "is_directional_closure": false, "is_active": true, "is_future_event": false }, "geometry": { "type": "GeometryCollection", "geometries": [ { "type": "Point", "coordinates": [ 13.514870792605508, 52.505572398201259 ] }, { "type": "LineString", "coordinates": [ [ 13.515265703354089, 52.505610262450098 ], [ 13.514498949116389, 52.50555923278425 ] ] } ] } },
{ "type": "Feature", "properties": { "id": "46/2026", "lms_id": "LMS-BR/r_LMS-BR/397841_LMS-BR/72", "tstore": "2026-04-13 18:15:11.568000+00:00", "object_state": "modified", "event_type": "Baustelle", "icon": "baustelle", "severity": "keine Sperrung", "direction": "Einseitig", "street": "Michael-Brückner-Straße (Niederschöneweide)", "section": "stadteinwärts in Höhe Sterndamm", "total_lanes": null, "closed_lanes": null, "content": "Dachausbau, rechter Fahrstreifen gesperrt", "is_future": null, "geometry_type": "GeometryCollection", "start_time": "2026-02-02T08:00:00", "end_time": "2026-08-28T17:00:00", "duration_hours": 4977.0, "duration_days": 207.375, "event_status": "Active", "closure_ratio": null, "closure_category": "No closure", "district_code": "009", "district_name": "Treptow-Köpenick", "map_longitude": 13.511746523338532, "map_latitude": 52.455246827326746, "start_date": "2026-02-02T00:00:00", "end_date": "2026-08-28T00:00:00", "start_year": 2026, "start_month": 2, "start_month_name": "February", "is_full_closure": false, "is_directional_closure": false, "is_active": true, "is_future_event": false }, "geometry": { "type": "GeometryCollection", "geometries": [ { "type": "Point", "coordinates": [ 13.511746523338532, 52.455246827326746 ] }, { "type": "LineString", "coordinates": [ [ 13.511751888477866, 52.455243557672645 ], [ 13.511274391078524, 52.45556725225228 ] ] } ] } },
{ "type": "Feature", "properties": { "id": "53/2026", "lms_id": null, "tstore": "2026-02-03 09:57:44.996000+00:00", "object_state": "new", "event_type": "Sperrung", "icon": "sperrung", "severity": "Fahrtrichtungssperrung", "direction": "Einseitig", "street": "Altdorfer Straße (Lichterfelde)", "section": "Richtung Goerzallee zwischen Carstennstraße und Theklastraße", "total_lanes": null, "closed_lanes": null, "content": "Fahrtrichtung gesperrt, Umleitungstrecke", "is_future": null, "geometry_type": "GeometryCollection", "start_time": "2025-09-08T12:00:00", "end_time": "2026-09-04T17:00:00", "duration_hours": 8669.0, "duration_days": 361.20833333333331, "event_status": "Active", "closure_ratio": null, "closure_category": "Directional closure", "district_code": "006", "district_name": "Steglitz-Zehlendorf", "map_longitude": 13.289313443700005, "map_latitude": 52.429488916619277, "start_date": "2025-09-08T00:00:00", "end_date": "2026-09-04T00:00:00", "start_year": 2025, "start_month": 9, "start_month_name": "September", "is_full_closure": false, "is_directional_closure": true, "is_active": true, "is_future_event": false }, "geometry": { "type": "GeometryCollection", "geometries": [ { "type": "Point", "coordinates": [ 13.289313443700005, 52.429488916619277 ] }, { "type": "LineString", "coordinates": [ [ 13.289227644584752, 52.429501997218047 ], [ 13.303084201697876, 52.429057254682007 ] ] } ] } },
{ "type": "Feature", "properties": { "id": "56/2026", "lms_id": null, "tstore": "2026-02-03 13:21:05.199000+00:00", "object_state": "new", "event_type": "Sperrung", "icon": "sperrung", "severity": "Fahrtrichtungssperrung", "direction": "Einseitig", "street": "A115", "section": "Richtung Dreieck Nuthetal, Einfahrt Spanische Allee", "total_lanes": null, "closed_lanes": null, "content": "Sanierungsarbeiten im Kreuz Zehlendorf, Einfahrt gesperrt", "is_future": null, "geometry_type": "GeometryCollection", "start_time": "2025-03-17T07:00:00", "end_time": "2026-07-31T12:00:00", "duration_hours": 12029.0, "duration_days": 501.20833333333331, "event_status": "Active", "closure_ratio": null, "closure_category": "Directional closure", "district_code": "006", "district_name": "Steglitz-Zehlendorf", "map_longitude": 13.19193211180391, "map_latitude": 52.433420299666039, "start_date": "2025-03-17T00:00:00", "end_date": "2026-07-31T00:00:00", "start_year": 2025, "start_month": 3, "start_month_name": "March", "is_full_closure": false, "is_directional_closure": true, "is_active": true, "is_future_event": false }, "geometry": { "type": "GeometryCollection", "geometries": [ { "type": "Point", "coordinates": [ 13.19193211180391, 52.433420299666039 ] }, { "type": "LineString", "coordinates": [ [ 13.191986024467042, 52.433660906140553 ], [ 13.191902160251631, 52.433555041598559 ], [ 13.191944092031919, 52.432507334435464 ], [ 13.19185423802992, 52.431773559470699 ], [ 13.191878199140776, 52.43162388251497 ] ] } ] } },
{ "type": "Feature", "properties": { "id": "60/2026", "lms_id": "LMS-BR/r_LMS-BR/398626_LMS-BR/72", "tstore": "2026-04-13 18:18:32.740000+00:00", "object_state": "modified", "event_type": "Baustelle", "icon": "baustelle", "severity": "keine Sperrung", "direction": "Einseitig", "street": "Stromstraße (Moabit)", "section": "Richtung Turmstraße vor Perleberger Straße", "total_lanes": null, "closed_lanes": null, "content": "Baustelle, Fahrbahn auf einen Fahrstreifen verengt", "is_future": null, "geometry_type": "GeometryCollection", "start_time": "2026-02-10T07:00:00", "end_time": "2026-09-18T17:00:00", "duration_hours": 5290.0, "duration_days": 220.41666666666666, "event_status": "Active", "closure_ratio": null, "closure_category": "No closure", "district_code": "001", "district_name": "Mitte", "map_longitude": 13.34317204382387, "map_latitude": 52.52919473236247, "start_date": "2026-02-10T00:00:00", "end_date": "2026-09-18T00:00:00", "start_year": 2026, "start_month": 2, "start_month_name": "February", "is_full_closure": false, "is_directional_closure": false, "is_active": true, "is_future_event": false }, "geometry": { "type": "GeometryCollection", "geometries": [ { "type": "Point", "coordinates": [ 13.34317204382387, 52.52919473236247 ] }, { "type": "LineString", "coordinates": [ [ 13.343171686283315, 52.529570188049476 ], [ 13.343177676724737, 52.528907239574458 ] ] } ] } },
{ "type": "Feature", "properties": { "id": "70/2026", "lms_id": "LMS-BR/r_LMS-BR/399332_LMS-BR/72", "tstore": "2026-04-13 18:20:50.873000+00:00", "object_state": "modified", "event_type": "Sperrung", "icon": "sperrung", "severity": "Vollsperrung", "direction": "Beidseitig", "street": "Anton-Saefkow-Straße (Prenzlauer Berg)", "section": "in beiden Richtungen zwischen Eugen-Schönhaar-Straße und Bötzowstraße", "total_lanes": null, "closed_lanes": null, "content": "Leitungsarbeiten, Vollsperrung für den Kfz- und Radverkehr", "is_future": null, "geometry_type": "GeometryCollection", "start_time": "2026-02-18T07:00:00", "end_time": "2026-08-31T17:00:00", "duration_hours": 4666.0, "duration_days": 194.41666666666666, "event_status": "Active", "closure_ratio": null, "closure_category": "Full closure", "district_code": "003", "district_name": "Pankow", "map_longitude": 13.440249949453575, "map_latitude": 52.537176743261298, "start_date": "2026-02-18T00:00:00", "end_date": "2026-08-31T00:00:00", "start_year": 2026, "start_month": 2, "start_month_name": "February", "is_full_closure": true, "is_directional_closure": false, "is_active": true, "is_future_event": false }, "geometry": { "type": "GeometryCollection", "geometries": [ { "type": "Point", "coordinates": [ 13.440249949453575, 52.537176743261298 ] }, { "type": "LineString", "coordinates": [ [ 13.438798338065682, 52.537815855238357 ], [ 13.441134542117654, 52.536788595765074 ] ] } ] } },
{ "type": "Feature", "properties": { "id": "72/2026", "lms_id": "LMS-BR/r_LMS-BR/399339_LMS-BR/72", "tstore": "2026-04-13 18:21:41.580000+00:00", "object_state": "modified", "event_type": "Sperrung", "icon": "sperrung", "severity": "Fahrtrichtungssperrung", "direction": "Einseitig", "street": "Röblingstraße (Tempelhof)", "section": "Richtung Attilastraße zwischen Prellerweg und Marienhöher Weg", "total_lanes": null, "closed_lanes": null, "content": "Leitungsarbeiten, Fahrtrichtung gesperrt, eine Umleitung ist eingerichtet. Im Anschluss folgen weitere Arbeiten", "is_future": null, "geometry_type": "GeometryCollection", "start_time": "2026-02-18T07:00:00", "end_time": "2026-11-13T17:00:00", "duration_hours": 6442.0, "duration_days": 268.41666666666669, "event_status": "Active", "closure_ratio": null, "closure_category": "Directional closure", "district_code": "007", "district_name": "Tempelhof-Schöneberg", "map_longitude": 13.359523773542607, "map_latitude": 52.454739708055243, "start_date": "2026-02-18T00:00:00", "end_date": "2026-11-13T00:00:00", "start_year": 2026, "start_month": 2, "start_month_name": "February", "is_full_closure": false, "is_directional_closure": true, "is_active": true, "is_future_event": false }, "geometry": { "type": "GeometryCollection", "geometries": [ { "type": "Point", "coordinates": [ 13.359523773542607, 52.454739708055243 ] }, { "type": "LineString", "coordinates": [ [ 13.359335303830452, 52.456658598747218 ], [ 13.359071732265877, 52.455768123410458 ], [ 13.359143614943605, 52.455403169525205 ], [ 13.359263419843048, 52.455111203999884 ], [ 13.359526992717294, 52.454731646202198 ], [ 13.362186670128724, 52.452410432218379 ] ] } ] } },
{ "type": "Feature", "properties": { "id": "79/2026", "lms_id": "LMS-BR/r_LMS-BR/399511_LMS-BR/72", "tstore": "2026-06-29 10:13:12.533000+00:00", "object_state": "modified", "event_type": "Baustelle", "icon": "baustelle", "severity": "keine Sperrung", "direction": "Einseitig", "street": "An der Wuhlheide (Köpenick)", "section": "in beiden Richtungen zwischen Cardinalstraße und Rudolf-Rühl-Allee", "total_lanes": null, "closed_lanes": null, "content": "Kabelarbeiten, Fahrbahn auf einen Fahrstreifen je Richtung verengt und verschwenkt", "is_future": null, "geometry_type": "GeometryCollection", "start_time": "2026-02-20T07:00:00", "end_time": "2026-08-07T17:00:00", "duration_hours": 4042.0, "duration_days": 168.41666666666666, "event_status": "Active", "closure_ratio": null, "closure_category": "No closure", "district_code": "009", "district_name": "Treptow-Köpenick", "map_longitude": 13.565250635147095, "map_latitude": 52.456166300396674, "start_date": "2026-02-20T00:00:00", "end_date": "2026-08-07T00:00:00", "start_year": 2026, "start_month": 2, "start_month_name": "February", "is_full_closure": false, "is_directional_closure": false, "is_active": true, "is_future_event": false }, "geometry": { "type": "GeometryCollection", "geometries": [ { "type": "Point", "coordinates": [ 13.565250635147095, 52.456166300396674 ] }, { "type": "LineString", "coordinates": [ [ 13.564445972442629, 52.456453963163696 ], [ 13.565250635147095, 52.456198989442115 ], [ 13.565765619277956, 52.455924400706188 ], [ 13.566237688064577, 52.455675961803038 ], [ 13.566731214523315, 52.455335990506271 ], [ 13.567128181457521, 52.454878332692729 ], [ 13.567707538604738, 52.454420670122815 ], [ 13.56815814971924, 52.454041460390243 ] ] } ] } },
{ "type": "Feature", "properties": { "id": "83/2026", "lms_id": "LMS-BR/r_LMS-BR/399782_LMS-BR/72", "tstore": "2026-04-13 18:34:24.217000+00:00", "object_state": "modified", "event_type": "Baustelle", "icon": "baustelle", "severity": "keine Sperrung", "direction": "Einseitig", "street": "Sonnenallee (Neukölln)", "section": "Richtung Baumschulenweg hinter Ziegrastraße", "total_lanes": null, "closed_lanes": null, "content": "Fernwärmearbeiten, ein Fahrstreifen gesperrt", "is_future": null, "geometry_type": "GeometryCollection", "start_time": "2026-02-23T07:00:00", "end_time": "2026-07-31T17:00:00", "duration_hours": 3802.0, "duration_days": 158.41666666666666, "event_status": "Active", "closure_ratio": null, "closure_category": "No closure", "district_code": "008", "district_name": "Neukölln", "map_longitude": 13.458427459045199, "map_latitude": 52.472537236677617, "start_date": "2026-02-23T00:00:00", "end_date": "2026-07-31T00:00:00", "start_year": 2026, "start_month": 2, "start_month_name": "February", "is_full_closure": false, "is_directional_closure": false, "is_active": true, "is_future_event": false }, "geometry": { "type": "GeometryCollection", "geometries": [ { "type": "Point", "coordinates": [ 13.458427459045199, 52.472537236677617 ] }, { "type": "LineString", "coordinates": [ [ 13.458240598265549, 52.47263337214833 ], [ 13.459049284283539, 52.472243112990078 ] ] } ] } },
{ "type": "Feature", "properties": { "id": "89/2026", "lms_id": "LMS-BR/r_LMS-BR/399541_LMS-BR/72", "tstore": "2026-04-13 18:36:24.417000+00:00", "object_state": "modified", "event_type": "Baustelle", "icon": "baustelle", "severity": "keine Sperrung", "direction": "Einseitig", "street": "Neuköllner Straße (Rudow)", "section": "in beiden Richtungen zwischen Bildhauerweg und Groß-Ziethener Chaussee", "total_lanes": null, "closed_lanes": null, "content": "Bauarbeiten, Fahrbahn auf einen Fahrstreifen verengt", "is_future": null, "geometry_type": "GeometryCollection", "start_time": "2026-03-16T07:00:00", "end_time": "2026-08-02T17:00:00", "duration_hours": 3346.0, "duration_days": 139.41666666666666, "event_status": "Active", "closure_ratio": null, "closure_category": "No closure", "district_code": "008", "district_name": "Neukölln", "map_longitude": 13.493025362840857, "map_latitude": 52.417592547345869, "start_date": "2026-03-16T00:00:00", "end_date": "2026-08-02T00:00:00", "start_year": 2026, "start_month": 3, "start_month_name": "March", "is_full_closure": false, "is_directional_closure": false, "is_active": true, "is_future_event": false }, "geometry": { "type": "GeometryCollection", "geometries": [ { "type": "Point", "coordinates": [ 13.493025362840857, 52.417592547345869 ] }, { "type": "LineString", "coordinates": [ [ 13.493318081164034, 52.417393822147581 ], [ 13.492024183797186, 52.418343291010508 ] ] } ] } },
{ "type": "Feature", "properties": { "id": "90/2026", "lms_id": "LMS-BR/r_LMS-BR/399892_LMS-BR/72", "tstore": "2026-04-13 18:37:17.260000+00:00", "object_state": "modified", "event_type": "Baustelle", "icon": "baustelle", "severity": "keine Sperrung", "direction": "Einseitig", "street": "Chausseestraße (Mitte)", "section": "Richtung Müllerstraße zwischen Torstraße und Tieckstraße", "total_lanes": null, "closed_lanes": null, "content": "Hochbauarbeiten, Fahrbahnverengung", "is_future": null, "geometry_type": "GeometryCollection", "start_time": "2026-02-24T07:00:00", "end_time": "2027-12-10T17:00:00", "duration_hours": 15706.0, "duration_days": 654.41666666666663, "event_status": "Active", "closure_ratio": null, "closure_category": "No closure", "district_code": "001", "district_name": "Mitte", "map_longitude": 13.386254667275354, "map_latitude": 52.528045381616863, "start_date": "2026-02-24T00:00:00", "end_date": "2027-12-10T00:00:00", "start_year": 2026, "start_month": 2, "start_month_name": "February", "is_full_closure": false, "is_directional_closure": false, "is_active": true, "is_future_event": false }, "geometry": { "type": "GeometryCollection", "geometries": [ { "type": "Point", "coordinates": [ 13.386254667275354, 52.528045381616863 ] }, { "type": "LineString", "coordinates": [ [ 13.386657534938424, 52.527704110912119 ], [ 13.385986625144144, 52.52822865654079 ] ] } ] } },
{ "type": "Feature", "properties": { "id": "100/2026", "lms_id": "LMS-BR/r_LMS-BR/400004_LMS-BR/72", "tstore": "2026-07-21 08:36:40.071000+00:00", "object_state": "modified", "event_type": "Baustelle", "icon": "baustelle", "severity": "keine Sperrung", "direction": "Einseitig", "street": "Mollstraße (Mitte)", "section": "Richtung Landsberger Allee Höhe Büschingstraße", "total_lanes": 2.0, "closed_lanes": 1.0, "content": "Leitungsbauarbeiten der Wasserbetriebe, Fahrbahn auf einen Fahrstreifen verengt", "is_future": null, "geometry_type": "GeometryCollection", "start_time": "2026-02-25T07:00:00", "end_time": "2026-10-01T17:00:00", "duration_hours": 5242.0, "duration_days": 218.41666666666666, "event_status": "Active", "closure_ratio": 0.5, "closure_category": "No closure", "district_code": "001", "district_name": "Mitte", "map_longitude": 13.425603772481672, "map_latitude": 52.523143916654838, "start_date": "2026-02-25T00:00:00", "end_date": "2026-10-01T00:00:00", "start_year": 2026, "start_month": 2, "start_month_name": "February", "is_full_closure": false, "is_directional_closure": false, "is_active": true, "is_future_event": false }, "geometry": { "type": "GeometryCollection", "geometries": [ { "type": "Point", "coordinates": [ 13.425603772481672, 52.523143916654838 ] }, { "type": "LineString", "coordinates": [ [ 13.425314057843634, 52.52319941499556 ], [ 13.425909585422845, 52.523075359784229 ], [ 13.426365622264894, 52.523032919763075 ], [ 13.426886040778777, 52.523045978235487 ] ] } ] } },
{ "type": "Feature", "properties": { "id": "127/2026", "lms_id": "LMS-BR/r_LMS-BR/400527_LMS-BR/72", "tstore": "2026-04-13 19:29:48.281000+00:00", "object_state": "modified", "event_type": "Baustelle", "icon": "baustelle", "severity": "keine Sperrung", "direction": "Einseitig", "street": "Warschauer Straße (Friedrichshain)", "section": "Richtung Oberbaumstraße zwischen Boxhagener Straße und Grünberger Straße", "total_lanes": null, "closed_lanes": null, "content": "Hochbauarbeiten, rechter Fahrstreifen gesperrt", "is_future": null, "geometry_type": "GeometryCollection", "start_time": "2026-03-02T07:00:00", "end_time": "2027-08-31T17:00:00", "duration_hours": 13138.0, "duration_days": 547.41666666666663, "event_status": "Active", "closure_ratio": null, "closure_category": "No closure", "district_code": "002", "district_name": "Friedrichshain-Kreuzberg", "map_longitude": 13.45282763199066, "map_latitude": 52.513603537714616, "start_date": "2026-03-02T00:00:00", "end_date": "2027-08-31T00:00:00", "start_year": 2026, "start_month": 3, "start_month_name": "March", "is_full_closure": false, "is_directional_closure": false, "is_active": true, "is_future_event": false }, "geometry": { "type": "GeometryCollection", "geometries": [ { "type": "Point", "coordinates": [ 13.45282763199066, 52.513603537714616 ] }, { "type": "LineString", "coordinates": [ [ 13.453081369225403, 52.514097904767894 ], [ 13.45237451809226, 52.512582045755863 ] ] } ] } },
{ "type": "Feature", "properties": { "id": "141/2026", "lms_id": "LMS-BR/r_LMS-BR/400640_LMS-BR/72", "tstore": "2026-04-14 15:05:35.761000+00:00", "object_state": "modified", "event_type": "Baustelle", "icon": "baustelle", "severity": "keine Sperrung", "direction": "Beidseitig", "street": "Sellerstraße (Moabit)", "section": "in beiden Richtungen im Bereich Nordhafenbrücke", "total_lanes": null, "closed_lanes": null, "content": "Grundsanierung der Nordhafenbrücke, Fahrbahn auf einen Fahrstreifen je Richtung verengt. Im Anschluss folgen weitere Bauphasen", "is_future": null, "geometry_type": "GeometryCollection", "start_time": "2026-03-03T05:00:00", "end_time": "2027-03-03T17:00:00", "duration_hours": 8772.0, "duration_days": 365.5, "event_status": "Active", "closure_ratio": null, "closure_category": "No closure", "district_code": "001", "district_name": "Mitte", "map_longitude": 13.364852875602086, "map_latitude": 52.53672679689339, "start_date": "2026-03-03T00:00:00", "end_date": "2027-03-03T00:00:00", "start_year": 2026, "start_month": 3, "start_month_name": "March", "is_full_closure": false, "is_directional_closure": false, "is_active": true, "is_future_event": false }, "geometry": { "type": "GeometryCollection", "geometries": [ { "type": "Point", "coordinates": [ 13.364852875602086, 52.53672679689339 ] }, { "type": "LineString", "coordinates": [ [ 13.366115570024705, 52.537484875773586 ], [ 13.365360796669847, 52.537047743737894 ], [ 13.363827288194443, 52.536151609518456 ], [ 13.36347386262787, 52.535965823253719 ] ] } ] } },
{ "type": "Feature", "properties": { "id": "153/2026", "lms_id": "LMS-BR/r_LMS-BR/400896_LMS-BR/72", "tstore": "2026-04-13 19:35:03.675000+00:00", "object_state": "modified", "event_type": "Sperrung", "icon": "sperrung", "severity": "Fahrtrichtungssperrung", "direction": "Einseitig", "street": "Chausseestraße (Mitte)", "section": "Richtung Müllerstraße zwischen  Zinnowitzer Straße und Habersaathstraße", "total_lanes": null, "closed_lanes": null, "content": "Tunneldeckensanierung U6, Fahrtrichtung für Kfz- und Radverkehr gesperrt. Umleitungen sind eingerichtet. Die Habersaathstraße ist von der Chausseestraße für den Kfz-Verkehr abgehängt (Sackgasse)", "is_future": null, "geometry_type": "GeometryCollection", "start_time": "2026-03-05T07:00:00", "end_time": "2028-05-11T17:00:00", "duration_hours": 19162.0, "duration_days": 798.41666666666663, "event_status": "Active", "closure_ratio": null, "closure_category": "Directional closure", "district_code": "001", "district_name": "Mitte", "map_longitude": 13.382093678965925, "map_latitude": 52.531327601416777, "start_date": "2026-03-05T00:00:00", "end_date": "2028-05-11T00:00:00", "start_year": 2026, "start_month": 3, "start_month_name": "March", "is_full_closure": false, "is_directional_closure": true, "is_active": true, "is_future_event": false }, "geometry": { "type": "GeometryCollection", "geometries": [ { "type": "Point", "coordinates": [ 13.382093678965925, 52.531327601416777 ] }, { "type": "LineString", "coordinates": [ [ 13.382161438203186, 52.531291917106763 ], [ 13.380202620828642, 52.532869421577779 ] ] }, { "type": "LineString", "coordinates": [ [ 13.380052864376923, 52.532778343222617 ], [ 13.380196631042056, 52.532851205882025 ] ] } ] } },
{ "type": "Feature", "properties": { "id": "155/2026", "lms_id": "LMS-BR/r_LMS-BR/397125_LMS-BR/72", "tstore": "2026-04-20 09:17:08.896000+00:00", "object_state": "modified", "event_type": "Baustelle", "icon": "baustelle", "severity": "keine Sperrung", "direction": "Beidseitig", "street": "Hämmerlingstraße/Am Bahndamm (Köpenick)", "section": "im Einmündungsbereich", "total_lanes": null, "closed_lanes": null, "content": "Brückenbau, eine Baustellenampel regelt den Verkehr", "is_future": null, "geometry_type": "GeometryCollection", "start_time": "2026-04-30T11:00:00", "end_time": "2027-01-06T17:00:00", "duration_hours": 6030.0, "duration_days": 251.25, "event_status": "Active", "closure_ratio": null, "closure_category": "No closure", "district_code": "009", "district_name": "Treptow-Köpenick", "map_longitude": 13.572969675151398, "map_latitude": 52.460590328794815, "start_date": "2026-04-30T00:00:00", "end_date": "2027-01-06T00:00:00", "start_year": 2026, "start_month": 4, "start_month_name": "April", "is_full_closure": false, "is_directional_closure": false, "is_active": true, "is_future_event": false }, "geometry": { "type": "GeometryCollection", "geometries": [ { "type": "Point", "coordinates": [ 13.572969675151398, 52.460590328794815 ] }, { "type": "LineString", "coordinates": [ [ 13.572981476609131, 52.460151059020568 ], [ 13.572867751208834, 52.460353053991255 ], [ 13.572886705442217, 52.460462707944593 ], [ 13.572938829747729, 52.460540619855827 ], [ 13.572981476609131, 52.460621417240382 ], [ 13.572891444164274, 52.460693557658367 ], [ 13.572716117014354, 52.460780125964064 ], [ 13.572659254314207, 52.460855151717894 ] ] }, { "type": "LineString", "coordinates": [ [ 13.572934091025674, 52.460664701485406 ], [ 13.573232621347419, 52.460575247338767 ] ] } ] } },
{ "type": "Feature", "properties": { "id": "156/2026", "lms_id": "LMS-BR/r_LMS-BR/400897_LMS-BR/72", "tstore": "2026-04-13 19:38:27.844000+00:00", "object_state": "modified", "event_type": "Baustelle", "icon": "baustelle", "severity": "keine Sperrung", "direction": "Einseitig", "street": "Antonienstraße (Reinickendorf)", "section": "Richtung A111 zwischen Zobeltitzstraße und  Scharnweberstraße", "total_lanes": null, "closed_lanes": null, "content": "Bodensanierung nach Ölkabelschaden, Fahrbahn auf einen Fahrstreifen verengt", "is_future": null, "geometry_type": "GeometryCollection", "start_time": "2026-03-05T07:00:00", "end_time": "2026-12-14T17:00:00", "duration_hours": 6826.0, "duration_days": 284.41666666666669, "event_status": "Active", "closure_ratio": null, "closure_category": "No closure", "district_code": "012", "district_name": "Reinickendorf", "map_longitude": 13.31123266461505, "map_latitude": 52.569764677230062, "start_date": "2026-03-05T00:00:00", "end_date": "2026-12-14T00:00:00", "start_year": 2026, "start_month": 3, "start_month_name": "March", "is_full_closure": false, "is_directional_closure": false, "is_active": true, "is_future_event": false }, "geometry": { "type": "GeometryCollection", "geometries": [ { "type": "Point", "coordinates": [ 13.31123266461505, 52.569764677230062 ] }, { "type": "LineString", "coordinates": [ [ 13.31123266461505, 52.569764677230062 ], [ 13.310932367711663, 52.568969295160521 ] ] } ] } },
{ "type": "Feature", "properties": { "id": "157/2026", "lms_id": null, "tstore": "2026-07-06 11:20:23.165000+00:00", "object_state": "modified", "event_type": "Baustelle", "icon": "baustelle", "severity": "keine Sperrung", "direction": "Beidseitig", "street": "Tegeler Weg (Charlottenburg-Nord)", "section": "in beiden Richtungen zwischen Max-Dohrn-Straße und Abfahrt A100", "total_lanes": 3.0, "closed_lanes": 1.0, "content": "Baustelle, Fahrbahn auf zwei Fahrstreifen verengt und verschwenkt. Im Anschluss folgen weitere Arbeiten", "is_future": null, "geometry_type": "GeometryCollection", "start_time": "2026-03-04T12:00:00", "end_time": "2026-08-10T17:00:00", "duration_hours": 3821.0, "duration_days": 159.20833333333334, "event_status": "Active", "closure_ratio": 0.33333333333333331, "closure_category": "No closure", "district_code": "004", "district_name": "Charlottenburg-Wilmersdorf", "map_longitude": 13.294614581609046, "map_latitude": 52.532677497089921, "start_date": "2026-03-04T00:00:00", "end_date": "2026-08-10T00:00:00", "start_year": 2026, "start_month": 3, "start_month_name": "March", "is_full_closure": false, "is_directional_closure": false, "is_active": true, "is_future_event": false }, "geometry": { "type": "GeometryCollection", "geometries": [ { "type": "Point", "coordinates": [ 13.294614581609046, 52.532677497089921 ] }, { "type": "LineString", "coordinates": [ [ 13.294142686475157, 52.533401763695075 ], [ 13.295099080132788, 52.53192884348519 ], [ 13.29553520692571, 52.531183293314989 ], [ 13.295834898599425, 52.530417720075043 ] ] } ] } },
{ "type": "Feature", "properties": { "id": "159/2026", "lms_id": "LMS-BR/r_LMS-BR/371939_LMS-BR/72", "tstore": "2026-07-14 15:35:47.570000+00:00", "object_state": "modified", "event_type": "Baustelle", "icon": "baustelle", "severity": "keine Sperrung", "direction": "Beidseitig", "street": "Lichtenrader Damm (Lichtenrade)", "section": "in beiden Richtungen zwischen Barnetstraße und Grimmstraße", "total_lanes": 6.0, "closed_lanes": 4.0, "content": "Baustelle, Fahrbahn auf jeweils einen Fahrstreifen verengt und verschwenkt", "is_future": null, "geometry_type": "GeometryCollection", "start_time": "2025-05-11T12:00:00", "end_time": "2026-09-30T17:00:00", "duration_hours": 12173.0, "duration_days": 507.20833333333331, "event_status": "Active", "closure_ratio": 0.66666666666666663, "closure_category": "No closure", "district_code": "007", "district_name": "Tempelhof-Schöneberg", "map_longitude": 13.406482858913472, "map_latitude": 52.396332955498345, "start_date": "2025-05-11T00:00:00", "end_date": "2026-09-30T00:00:00", "start_year": 2025, "start_month": 5, "start_month_name": "May", "is_full_closure": false, "is_directional_closure": false, "is_active": true, "is_future_event": false }, "geometry": { "type": "GeometryCollection", "geometries": [ { "type": "Point", "coordinates": [ 13.406482858913472, 52.396332955498345 ] }, { "type": "LineString", "coordinates": [ [ 13.406418509577051, 52.398453555529635 ], [ 13.406611557586348, 52.393832610975785 ] ] } ] } },
{ "type": "Feature", "properties": { "id": "163/2026", "lms_id": "LMS-BR/r_LMS-BR/401277_LMS-BR/72", "tstore": "2026-07-16 13:45:09.570000+00:00", "object_state": "modified", "event_type": "Sperrung", "icon": "sperrung", "severity": "Fahrtrichtungssperrung", "direction": "Einseitig", "street": "Glinkastraße (Mitte)", "section": "Richtung Unter den Linden zwischen Französische Straße und Unter den Linden", "total_lanes": 1.0, "closed_lanes": 1.0, "content": "Bauarbeiten, Vollsperrung für Kfz-Verkehr. Im Anschluss folgen weitere Arbeiten", "is_future": null, "geometry_type": "GeometryCollection", "start_time": "2026-03-09T07:00:00", "end_time": "2026-07-31T17:00:00", "duration_hours": 3466.0, "duration_days": 144.41666666666666, "event_status": "Active", "closure_ratio": 1.0, "closure_category": "Directional closure", "district_code": "001", "district_name": "Mitte", "map_longitude": 13.38611085328248, "map_latitude": 52.515033406033297, "start_date": "2026-03-09T00:00:00", "end_date": "2026-07-31T00:00:00", "start_year": 2026, "start_month": 3, "start_month_name": "March", "is_full_closure": false, "is_directional_closure": true, "is_active": true, "is_future_event": false }, "geometry": { "type": "GeometryCollection", "geometries": [ { "type": "Point", "coordinates": [ 13.38611085328248, 52.515033406033297 ] }, { "type": "LineString", "coordinates": [ [ 13.386121578171895, 52.515033406033297 ], [ 13.385821281268514, 52.516632638832682 ] ] } ] } },
{ "type": "Feature", "properties": { "id": "166/2026", "lms_id": "LMS-BR/r_LMS-BR/401269_LMS-BR/72", "tstore": "2026-07-03 08:48:05.671000+00:00", "object_state": "modified", "event_type": "Sperrung", "icon": "sperrung", "severity": "Fahrtrichtungssperrung", "direction": "Einseitig", "street": "Schottstraße/Rüdigerstraße (Lichtenberg)", "section": "Richtung Gotlindestraße zwischen Roedeliusplatz und Atzpodienstraße (an der Rüdigerstraße)", "total_lanes": null, "closed_lanes": null, "content": "Leitungsarbeiten, Fahrtrichtung gesperrt. Im Anschluss folgen weitere Arbeiten", "is_future": null, "geometry_type": "GeometryCollection", "start_time": "2026-03-09T07:00:00", "end_time": "2026-08-14T17:00:00", "duration_hours": 3802.0, "duration_days": 158.41666666666666, "event_status": "Active", "closure_ratio": null, "closure_category": "Directional closure", "district_code": "011", "district_name": "Lichtenberg", "map_longitude": 13.492288649213151, "map_latitude": 52.516282976732235, "start_date": "2026-03-09T00:00:00", "end_date": "2026-08-14T00:00:00", "start_year": 2026, "start_month": 3, "start_month_name": "March", "is_full_closure": false, "is_directional_closure": true, "is_active": true, "is_future_event": false }, "geometry": { "type": "GeometryCollection", "geometries": [ { "type": "Point", "coordinates": [ 13.492288649213151, 52.516282976732235 ] }, { "type": "LineString", "coordinates": [ [ 13.491137534620066, 52.515476744331181 ], [ 13.492095977417195, 52.516088884062441 ], [ 13.492299646532048, 52.516303859704138 ], [ 13.492862731654899, 52.516249204977989 ] ] } ] } },
{ "type": "Feature", "properties": { "id": "172/2026", "lms_id": "LMS-BR/r_LMS-BR/401047_LMS-BR/72", "tstore": "2026-06-29 10:01:54.149000+00:00", "object_state": "modified", "event_type": "Sperrung", "icon": "sperrung", "severity": "Vollsperrung", "direction": "Beidseitig", "street": "Seydlitzstraße/Charlottenstraße (Lankwitz)", "section": "gesamter Kreuzungsbereich", "total_lanes": 4.0, "closed_lanes": 4.0, "content": "Stromnetzarbeiten, Vollsperrung für den Kfz- und Radverkehr", "is_future": null, "geometry_type": "GeometryCollection", "start_time": "2026-02-05T07:00:00", "end_time": "2026-08-04T17:00:00", "duration_hours": 4330.0, "duration_days": 180.41666666666666, "event_status": "Active", "closure_ratio": 1.0, "closure_category": "Full closure", "district_code": "006", "district_name": "Steglitz-Zehlendorf", "map_longitude": 13.335744738578798, "map_latitude": 52.43328526235959, "start_date": "2026-02-05T00:00:00", "end_date": "2026-08-04T00:00:00", "start_year": 2026, "start_month": 2, "start_month_name": "February", "is_full_closure": true, "is_directional_closure": false, "is_active": true, "is_future_event": false }, "geometry": { "type": "GeometryCollection", "geometries": [ { "type": "Point", "coordinates": [ 13.335744738578798, 52.43328526235959 ] }, { "type": "LineString", "coordinates": [ [ 13.335585951936086, 52.43337264691268 ], [ 13.335927397274645, 52.433164566732998 ] ] }, { "type": "LineString", "coordinates": [ [ 13.335838884377154, 52.433326313472968 ], [ 13.335677147042592, 52.433227749353676 ] ] } ] } },
{ "type": "Feature", "properties": { "id": "173/2026", "lms_id": "LMS-BR/r_LMS-BR/401276_LMS-BR/72", "tstore": "2026-07-16 13:44:44.751000+00:00", "object_state": "modified", "event_type": "Sperrung", "icon": "sperrung", "severity": "Fahrtrichtungssperrung", "direction": "Einseitig", "street": "Behrenstraße (Mitte)", "section": "Richtung Ebertstraße zwischen Friedrichstraße und Glinkastraße", "total_lanes": 1.0, "closed_lanes": 1.0, "content": "Tiefbauarbeiten, Fahrtrichtung gesperrt. Im Anschluss folgen weitere Arbeiten", "is_future": null, "geometry_type": "GeometryCollection", "start_time": "2026-03-09T07:00:00", "end_time": "2026-07-31T17:00:00", "duration_hours": 3466.0, "duration_days": 144.41666666666666, "event_status": "Active", "closure_ratio": 1.0, "closure_category": "Directional closure", "district_code": "001", "district_name": "Mitte", "map_longitude": 13.386233925666604, "map_latitude": 52.515461381642979, "start_date": "2026-03-09T00:00:00", "end_date": "2026-07-31T00:00:00", "start_year": 2026, "start_month": 3, "start_month_name": "March", "is_full_closure": false, "is_directional_closure": true, "is_active": true, "is_future_event": false }, "geometry": { "type": "GeometryCollection", "geometries": [ { "type": "Point", "coordinates": [ 13.386233925666604, 52.515461381642979 ] }, { "type": "LineString", "coordinates": [ [ 13.386808723189462, 52.515476119642713 ], [ 13.386605054074609, 52.515465188576663 ], [ 13.38649722907576, 52.515479763463581 ], [ 13.386083900732048, 52.515446969861678 ] ] } ] } },
{ "type": "Feature", "properties": { "id": "184/2026", "lms_id": "LMS-BR/r_LMS-BR/401373_LMS-BR/72", "tstore": "2026-04-14 15:17:02.423000+00:00", "object_state": "modified", "event_type": "Baustelle", "icon": "baustelle", "severity": "keine Sperrung", "direction": "Beidseitig", "street": "Hansastraße (Lichtenberg)", "section": "in beiden Richtungen zwischen Indira-Gandhi-Straße und Buschallee", "total_lanes": null, "closed_lanes": null, "content": "Arbeiten am Fernwärmenetz, Fahrbahn in beiden Richtungen auf einen Fahrstreifen verengt und verschwenkt", "is_future": null, "geometry_type": "GeometryCollection", "start_time": "2026-03-13T10:00:00", "end_time": "2026-12-31T17:00:00", "duration_hours": 7039.0, "duration_days": 293.29166666666669, "event_status": "Active", "closure_ratio": null, "closure_category": "No closure", "district_code": "003", "district_name": "Pankow", "map_longitude": 13.472806693171155, "map_latitude": 52.548140920616731, "start_date": "2026-03-13T00:00:00", "end_date": "2026-12-31T00:00:00", "start_year": 2026, "start_month": 3, "start_month_name": "March", "is_full_closure": false, "is_directional_closure": false, "is_active": true, "is_future_event": false }, "geometry": { "type": "GeometryCollection", "geometries": [ { "type": "Point", "coordinates": [ 13.472806693171155, 52.548140920616731 ] }, { "type": "LineString", "coordinates": [ [ 13.468117476732006, 52.546676016628474 ], [ 13.470106245658828, 52.547054692096729 ], [ 13.471280338126235, 52.547418800410256 ], [ 13.472622157714797, 52.547957674565801 ], [ 13.473149300843945, 52.548365466933603 ], [ 13.474898457352539, 52.549821837373095 ], [ 13.475689174665604, 52.550404371937127 ], [ 13.476048590673603, 52.550695636518419 ] ] } ] } },
{ "type": "Feature", "properties": { "id": "185/2026", "lms_id": "LMS-BR/r_LMS-BR/401313_LMS-BR/72", "tstore": "2026-04-14 15:18:00.009000+00:00", "object_state": "modified", "event_type": "Baustelle", "icon": "baustelle", "severity": "keine Sperrung", "direction": "Einseitig", "street": "Alexanderstraße (Mitte)", "section": "Richtung Otto-Braun-Straße vor Bernhard-Weiß-Straße", "total_lanes": null, "closed_lanes": null, "content": "Hochbauarbeiten, Fahrbahn auf einen Fahrstreifen verengt", "is_future": null, "geometry_type": "GeometryCollection", "start_time": "2026-03-09T09:00:00", "end_time": "2027-07-31T17:00:00", "duration_hours": 12224.0, "duration_days": 509.33333333333331, "event_status": "Active", "closure_ratio": null, "closure_category": "No closure", "district_code": "001", "district_name": "Mitte", "map_longitude": 13.414660870985246, "map_latitude": 52.522776301660933, "start_date": "2026-03-09T00:00:00", "end_date": "2027-07-31T00:00:00", "start_year": 2026, "start_month": 3, "start_month_name": "March", "is_full_closure": false, "is_directional_closure": false, "is_active": true, "is_future_event": false }, "geometry": { "type": "GeometryCollection", "geometries": [ { "type": "Point", "coordinates": [ 13.414660870985246, 52.522776301660933 ] }, { "type": "LineString", "coordinates": [ [ 13.413888573559236, 52.523131911197652 ], [ 13.415128558917786, 52.522574516417293 ] ] } ] } },
{ "type": "Feature", "properties": { "id": "189/2026", "lms_id": "LMS-BR/r_LMS-BR/401481_LMS-BR/72", "tstore": "2026-06-23 12:42:51.967000+00:00", "object_state": "modified", "event_type": "Baustelle", "icon": "baustelle", "severity": "keine Sperrung", "direction": "Einseitig", "street": "Berliner Allee (Weißensee)", "section": "stadtauswärts zwischen Wegnerstraße und Buschallee", "total_lanes": 3.0, "closed_lanes": 1.0, "content": "Beseitigung einer Gashavarie, rechter Fahrstreifen gesperrt", "is_future": null, "geometry_type": "GeometryCollection", "start_time": "2026-03-09T09:00:00", "end_time": "2026-07-31T17:00:00", "duration_hours": 3464.0, "duration_days": 144.33333333333334, "event_status": "Active", "closure_ratio": 0.33333333333333331, "closure_category": "No closure", "district_code": "003", "district_name": "Pankow", "map_longitude": 13.466596750154343, "map_latitude": 52.552435328609846, "start_date": "2026-03-09T00:00:00", "end_date": "2026-07-31T00:00:00", "start_year": 2026, "start_month": 3, "start_month_name": "March", "is_full_closure": false, "is_directional_closure": false, "is_active": true, "is_future_event": false }, "geometry": { "type": "GeometryCollection", "geometries": [ { "type": "Point", "coordinates": [ 13.466596750154343, 52.552435328609846 ] }, { "type": "LineString", "coordinates": [ [ 13.467561990200913, 52.553804936051407 ], [ 13.467057920398815, 52.552872303246829 ], [ 13.466768348384807, 52.552591857338214 ], [ 13.466532400817883, 52.552402718387832 ] ] } ] } },
{ "type": "Feature", "properties": { "id": "191/2026", "lms_id": "LMS-BR/r_LMS-BR/401609_LMS-BR/72", "tstore": "2026-07-21 13:29:23.193000+00:00", "object_state": "modified", "event_type": "Baustelle", "icon": "baustelle", "severity": "keine Sperrung", "direction": "Beidseitig", "street": "Gaußstraße (Charlottenurg)", "section": "in beiden Richtungen zwischen Goslarer Ufer und Lise-Meitner-Straße", "total_lanes": null, "closed_lanes": null, "content": "Baustelle, Gegenverkehrsregelung", "is_future": null, "geometry_type": "GeometryCollection", "start_time": "2026-03-12T12:00:00", "end_time": "2026-09-30T17:00:00", "duration_hours": 4853.0, "duration_days": 202.20833333333334, "event_status": "Active", "closure_ratio": null, "closure_category": "No closure", "district_code": "004", "district_name": "Charlottenburg-Wilmersdorf", "map_longitude": 13.310659734288308, "map_latitude": 52.529446987856353, "start_date": "2026-03-12T00:00:00", "end_date": "2026-09-30T00:00:00", "start_year": 2026, "start_month": 3, "start_month_name": "March", "is_full_closure": false, "is_directional_closure": false, "is_active": true, "is_future_event": false }, "geometry": { "type": "GeometryCollection", "geometries": [ { "type": "Point", "coordinates": [ 13.310659734288308, 52.529446987856353 ] }, { "type": "LineString", "coordinates": [ [ 13.311319314986806, 52.529544869620132 ], [ 13.310085952705061, 52.529371945023072 ] ] } ] } },
{ "type": "Feature", "properties": { "id": "200/2026", "lms_id": "LMS-BR/r_LMS-BR/401946_LMS-BR/72", "tstore": "2026-07-14 19:19:52.313000+00:00", "object_state": "modified", "event_type": "Sperrung", "icon": "sperrung", "severity": "Fahrtrichtungssperrung", "direction": "Einseitig", "street": "Edinburger Straße - Ungarnstraße (Wedding)", "section": "Richtung Müllerstraße von Türkenstraße bis Müllerstraße", "total_lanes": null, "closed_lanes": null, "content": "Leitungsarbeiten, Fahrtrichtung für den Kfz- und Radverkehr gesperrt.", "is_future": null, "geometry_type": "GeometryCollection", "start_time": "2026-03-16T07:00:00", "end_time": "2026-09-12T17:00:00", "duration_hours": 4330.0, "duration_days": 180.41666666666666, "event_status": "Active", "closure_ratio": null, "closure_category": "Directional closure", "district_code": "001", "district_name": "Mitte", "map_longitude": 13.352202772439341, "map_latitude": 52.553781377588024, "start_date": "2026-03-16T00:00:00", "end_date": "2026-09-12T00:00:00", "start_year": 2026, "start_month": 3, "start_month_name": "March", "is_full_closure": false, "is_directional_closure": true, "is_active": true, "is_future_event": false }, "geometry": { "type": "GeometryCollection", "geometries": [ { "type": "Point", "coordinates": [ 13.352202772439341, 52.553781377588024 ] }, { "type": "LineString", "coordinates": [ [ 13.349942833228853, 52.55505186034415 ], [ 13.353027642078818, 52.553324975389557 ], [ 13.350383699071244, 52.55153683857948 ] ] } ] } },
{ "type": "Feature", "properties": { "id": "204/2026", "lms_id": "LMS-BR/r_LMS-BR/401940_LMS-BR/72", "tstore": "2026-06-29 10:11:41.854000+00:00", "object_state": "modified", "event_type": "Baustelle", "icon": "baustelle", "severity": "keine Sperrung", "direction": "Beidseitig", "street": "Mariendorfer Damm (Mariendorf)", "section": "in beiden Richtungen zwischen Körtingstraße und Kruckenbergstraße", "total_lanes": 4.0, "closed_lanes": 2.0, "content": "Leitungsarbeiten, Fahrbahn auf einen Fahrstreifen je Richtung verengt, Anbindung Körtingstraße gesperrt (Gessamtarbeiten bis 2031)", "is_future": null, "geometry_type": "GeometryCollection", "start_time": "2026-04-14T07:00:00", "end_time": "2026-10-16T17:00:00", "duration_hours": 4450.0, "duration_days": 185.41666666666666, "event_status": "Active", "closure_ratio": 0.5, "closure_category": "No closure", "district_code": "007", "district_name": "Tempelhof-Schöneberg", "map_longitude": 13.390693903274951, "map_latitude": 52.432983206421824, "start_date": "2026-04-14T00:00:00", "end_date": "2026-10-16T00:00:00", "start_year": 2026, "start_month": 4, "start_month_name": "April", "is_full_closure": false, "is_directional_closure": false, "is_active": true, "is_future_event": false }, "geometry": { "type": "GeometryCollection", "geometries": [ { "type": "Point", "coordinates": [ 13.390693903274951, 52.432983206421824 ] }, { "type": "LineString", "coordinates": [ [ 13.389859289018206, 52.434461622447145 ], [ 13.391338884830477, 52.431810705769998 ] ] }, { "type": "LineString", "coordinates": [ [ 13.389339384406005, 52.434233400035652 ], [ 13.389907803544524, 52.434344573033002 ] ] } ] } },
{ "type": "Feature", "properties": { "id": "210/2026", "lms_id": "LMS-BR/r_LMS-BR/379757_LMS-BR/72", "tstore": "2026-04-14 15:23:08.938000+00:00", "object_state": "modified", "event_type": "Baustelle", "icon": "baustelle", "severity": "keine Sperrung", "direction": "Beidseitig", "street": "Kantstraße (Charlottenburg)", "section": "in beiden Richtungen zwischen Fasanenstraße und Joachimsthaler Straße", "total_lanes": null, "closed_lanes": null, "content": "Leitungsarbeiten, Fahrbahn auf einen Fahrstreifen je Richtung verengt und verschwenkt", "is_future": null, "geometry_type": "GeometryCollection", "start_time": "2025-08-13T07:00:00", "end_time": "2027-12-13T17:00:00", "duration_hours": 20458.0, "duration_days": 852.41666666666663, "event_status": "Active", "closure_ratio": null, "closure_category": "No closure", "district_code": "004", "district_name": "Charlottenburg-Wilmersdorf", "map_longitude": 13.329455048151431, "map_latitude": 52.50542038300776, "start_date": "2025-08-13T00:00:00", "end_date": "2027-12-13T00:00:00", "start_year": 2025, "start_month": 8, "start_month_name": "August", "is_full_closure": false, "is_directional_closure": false, "is_active": true, "is_future_event": false }, "geometry": { "type": "GeometryCollection", "geometries": [ { "type": "Point", "coordinates": [ 13.329455048151431, 52.50542038300776 ] }, { "type": "LineString", "coordinates": [ [ 13.327869415697934, 52.505525174698413 ], [ 13.331565410335317, 52.505299159309054 ] ] } ] } },
{ "type": "Feature", "properties": { "id": "212/2026", "lms_id": "LMS-BR/r_LMS-BR/402041_LMS-BR/72", "tstore": "2026-07-24 11:39:40.798000+00:00", "object_state": "modified", "event_type": "Baustelle", "icon": "baustelle", "severity": "keine Sperrung", "direction": "Beidseitig", "street": "Gartenfelder Straße (Siemensstadt)", "section": "in beiden Richtungen in Höhe Gewerbepark", "total_lanes": null, "closed_lanes": null, "content": "Hochbauarbeiten, Fahrbahn verengt und verschwenkt", "is_future": null, "geometry_type": "GeometryCollection", "start_time": "2026-03-17T06:00:00", "end_time": "2026-09-30T17:00:00", "duration_hours": 4739.0, "duration_days": 197.45833333333334, "event_status": "Active", "closure_ratio": null, "closure_category": "No closure", "district_code": "005", "district_name": "Spandau", "map_longitude": 13.247986971982757, "map_latitude": 52.548968196447269, "start_date": "2026-03-17T00:00:00", "end_date": "2026-09-30T00:00:00", "start_year": 2026, "start_month": 3, "start_month_name": "March", "is_full_closure": false, "is_directional_closure": false, "is_active": true, "is_future_event": false }, "geometry": { "type": "GeometryCollection", "geometries": [ { "type": "Point", "coordinates": [ 13.247986971982757, 52.548968196447269 ] }, { "type": "LineString", "coordinates": [ [ 13.247897922774429, 52.54879746652459 ], [ 13.24819743567787, 52.549496688536379 ] ] } ] } },
{ "type": "Feature", "properties": { "id": "225/2026", "lms_id": "LMS-BR/r_LMS-BR/402270_LMS-BR/72", "tstore": "2026-07-14 19:23:53.697000+00:00", "object_state": "modified", "event_type": "Baustelle", "icon": "baustelle", "severity": "keine Sperrung", "direction": "Beidseitig", "street": "Falkenhagener Straße (Spandau)", "section": "in beiden Richtungen in Höhe Ackerstraße", "total_lanes": null, "closed_lanes": null, "content": "Tiefbauarbeiten, eine Baustellenampel regelt den Verkehr. Die Ackerstraße ist auf der Seite Richtung Hügelschanze von der Falkenhagener Straße abgehängt (Sackgasse)", "is_future": null, "geometry_type": "GeometryCollection", "start_time": "2026-03-19T07:00:00", "end_time": "2026-08-14T17:00:00", "duration_hours": 3562.0, "duration_days": 148.41666666666666, "event_status": "Active", "closure_ratio": null, "closure_category": "No closure", "district_code": "005", "district_name": "Spandau", "map_longitude": 13.19781589547347, "map_latitude": 52.547144749571082, "start_date": "2026-03-19T00:00:00", "end_date": "2026-08-14T00:00:00", "start_year": 2026, "start_month": 3, "start_month_name": "March", "is_full_closure": false, "is_directional_closure": false, "is_active": true, "is_future_event": false }, "geometry": { "type": "GeometryCollection", "geometries": [ { "type": "Point", "coordinates": [ 13.19781589547347, 52.547144749571082 ] }, { "type": "LineString", "coordinates": [ [ 13.198316932248419, 52.546934163812203 ], [ 13.197118878670157, 52.547432992356228 ] ] }, { "type": "LineString", "coordinates": [ [ 13.197819740016714, 52.547159911691601 ], [ 13.197855681355581, 52.547283708496629 ] ] } ] } },
{ "type": "Feature", "properties": { "id": "251/2026", "lms_id": "LMS-BR/r_LMS-BR/402644_LMS-BR/72", "tstore": "2026-05-19 15:08:31.564000+00:00", "object_state": "modified", "event_type": "Baustelle", "icon": "baustelle", "severity": "keine Sperrung", "direction": "Einseitig", "street": "Sachsendamm (Schöneberg)", "section": "Richtung Hauptstraße in Höhe Kreuzung Gotenstraße/Vorarlberger Damm.", "total_lanes": null, "closed_lanes": null, "content": "Gasleitungsarbeiten, Fahrbahn auf einen Fahrstreifen verengt. Im Kreuzungsbereich ist das Linksabbiegen untersagt (Ausnahme: Vom Sachsendamm Richtung Schöneberger Straße in die Gotenstraße)", "is_future": null, "geometry_type": "GeometryCollection", "start_time": "2026-03-23T07:00:00", "end_time": "2026-07-31T17:00:00", "duration_hours": 3130.0, "duration_days": 130.41666666666666, "event_status": "Active", "closure_ratio": null, "closure_category": "No closure", "district_code": "007", "district_name": "Tempelhof-Schöneberg", "map_longitude": 13.359930217266085, "map_latitude": 52.475436649861223, "start_date": "2026-03-23T00:00:00", "end_date": "2026-07-31T00:00:00", "start_year": 2026, "start_month": 3, "start_month_name": "March", "is_full_closure": false, "is_directional_closure": false, "is_active": true, "is_future_event": false }, "geometry": { "type": "GeometryCollection", "geometries": [ { "type": "Point", "coordinates": [ 13.359930217266085, 52.475436649861223 ] }, { "type": "LineString", "coordinates": [ [ 13.360254228246049, 52.47529376209696 ], [ 13.35939762000635, 52.475691288341835 ] ] } ] } },
{ "type": "Feature", "properties": { "id": "255/2026", "lms_id": "LMS-BR/r_LMS-BR/402968_LMS-BR/72", "tstore": "2026-04-23 19:30:00.093000+00:00", "object_state": "modified", "event_type": "Baustelle", "icon": "baustelle", "severity": "keine Sperrung", "direction": "Einseitig", "street": "Schönhauser Allee (Prenzlauer Berg)", "section": "stadteinwärts in Höhe Milastraße", "total_lanes": null, "closed_lanes": null, "content": "Leitungsarbeiten, Fahrbahn auf einen Fahrstreifen verengt. Die Milastraße ist von der Schönhauser Allee abgehängt (Sackgasse)", "is_future": null, "geometry_type": "GeometryCollection", "start_time": "2026-03-26T07:00:00", "end_time": "2026-09-10T17:00:00", "duration_hours": 4042.0, "duration_days": 168.41666666666666, "event_status": "Active", "closure_ratio": null, "closure_category": "No closure", "district_code": "003", "district_name": "Pankow", "map_longitude": 13.412556320472504, "map_latitude": 52.545232409666987, "start_date": "2026-03-26T00:00:00", "end_date": "2026-09-10T00:00:00", "start_year": 2026, "start_month": 3, "start_month_name": "March", "is_full_closure": false, "is_directional_closure": false, "is_active": true, "is_future_event": false }, "geometry": { "type": "GeometryCollection", "geometries": [ { "type": "Point", "coordinates": [ 13.412556320472504, 52.545232409666987 ] }, { "type": "LineString", "coordinates": [ [ 13.412668615710576, 52.545618108367464 ], [ 13.412393063263155, 52.54467138238563 ] ] } ] } },
{ "type": "Feature", "properties": { "id": "258/2026", "lms_id": "LMS-BR/r_LMS-BR/402799_LMS-BR/72", "tstore": "2026-07-23 14:36:06.027000+00:00", "object_state": "modified", "event_type": "Sperrung", "icon": "sperrung", "severity": "Fahrtrichtungssperrung", "direction": "Einseitig", "street": "Pichelswerderstraße (Spandau)", "section": "Richtung Ruhlebener Straße zwischen Freiheit und Heidereuterstraße", "total_lanes": null, "closed_lanes": null, "content": "Leitungsbauarbeiten, Fahrtrichtung gesperrt", "is_future": null, "geometry_type": "GeometryCollection", "start_time": "2026-03-24T12:00:00", "end_time": "2026-08-04T17:00:00", "duration_hours": 3197.0, "duration_days": 133.20833333333334, "event_status": "Active", "closure_ratio": null, "closure_category": "Directional closure", "district_code": "005", "district_name": "Spandau", "map_longitude": 13.213761295573494, "map_latitude": 52.531736877363016, "start_date": "2026-03-24T00:00:00", "end_date": "2026-08-04T00:00:00", "start_year": 2026, "start_month": 3, "start_month_name": "March", "is_full_closure": false, "is_directional_closure": true, "is_active": true, "is_future_event": false }, "geometry": { "type": "GeometryCollection", "geometries": [ { "type": "Point", "coordinates": [ 13.213761295573494, 52.531736877363016 ] }, { "type": "LineString", "coordinates": [ [ 13.213772020462871, 52.53174340248048 ], [ 13.213568247564156, 52.531130037201223 ], [ 13.213482448448904, 52.530934280521478 ], [ 13.212635182185794, 52.529922857108382 ], [ 13.212474308844707, 52.529648789978893 ], [ 13.212249086167157, 52.529165905636965 ] ] } ] } },
{ "type": "Feature", "properties": { "id": "259/2026", "lms_id": null, "tstore": "2026-06-12 11:08:10.983000+00:00", "object_state": "modified", "event_type": "Baustelle", "icon": "baustelle", "severity": "keine Sperrung", "direction": "Einseitig", "street": "A117", "section": "stadteinwärts zwischen Waltersdorf und Dreieck Treptow", "total_lanes": null, "closed_lanes": null, "content": "Bau der AS Hubertus, Fahrbahn auf einen Fahrstreifen verengt", "is_future": null, "geometry_type": "GeometryCollection", "start_time": "2025-05-24T12:00:00", "end_time": "2026-08-21T17:00:00", "duration_hours": 10901.0, "duration_days": 454.20833333333331, "event_status": "Active", "closure_ratio": null, "closure_category": "No closure", "district_code": null, "district_name": null, "map_longitude": 13.556735360259445, "map_latitude": 52.3699433748356, "start_date": "2025-05-24T00:00:00", "end_date": "2026-08-21T00:00:00", "start_year": 2025, "start_month": 5, "start_month_name": "May", "is_full_closure": false, "is_directional_closure": false, "is_active": true, "is_future_event": false }, "geometry": { "type": "GeometryCollection", "geometries": [ { "type": "Point", "coordinates": [ 13.556735360259445, 52.3699433748356 ] }, { "type": "LineString", "coordinates": [ [ 13.556691497718488, 52.369973896824028 ], [ 13.55917967206077, 52.372567275349368 ], [ 13.560209261443799, 52.374034169513763 ], [ 13.561324649942044, 52.3757629465184 ], [ 13.562011042864063, 52.377151157849511 ], [ 13.562440038440325, 52.379560779559746 ], [ 13.564198920303003, 52.387967234275713 ], [ 13.564542116763972, 52.389328876914789 ], [ 13.564928212782608, 52.390611924810287 ], [ 13.565142710570742, 52.392182953072393 ], [ 13.564713714994479, 52.393046994781102 ], [ 13.563769924726742, 52.394172841929901 ], [ 13.562740335343708, 52.39498448136068 ], [ 13.561024353038658, 52.396162641070376 ], [ 13.559951864098043, 52.397419310092374 ], [ 13.558536178696377, 52.398623584324305 ], [ 13.557549488870974, 52.399827825690394 ], [ 13.555790607008335, 52.40142470377009 ], [ 13.554632318952427, 52.402157677634456 ] ] } ] } },
{ "type": "Feature", "properties": { "id": "272/2026", "lms_id": "LMS-BR/r_LMS-BR/403317_LMS-BR/72", "tstore": "2026-06-12 10:31:50.714000+00:00", "object_state": "modified", "event_type": "Sperrung", "icon": "sperrung", "severity": "Vollsperrung", "direction": "Beidseitig", "street": "Preysingstraße (Marienfelde)", "section": "in beiden Richtungen zwischen Weygerweg und Wichurastraße", "total_lanes": 2.0, "closed_lanes": 2.0, "content": "Leitungsarbeiten, Vollsperrung für den Kfz-Verkehr", "is_future": null, "geometry_type": "GeometryCollection", "start_time": "2026-03-30T07:00:00", "end_time": "2026-08-28T17:00:00", "duration_hours": 3634.0, "duration_days": 151.41666666666666, "event_status": "Active", "closure_ratio": 1.0, "closure_category": "Full closure", "district_code": "006", "district_name": "Steglitz-Zehlendorf", "map_longitude": 13.360619306374058, "map_latitude": 52.425297240123683, "start_date": "2026-03-30T00:00:00", "end_date": "2026-08-28T00:00:00", "start_year": 2026, "start_month": 3, "start_month_name": "March", "is_full_closure": true, "is_directional_closure": false, "is_active": true, "is_future_event": false }, "geometry": { "type": "GeometryCollection", "geometries": [ { "type": "Point", "coordinates": [ 13.360619306374058, 52.425297240123683 ] }, { "type": "LineString", "coordinates": [ [ 13.361664983091194, 52.42550654914097 ], [ 13.359627254103966, 52.425107552968321 ] ] } ] } },
{ "type": "Feature", "properties": { "id": "280/2026", "lms_id": "LMS-BR/r_LMS-BR/403012_LMS-BR/72", "tstore": "2026-04-14 15:42:23.266000+00:00", "object_state": "modified", "event_type": "Baustelle", "icon": "baustelle", "severity": "keine Sperrung", "direction": "Einseitig", "street": "Karl-Liebknecht-Straße (Mitte)", "section": "Richtung Brandenburger Tor in Höhe Spandauer Straße", "total_lanes": null, "closed_lanes": null, "content": "Baustellenfläche für eine Hochbaustelle, Fahrbahn auf einen verschwenkten Fahrstreifen verengt", "is_future": null, "geometry_type": "GeometryCollection", "start_time": "2026-03-26T10:00:00", "end_time": "2027-09-30T17:00:00", "duration_hours": 13279.0, "duration_days": 553.29166666666663, "event_status": "Active", "closure_ratio": null, "closure_category": "No closure", "district_code": "001", "district_name": "Mitte", "map_longitude": 13.404603749841046, "map_latitude": 52.520022839788801, "start_date": "2026-03-26T00:00:00", "end_date": "2027-09-30T00:00:00", "start_year": 2026, "start_month": 3, "start_month_name": "March", "is_full_closure": false, "is_directional_closure": false, "is_active": true, "is_future_event": false }, "geometry": { "type": "GeometryCollection", "geometries": [ { "type": "Point", "coordinates": [ 13.404603749841046, 52.520022839788801 ] }, { "type": "LineString", "coordinates": [ [ 13.404767454303512, 52.520132437564229 ], [ 13.404048622287521, 52.519746151891873 ] ] } ] } },
{ "type": "Feature", "properties": { "id": "284/2026", "lms_id": "LMS-BR/r_LMS-BR/403519_LMS-BR/72", "tstore": "2026-05-07 13:00:53.720000+00:00", "object_state": "modified", "event_type": "Baustelle", "icon": "baustelle", "severity": "keine Sperrung", "direction": "Beidseitig", "street": "Alt-Moabit (Moabit)", "section": "in beiden Richtungen zwischen Rahel-Hirsch-Straße und Eisenbahnbrücke", "total_lanes": null, "closed_lanes": null, "content": "Hochbau, Fahrbahn auf einen Fahrstreifen je Richtung verengt und verschwenkt", "is_future": null, "geometry_type": "GeometryCollection", "start_time": "2026-04-01T07:00:00", "end_time": "2026-07-31T17:00:00", "duration_hours": 2914.0, "duration_days": 121.41666666666667, "event_status": "Active", "closure_ratio": null, "closure_category": "No closure", "district_code": "001", "district_name": "Mitte", "map_longitude": 13.367730259196836, "map_latitude": 52.522346380391745, "start_date": "2026-04-01T00:00:00", "end_date": "2026-07-31T00:00:00", "start_year": 2026, "start_month": 4, "start_month_name": "April", "is_full_closure": false, "is_directional_closure": false, "is_active": true, "is_future_event": false }, "geometry": { "type": "GeometryCollection", "geometries": [ { "type": "Point", "coordinates": [ 13.367730259196836, 52.522346380391745 ] }, { "type": "LineString", "coordinates": [ [ 13.367991684863229, 52.522306523252844 ], [ 13.365889101478389, 52.522597974187036 ] ] } ] } },
{ "type": "Feature", "properties": { "id": "285/2026", "lms_id": "LMS-BR/r_LMS-BR/403521_LMS-BR/72", "tstore": "2026-04-14 15:45:17.546000+00:00", "object_state": "modified", "event_type": "Sperrung", "icon": "sperrung", "severity": "Vollsperrung", "direction": "Beidseitig", "street": "Dunckerstraße (Prenzlauer Berg)", "section": "in beiden Richtungen zwischen Ahlbecker Straße und Wichertstraße", "total_lanes": null, "closed_lanes": null, "content": "Neubau Dunckerbrücke, Vollsperrung für den Kfz-, Rad- und Fußverkehr. Umleitungen sind ausgeschildert.", "is_future": null, "geometry_type": "GeometryCollection", "start_time": "2026-04-01T07:00:00", "end_time": "2028-06-14T17:00:00", "duration_hours": 19330.0, "duration_days": 805.41666666666663, "event_status": "Active", "closure_ratio": null, "closure_category": "Full closure", "district_code": "003", "district_name": "Pankow", "map_longitude": 13.423812030523553, "map_latitude": 52.545907670453865, "start_date": "2026-04-01T00:00:00", "end_date": "2028-06-14T00:00:00", "start_year": 2026, "start_month": 4, "start_month_name": "April", "is_full_closure": true, "is_directional_closure": false, "is_active": true, "is_future_event": false }, "geometry": { "type": "GeometryCollection", "geometries": [ { "type": "Point", "coordinates": [ 13.423812030523553, 52.545907670453865 ] }, { "type": "LineString", "coordinates": [ [ 13.423276840112525, 52.545303119855632 ], [ 13.424630641238764, 52.54681056775852 ] ] } ] } },
{ "type": "Feature", "properties": { "id": "287/2026", "lms_id": "LMS-BR/r_LMS-BR/403434_LMS-BR/72", "tstore": "2026-04-14 15:45:44.057000+00:00", "object_state": "modified", "event_type": "Sperrung", "icon": "sperrung", "severity": "Vollsperrung", "direction": "Beidseitig", "street": "Koloniestraße (Gesundbrunnen)", "section": "in beiden Richtungen zwischen Badstraße/Schwedenstraße und Osloer Straße", "total_lanes": null, "closed_lanes": null, "content": "Hochbauarbeiten, Vollsperrung für den Kfz-Verkehr", "is_future": null, "geometry_type": "GeometryCollection", "start_time": "2025-01-08T08:00:00", "end_time": "2026-10-31T17:00:00", "duration_hours": 15873.0, "duration_days": 661.375, "event_status": "Active", "closure_ratio": null, "closure_category": "Full closure", "district_code": "001", "district_name": "Mitte", "map_longitude": 13.377163410186769, "map_latitude": 52.554288402029918, "start_date": "2025-01-08T00:00:00", "end_date": "2026-10-31T00:00:00", "start_year": 2025, "start_month": 1, "start_month_name": "January", "is_full_closure": true, "is_directional_closure": false, "is_active": true, "is_future_event": false }, "geometry": { "type": "GeometryCollection", "geometries": [ { "type": "Point", "coordinates": [ 13.377163410186769, 52.554288402029918 ] }, { "type": "LineString", "coordinates": [ [ 13.377207756348071, 52.553952986051989 ], [ 13.377129882574083, 52.555325441975782 ] ] } ] } },
{ "type": "Feature", "properties": { "id": "290/2026", "lms_id": "LMS-BR/r_LMS-BR/404064_LMS-BR/72", "tstore": "2026-07-10 11:03:54.698000+00:00", "object_state": "modified", "event_type": "Baustelle", "icon": "baustelle", "severity": "keine Sperrung", "direction": "Beidseitig", "street": "Nalepastraße (Oberschöneweide)", "section": "in beiden Richtungen zwischen Kunheimstraße und Siemensstraße", "total_lanes": 2.0, "closed_lanes": 1.0, "content": "Leitungsarbeiten, für beide Richtungen steht nur ein gemeinsamer Fahrstreifen zur Verfügung", "is_future": null, "geometry_type": "GeometryCollection", "start_time": "2026-04-07T07:00:00", "end_time": "2026-08-28T17:00:00", "duration_hours": 3442.0, "duration_days": 143.41666666666666, "event_status": "Active", "closure_ratio": 0.5, "closure_category": "No closure", "district_code": "009", "district_name": "Treptow-Köpenick", "map_longitude": 13.507448763048163, "map_latitude": 52.464937175692263, "start_date": "2026-04-07T00:00:00", "end_date": "2026-08-28T00:00:00", "start_year": 2026, "start_month": 4, "start_month_name": "April", "is_full_closure": false, "is_directional_closure": false, "is_active": true, "is_future_event": false }, "geometry": { "type": "GeometryCollection", "geometries": [ { "type": "Point", "coordinates": [ 13.507448763048163, 52.464937175692263 ] }, { "type": "LineString", "coordinates": [ [ 13.507193059340354, 52.465276211724017 ], [ 13.508097589146931, 52.464127115673698 ] ] } ] } },
{ "type": "Feature", "properties": { "id": "293/2026", "lms_id": "LMS-BR/r_LMS-BR/404063_LMS-BR/72", "tstore": "2026-07-01 07:27:15.493000+00:00", "object_state": "modified", "event_type": "Baustelle", "icon": "baustelle", "severity": "keine Sperrung", "direction": "Einseitig", "street": "Torstraße (Mitte)", "section": "Richtung Chausseestraße in Höhe Borsigstraße", "total_lanes": 2.0, "closed_lanes": 1.0, "content": "Leitungsarbeiten, rechter Fahrstreifen gesperrt. Die Borsigstraße ist für den Kfz- und Radverkehr von der Torstraße abgehängt (Sackgasse)", "is_future": null, "geometry_type": "GeometryCollection", "start_time": "2026-04-07T07:00:00", "end_time": "2026-08-07T17:00:00", "duration_hours": 2938.0, "duration_days": 122.41666666666667, "event_status": "Active", "closure_ratio": 0.5, "closure_category": "No closure", "district_code": "001", "district_name": "Mitte", "map_longitude": 13.3913791179657, "map_latitude": 52.528049993931667, "start_date": "2026-04-07T00:00:00", "end_date": "2026-08-07T00:00:00", "start_year": 2026, "start_month": 4, "start_month_name": "April", "is_full_closure": false, "is_directional_closure": false, "is_active": true, "is_future_event": false }, "geometry": { "type": "GeometryCollection", "geometries": [ { "type": "Point", "coordinates": [ 13.3913791179657, 52.528049993931667 ] }, { "type": "LineString", "coordinates": [ [ 13.391698837804146, 52.528102657156502 ], [ 13.391117782011863, 52.527986064117684 ] ] }, { "type": "LineString", "coordinates": [ [ 13.391123771798451, 52.528292120209322 ], [ 13.391375363135012, 52.528055291290471 ] ] } ] } },
{ "type": "Feature", "properties": { "id": "299/2026", "lms_id": "LMS-BR/r_LMS-BR/374521_LMS-BR/72", "tstore": "2026-04-23 08:37:06.393000+00:00", "object_state": "modified", "event_type": "Baustelle", "icon": "baustelle", "severity": "keine Sperrung", "direction": "Einseitig", "street": "Indira-Gandhi-Straße (Weißensee)", "section": "Richtung Weißenseer Weg zwischen Berliner Allee und Bizetstraße", "total_lanes": null, "closed_lanes": null, "content": "Hochbauarbeiten, rechter Fahrstreifen gesperrt", "is_future": null, "geometry_type": "GeometryCollection", "start_time": "2026-04-07T08:00:00", "end_time": "2027-06-30T17:00:00", "duration_hours": 10785.0, "duration_days": 449.375, "event_status": "Active", "closure_ratio": null, "closure_category": "No closure", "district_code": "003", "district_name": "Pankow", "map_longitude": 13.466092650939169, "map_latitude": 52.551032075348715, "start_date": "2026-04-07T00:00:00", "end_date": "2027-06-30T00:00:00", "start_year": 2026, "start_month": 4, "start_month_name": "April", "is_full_closure": false, "is_directional_closure": false, "is_active": true, "is_future_event": false }, "geometry": { "type": "GeometryCollection", "geometries": [ { "type": "Point", "coordinates": [ 13.466092650939169, 52.551032075348715 ] }, { "type": "LineString", "coordinates": [ [ 13.465921052708666, 52.551292964594914 ], [ 13.466199899833217, 52.550797273700987 ] ] } ] } },
{ "type": "Feature", "properties": { "id": "307/2026", "lms_id": "LMS-BR/r_LMS-BR/404317_LMS-BR/72", "tstore": "2026-07-14 19:25:51.871000+00:00", "object_state": "modified", "event_type": "Baustelle", "icon": "baustelle", "severity": "Vollsperrung", "direction": "Beidseitig", "street": "Osdorfer Straße (Lichterfelde)", "section": "in beiden Richtungen Höhe Woltmannweg", "total_lanes": null, "closed_lanes": null, "content": "Arbeiten an Gasnetz, Fahrbahn auf einen Fahrstreifen verengt, östliche Anbindung Woltmannweg gesperrt", "is_future": null, "geometry_type": "GeometryCollection", "start_time": "2026-04-07T09:00:00", "end_time": "2026-07-31T17:00:00", "duration_hours": 2768.0, "duration_days": 115.33333333333333, "event_status": "Active", "closure_ratio": null, "closure_category": "Full closure", "district_code": "006", "district_name": "Steglitz-Zehlendorf", "map_longitude": 13.31782154125394, "map_latitude": 52.414409356366647, "start_date": "2026-04-07T00:00:00", "end_date": "2026-07-31T00:00:00", "start_year": 2026, "start_month": 4, "start_month_name": "April", "is_full_closure": true, "is_directional_closure": false, "is_active": true, "is_future_event": false }, "geometry": { "type": "GeometryCollection", "geometries": [ { "type": "Point", "coordinates": [ 13.31782154125394, 52.414409356366647 ] }, { "type": "LineString", "coordinates": [ [ 13.31769284258106, 52.414527121888021 ], [ 13.317982414595027, 52.414242521339652 ] ] } ] } },
{ "type": "Feature", "properties": { "id": "317/2026", "lms_id": "LMS-BR/r_LMS-BR/404653_LMS-BR/72", "tstore": "2026-04-14 15:56:17.333000+00:00", "object_state": "modified", "event_type": "Baustelle", "icon": "baustelle", "severity": "keine Sperrung", "direction": "Einseitig", "street": "Siemensdamm (Siemensstadt)", "section": "stadteinwärts zwischen Wohlrabedamm und Nikolaus-Groß-Weg", "total_lanes": null, "closed_lanes": null, "content": "Stromnetzarbeiten, Fahrbahn auf zwei Fahrstreifen verengt", "is_future": null, "geometry_type": "GeometryCollection", "start_time": "2026-04-13T07:00:00", "end_time": "2026-07-30T17:00:00", "duration_hours": 2602.0, "duration_days": 108.41666666666667, "event_status": "Active", "closure_ratio": null, "closure_category": "No closure", "district_code": "005", "district_name": "Spandau", "map_longitude": 13.277092667636376, "map_latitude": 52.535092054263671, "start_date": "2026-04-13T00:00:00", "end_date": "2026-07-30T00:00:00", "start_year": 2026, "start_month": 4, "start_month_name": "April", "is_full_closure": false, "is_directional_closure": false, "is_active": true, "is_future_event": false }, "geometry": { "type": "GeometryCollection", "geometries": [ { "type": "Point", "coordinates": [ 13.277092667636376, 52.535092054263671 ] }, { "type": "LineString", "coordinates": [ [ 13.276985418742292, 52.535124677348527 ], [ 13.280074186891341, 52.534237320803797 ], [ 13.282337138556118, 52.533761011732963 ] ] } ] } },
{ "type": "Feature", "properties": { "id": "332/2026", "lms_id": null, "tstore": "2026-07-13 14:31:44.519000+00:00", "object_state": "modified", "event_type": "Baustelle", "icon": "baustelle", "severity": "keine Sperrung", "direction": "Beidseitig", "street": "Paulsborner Straße (Schmargendorf)", "section": "in beiden Richtungen Höhe Salzbrunner Straße", "total_lanes": 2.0, "closed_lanes": 1.0, "content": "Leitungsbau, eine Baustellenampel regelt den Verkehr, Anbindung Salzbrunner Straße gesperrt. Im Anschluss folgen weitere Arbeiten", "is_future": null, "geometry_type": "GeometryCollection", "start_time": "2026-01-30T12:00:00", "end_time": "2026-08-03T17:00:00", "duration_hours": 4445.0, "duration_days": 185.20833333333334, "event_status": "Active", "closure_ratio": 0.5, "closure_category": "No closure", "district_code": "004", "district_name": "Charlottenburg-Wilmersdorf", "map_longitude": 13.293794372098299, "map_latitude": 52.491243691317067, "start_date": "2026-01-30T00:00:00", "end_date": "2026-08-03T00:00:00", "start_year": 2026, "start_month": 1, "start_month_name": "January", "is_full_closure": false, "is_directional_closure": false, "is_active": true, "is_future_event": false }, "geometry": { "type": "GeometryCollection", "geometries": [ { "type": "Point", "coordinates": [ 13.293794372098299, 52.491243691317067 ] }, { "type": "LineString", "coordinates": [ [ 13.29403568210995, 52.491393907122109 ], [ 13.293424363413804, 52.49104775688722 ] ] }, { "type": "LineString", "coordinates": [ [ 13.293783647208919, 52.4912502224497 ], [ 13.294003507441738, 52.491106537307836 ], [ 13.294126843669929, 52.49094325816769 ] ] } ] } },
{ "type": "Feature", "properties": { "id": "344/2026", "lms_id": "LMS-BR/r_LMS-BR/405389_LMS-BR/72", "tstore": "2026-06-22 14:15:23.956000+00:00", "object_state": "modified", "event_type": "Baustelle", "icon": "baustelle", "severity": "keine Sperrung", "direction": "Einseitig", "street": "Blumberger Damm (Marzahn)", "section": "Richtung Wuhletalstraße in Höhe Krummenseer Straße", "total_lanes": 2.0, "closed_lanes": 1.0, "content": "Leitungsarbeiten, Fahrbahn auf einen Fahrstreifen verengt", "is_future": null, "geometry_type": "GeometryCollection", "start_time": "2026-04-20T07:00:00", "end_time": "2026-07-31T16:00:00", "duration_hours": 2457.0, "duration_days": 102.375, "event_status": "Active", "closure_ratio": 0.5, "closure_category": "No closure", "district_code": "010", "district_name": "Marzahn-Hellersdorf", "map_longitude": 13.570271730422975, "map_latitude": 52.542012205585415, "start_date": "2026-04-20T00:00:00", "end_date": "2026-07-31T00:00:00", "start_year": 2026, "start_month": 4, "start_month_name": "April", "is_full_closure": false, "is_directional_closure": false, "is_active": true, "is_future_event": false }, "geometry": { "type": "GeometryCollection", "geometries": [ { "type": "Point", "coordinates": [ 13.570271730422975, 52.542012205585415 ] }, { "type": "LineString", "coordinates": [ [ 13.570228815078737, 52.54188496675912 ], [ 13.570341467857363, 52.54224384455307 ] ] } ] } },
{ "type": "Feature", "properties": { "id": "353/2026", "lms_id": "LMS-BR/r_LMS-BR/405089_LMS-BR/72", "tstore": "2026-04-17 09:18:04.273000+00:00", "object_state": "modified", "event_type": "Baustelle", "icon": "baustelle", "severity": "keine Sperrung", "direction": "Beidseitig", "street": "Gneisenaustraße (Kreuzberg)", "section": "in beiden Richtungen zwischen Südstern und Mittenwalder Straße", "total_lanes": null, "closed_lanes": null, "content": "Leitungsarbeiten, Fahrbahnverengung und -verschwenkung. Die Mittenwalder Straße und Schleiermacherstraße sind auf der Seite Richtung Blücherstraße von der Gneisenaustraße abgehängt (Sackgasse). Im Anschluss folgen weitere Arbeiten", "is_future": null, "geometry_type": "GeometryCollection", "start_time": "2026-04-14T07:00:00", "end_time": "2026-12-31T17:00:00", "duration_hours": 6274.0, "duration_days": 261.41666666666669, "event_status": "Active", "closure_ratio": null, "closure_category": "No closure", "district_code": "002", "district_name": "Friedrichshain-Kreuzberg", "map_longitude": 13.398964405059814, "map_latitude": 52.490646285452925, "start_date": "2026-04-14T00:00:00", "end_date": "2026-12-31T00:00:00", "start_year": 2026, "start_month": 4, "start_month_name": "April", "is_full_closure": false, "is_directional_closure": false, "is_active": true, "is_future_event": false }, "geometry": { "type": "GeometryCollection", "geometries": [ { "type": "Point", "coordinates": [ 13.398964405059814, 52.490646285452925 ] }, { "type": "LineString", "coordinates": [ [ 13.405348062515261, 52.489365859367304 ], [ 13.396421670913698, 52.4911688976322 ] ] }, { "type": "LineString", "coordinates": [ [ 13.396389484405518, 52.491234223717939 ], [ 13.396443128585817, 52.491384473346912 ], [ 13.396486043930055, 52.49150205965497 ] ] }, { "type": "LineString", "coordinates": [ [ 13.397923707962038, 52.490887994357763 ], [ 13.397977352142336, 52.491057843063722 ], [ 13.398041725158693, 52.491273419322816 ] ] } ] } },
{ "type": "Feature", "properties": { "id": "355/2026", "lms_id": "LMS-BR/r_LMS-BR/405522_LMS-BR/72", "tstore": "2026-04-21 15:31:35.635000+00:00", "object_state": "modified", "event_type": "Baustelle", "icon": "baustelle", "severity": "keine Sperrung", "direction": "Einseitig", "street": "Mehringdamm (Kreuzberg)", "section": "Richtung Platz der Luftbrücke zwischen Tempelhofer Ufer und Obentrautstraße", "total_lanes": null, "closed_lanes": null, "content": "Gebäudesanierung, rechter Fahrstreifen gesperrt", "is_future": null, "geometry_type": "GeometryCollection", "start_time": "2026-04-21T07:00:00", "end_time": "2026-10-20T17:00:00", "duration_hours": 4378.0, "duration_days": 182.41666666666666, "event_status": "Active", "closure_ratio": null, "closure_category": "No closure", "district_code": "002", "district_name": "Friedrichshain-Kreuzberg", "map_longitude": 13.389190435409546, "map_latitude": 52.49664941877483, "start_date": "2026-04-21T00:00:00", "end_date": "2026-10-20T00:00:00", "start_year": 2026, "start_month": 4, "start_month_name": "April", "is_full_closure": false, "is_directional_closure": false, "is_active": true, "is_future_event": false }, "geometry": { "type": "GeometryCollection", "geometries": [ { "type": "Point", "coordinates": [ 13.389190435409546, 52.49664941877483 ] }, { "type": "LineString", "coordinates": [ [ 13.389018774032593, 52.497322188957426 ], [ 13.389276266098022, 52.496316295747825 ], [ 13.389351367950441, 52.496061552906596 ] ] } ] } },
{ "type": "Feature", "properties": { "id": "358/2026", "lms_id": "LMS-BR/r_LMS-BR/405525_LMS-BR/72", "tstore": "2026-07-17 09:48:58.221000+00:00", "object_state": "modified", "event_type": "Baustelle", "icon": "baustelle", "severity": "keine Sperrung", "direction": "Einseitig", "street": "Nachodstraße (Wilmersdorf)", "section": "Richtung Bundesallee zwischen Bamberger Straße und Grainauer Straße", "total_lanes": 2.0, "closed_lanes": 1.0, "content": "Leitungsarbeiten, Fahrbahn auf einen Fahrstreifen verengt", "is_future": null, "geometry_type": "GeometryCollection", "start_time": "2026-04-21T07:00:00", "end_time": "2026-08-28T17:00:00", "duration_hours": 3106.0, "duration_days": 129.41666666666666, "event_status": "Active", "closure_ratio": 0.5, "closure_category": "No closure", "district_code": "004", "district_name": "Charlottenburg-Wilmersdorf", "map_longitude": 13.335471153259279, "map_latitude": 52.495042566783269, "start_date": "2026-04-21T00:00:00", "end_date": "2026-08-28T00:00:00", "start_year": 2026, "start_month": 4, "start_month_name": "April", "is_full_closure": false, "is_directional_closure": false, "is_active": true, "is_future_event": false }, "geometry": { "type": "GeometryCollection", "geometries": [ { "type": "Point", "coordinates": [ 13.335471153259279, 52.495042566783269 ] }, { "type": "LineString", "coordinates": [ [ 13.335900306701662, 52.494967448281947 ], [ 13.335734009742739, 52.4950295027053 ], [ 13.335519433021547, 52.495045832802155 ], [ 13.335256576538088, 52.495065428910365 ] ] } ] } },
{ "type": "Feature", "properties": { "id": "359/2026", "lms_id": "LMS-BR/r_LMS-BR/405614_LMS-BR/72", "tstore": "2026-06-22 14:17:24.959000+00:00", "object_state": "modified", "event_type": "Baustelle", "icon": "baustelle", "severity": "keine Sperrung", "direction": "Einseitig", "street": "An der Wuhlheide (Oberschöneweide)", "section": "Richtung Köpenick zwischen Firlstraße und Rathenaustraße", "total_lanes": null, "closed_lanes": null, "content": "Hochbauarbeiten, Fahrbahn auf einen Fahrstreifen verengt. Der Fußverkehr wird umgeleitet. Die Firlstraße ist von An der Wuhlheide abgehängt (Sackgasse)", "is_future": null, "geometry_type": "GeometryCollection", "start_time": "2026-04-22T07:00:00", "end_time": "2027-03-31T17:00:00", "duration_hours": 8242.0, "duration_days": 343.41666666666669, "event_status": "Active", "closure_ratio": null, "closure_category": "No closure", "district_code": "009", "district_name": "Treptow-Köpenick", "map_longitude": 13.525827527046205, "map_latitude": 52.464504489408426, "start_date": "2026-04-22T00:00:00", "end_date": "2027-03-31T00:00:00", "start_year": 2026, "start_month": 4, "start_month_name": "April", "is_full_closure": false, "is_directional_closure": false, "is_active": true, "is_future_event": false }, "geometry": { "type": "GeometryCollection", "geometries": [ { "type": "Point", "coordinates": [ 13.525827527046205, 52.464504489408426 ] }, { "type": "LineString", "coordinates": [ [ 13.525553941726685, 52.464638488960553 ], [ 13.527978658676149, 52.463573017834769 ] ] }, { "type": "LineString", "coordinates": [ [ 13.525521755218508, 52.464651562065754 ], [ 13.525232076644899, 52.464426050456943 ] ] } ] } },
{ "type": "Feature", "properties": { "id": "360/2026", "lms_id": "LMS-BR/r_LMS-BR/378674_LMS-BR/72", "tstore": "2026-06-09 17:04:54.460000+00:00", "object_state": "modified", "event_type": "Baustelle", "icon": "baustelle", "severity": "keine Sperrung", "direction": "Beidseitig", "street": "Lindenstraße bis Alt-Köpenick (Köpenick)", "section": "in beiden Richtungen zwischen Dammbrücke und Kirchstraße", "total_lanes": 4.0, "closed_lanes": 3.0, "content": "Gleisbauarbeiten, eine Baustellenampel regelt den Verkehr", "is_future": null, "geometry_type": "GeometryCollection", "start_time": "2026-05-20T11:00:00", "end_time": "2026-09-02T17:00:00", "duration_hours": 2526.0, "duration_days": 105.25, "event_status": "Active", "closure_ratio": 0.75, "closure_category": "No closure", "district_code": "009", "district_name": "Treptow-Köpenick", "map_longitude": 13.574804550776241, "map_latitude": 52.448111985855547, "start_date": "2026-05-20T00:00:00", "end_date": "2026-09-02T00:00:00", "start_year": 2026, "start_month": 5, "start_month_name": "May", "is_full_closure": false, "is_directional_closure": false, "is_active": true, "is_future_event": false }, "geometry": { "type": "GeometryCollection", "geometries": [ { "type": "Point", "coordinates": [ 13.574804550776241, 52.448111985855547 ] }, { "type": "LineString", "coordinates": [ [ 13.574397004978771, 52.448909558104354 ], [ 13.57486890011266, 52.448020460247534 ], [ 13.575319345467756, 52.447471302605599 ], [ 13.575319345467756, 52.447092118333245 ] ] } ] } },
{ "type": "Feature", "properties": { "id": "361/2026", "lms_id": "LMS-BR/r_LMS-BR/405615_LMS-BR/72", "tstore": "2026-04-22 09:27:50.790000+00:00", "object_state": "modified", "event_type": "Baustelle", "icon": "baustelle", "severity": "keine Sperrung", "direction": "Einseitig", "street": "Schönhauser Allee (Prenzlauer Berg)", "section": "stadtauswärts in Höhe Buchholzer Straße", "total_lanes": null, "closed_lanes": null, "content": "Bauarbeiten, Fahrbahn auf einen Fahrstreifen verengt, Anbindung Buchholzer Straße gesperrt", "is_future": null, "geometry_type": "GeometryCollection", "start_time": "2026-04-22T07:00:00", "end_time": "2026-09-10T17:00:00", "duration_hours": 3394.0, "duration_days": 141.41666666666666, "event_status": "Active", "closure_ratio": null, "closure_category": "No closure", "district_code": "003", "district_name": "Pankow", "map_longitude": 13.412853157794988, "map_latitude": 52.545036502730817, "start_date": "2026-04-22T00:00:00", "end_date": "2026-09-10T00:00:00", "start_year": 2026, "start_month": 4, "start_month_name": "April", "is_full_closure": false, "is_directional_closure": false, "is_active": true, "is_future_event": false }, "geometry": { "type": "GeometryCollection", "geometries": [ { "type": "Point", "coordinates": [ 13.412853157794988, 52.545036502730817 ] }, { "type": "LineString", "coordinates": [ [ 13.412981856467868, 52.545542043294034 ], [ 13.412853157794988, 52.545033241159899 ] ] } ] } },
{ "type": "Feature", "properties": { "id": "362/2026", "lms_id": "LMS-BR/r_LMS-BR/405635_LMS-BR/72", "tstore": "2026-07-14 19:30:48.619000+00:00", "object_state": "modified", "event_type": "Sperrung", "icon": "sperrung", "severity": "Fahrtrichtungssperrung", "direction": "Einseitig", "street": "Gärtnerstraße (Lichterfelde)", "section": "Richtung Siemensstraße zwischen Marienstraße und Hartmanstraße", "total_lanes": null, "closed_lanes": null, "content": "Bauarbeiten, Fahrtrichtung gesperrt", "is_future": null, "geometry_type": "GeometryCollection", "start_time": "2026-01-30T12:00:00", "end_time": "2026-07-31T17:00:00", "duration_hours": 4373.0, "duration_days": 182.20833333333334, "event_status": "Active", "closure_ratio": null, "closure_category": "Directional closure", "district_code": "006", "district_name": "Steglitz-Zehlendorf", "map_longitude": 13.328913162870025, "map_latitude": 52.436359466348577, "start_date": "2026-01-30T00:00:00", "end_date": "2026-07-31T00:00:00", "start_year": 2026, "start_month": 1, "start_month_name": "January", "is_full_closure": false, "is_directional_closure": true, "is_active": true, "is_future_event": false }, "geometry": { "type": "GeometryCollection", "geometries": [ { "type": "Point", "coordinates": [ 13.328913162870025, 52.436359466348577 ] }, { "type": "LineString", "coordinates": [ [ 13.328923887759402, 52.436359466348577 ], [ 13.328334018842053, 52.437346886690285 ] ] } ] } },
{ "type": "Feature", "properties": { "id": "367/2026", "lms_id": "LMS-BR/r_LMS-BR/406219_LMS-BR/72", "tstore": "2026-07-21 09:25:19.616000+00:00", "object_state": "modified", "event_type": "Baustelle", "icon": "baustelle", "severity": "keine Sperrung", "direction": "Einseitig", "street": "Tauentzienstraße (Charlottenburg)", "section": "Richtung Wittenbergplatz zwischen Joachimsthaler Straße und Marburger Straße", "total_lanes": 2.0, "closed_lanes": 1.0, "content": "Bauarbeiten, Fahrbahn auf einen Fahrstreifen verengt, Anbindung Rankestraße gesperrt", "is_future": null, "geometry_type": "GeometryCollection", "start_time": "2026-04-27T12:00:00", "end_time": "2026-11-20T17:00:00", "duration_hours": 4973.0, "duration_days": 207.20833333333334, "event_status": "Active", "closure_ratio": 0.5, "closure_category": "No closure", "district_code": "004", "district_name": "Charlottenburg-Wilmersdorf", "map_longitude": 13.33564163096759, "map_latitude": 52.50433718268085, "start_date": "2026-04-27T00:00:00", "end_date": "2026-11-20T00:00:00", "start_year": 2026, "start_month": 4, "start_month_name": "April", "is_full_closure": false, "is_directional_closure": false, "is_active": true, "is_future_event": false }, "geometry": { "type": "GeometryCollection", "geometries": [ { "type": "Point", "coordinates": [ 13.33564163096759, 52.50433718268085 ] }, { "type": "LineString", "coordinates": [ [ 13.332552862818538, 52.503997663569649 ], [ 13.334472618022303, 52.504395945337762 ], [ 13.334955238045568, 52.504448178744603 ], [ 13.33564163096759, 52.50435024105586 ], [ 13.336338748779026, 52.504193540299987 ], [ 13.3376686350654, 52.503664671124902 ] ] } ] } },
{ "type": "Feature", "properties": { "id": "385/2026", "lms_id": "LMS-BR/r_LMS-BR/406301_LMS-BR/72", "tstore": "2026-06-17 12:12:55.614000+00:00", "object_state": "modified", "event_type": "Baustelle", "icon": "baustelle", "severity": "keine Sperrung", "direction": "Beidseitig", "street": "Charlottenburger Chaussee (Spandau)", "section": "in beiden Richtungen Höhe Stendelweg", "total_lanes": null, "closed_lanes": null, "content": "Arbeiten an Gasleitungen, Fahrbahn auf zwei Fahrstreifen je Richtung verengt. Im Anschluss folgen weitere Arbeiten (bis 09/26)", "is_future": null, "geometry_type": "GeometryCollection", "start_time": "2026-04-28T07:00:00", "end_time": "2026-09-04T17:00:00", "duration_hours": 3106.0, "duration_days": 129.41666666666666, "event_status": "Active", "closure_ratio": null, "closure_category": "No closure", "district_code": "005", "district_name": "Spandau", "map_longitude": 13.24023876090026, "map_latitude": 52.526302523565327, "start_date": "2026-04-28T00:00:00", "end_date": "2026-09-04T00:00:00", "start_year": 2026, "start_month": 4, "start_month_name": "April", "is_full_closure": false, "is_directional_closure": false, "is_active": true, "is_future_event": false }, "geometry": { "type": "GeometryCollection", "geometries": [ { "type": "Point", "coordinates": [ 13.24023876090026, 52.526302523565327 ] }, { "type": "LineString", "coordinates": [ [ 13.239595267535867, 52.526419963512808 ], [ 13.240903704043449, 52.526132887531254 ] ] } ] } },
{ "type": "Feature", "properties": { "id": "386/2026", "lms_id": "LMS-BR/r_LMS-BR/406425_LMS-BR/72", "tstore": "2026-07-13 16:14:24.335000+00:00", "object_state": "modified", "event_type": "Baustelle", "icon": "baustelle", "severity": "keine Sperrung", "direction": "Einseitig", "street": "Otto-Braun-Straße (Mitte)", "section": "in beiden Richtungen zwischen Alexanderstraße und Karl-Marx-Allee", "total_lanes": 8.0, "closed_lanes": 5.0, "content": "Leitungsarbeiten, Fahrbahnverengung", "is_future": null, "geometry_type": "GeometryCollection", "start_time": "2026-06-01T10:00:00", "end_time": "2026-07-31T17:00:00", "duration_hours": 1447.0, "duration_days": 60.291666666666664, "event_status": "Active", "closure_ratio": 0.625, "closure_category": "No closure", "district_code": "001", "district_name": "Mitte", "map_longitude": 13.415422439575197, "map_latitude": 52.520826755503052, "start_date": "2026-06-01T00:00:00", "end_date": "2026-07-31T00:00:00", "start_year": 2026, "start_month": 6, "start_month_name": "June", "is_full_closure": false, "is_directional_closure": false, "is_active": true, "is_future_event": false }, "geometry": { "type": "GeometryCollection", "geometries": [ { "type": "Point", "coordinates": [ 13.415422439575197, 52.520826755503052 ] }, { "type": "LineString", "coordinates": [ [ 13.415105938911438, 52.520539513449215 ], [ 13.415642380714418, 52.52105197807257 ] ] } ] } },
{ "type": "Feature", "properties": { "id": "390/2026", "lms_id": "LMS-BR/r_LMS-BR/406426_LMS-BR/72", "tstore": "2026-05-28 08:48:52.509000+00:00", "object_state": "modified", "event_type": "Baustelle", "icon": "baustelle", "severity": "keine Sperrung", "direction": "Beidseitig", "street": "Schöneberger Straße (Tempelhof)", "section": "gesamter Kreuzungsbereich Alboinstraße", "total_lanes": null, "closed_lanes": null, "content": "Umbau Knotenpunkt und Modernisierung der LZA, einzelne Fahrstreifen gesperrt", "is_future": null, "geometry_type": "GeometryCollection", "start_time": "2026-04-29T07:00:00", "end_time": "2026-08-20T17:00:00", "duration_hours": 2722.0, "duration_days": 113.41666666666667, "event_status": "Active", "closure_ratio": null, "closure_category": "No closure", "district_code": "007", "district_name": "Tempelhof-Schöneberg", "map_longitude": 13.372077961955087, "map_latitude": 52.469821747201834, "start_date": "2026-04-29T00:00:00", "end_date": "2026-08-20T00:00:00", "start_year": 2026, "start_month": 4, "start_month_name": "April", "is_full_closure": false, "is_directional_closure": false, "is_active": true, "is_future_event": false }, "geometry": { "type": "GeometryCollection", "geometries": [ { "type": "Point", "coordinates": [ 13.372077961955087, 52.469821747201834 ] }, { "type": "LineString", "coordinates": [ [ 13.37165969126824, 52.47007005043239 ], [ 13.372678555761853, 52.469462358466025 ] ] }, { "type": "LineString", "coordinates": [ [ 13.372442608194929, 52.470043913316211 ], [ 13.371541717484778, 52.469449289729425 ] ] } ] } },
{ "type": "Feature", "properties": { "id": "392/2026", "lms_id": "LMS-BR/r_LMS-BR/397763_LMS-BR/72", "tstore": "2026-05-20 14:11:54.734000+00:00", "object_state": "modified", "event_type": "Sperrung", "icon": "sperrung", "severity": "Fahrtrichtungssperrung", "direction": "Einseitig", "street": "Am Friedrichshain (Prenzlauer Berg)", "section": "Richtung Volkspark Friedrichshain zwischen Otto-Braun-Straße und Friedenstraße", "total_lanes": null, "closed_lanes": null, "content": "Bauarbeiten, Fahrtrichtung gesperrt für Kfz-Verkehr", "is_future": null, "geometry_type": "GeometryCollection", "start_time": "2026-04-30T10:00:00", "end_time": "2026-07-31T17:00:00", "duration_hours": 2215.0, "duration_days": 92.291666666666671, "event_status": "Active", "closure_ratio": null, "closure_category": "Directional closure", "district_code": "003", "district_name": "Pankow", "map_longitude": 13.424020958536124, "map_latitude": 52.528170545699858, "start_date": "2026-04-30T00:00:00", "end_date": "2026-07-31T00:00:00", "start_year": 2026, "start_month": 4, "start_month_name": "April", "is_full_closure": false, "is_directional_closure": true, "is_active": true, "is_future_event": false }, "geometry": { "type": "GeometryCollection", "geometries": [ { "type": "Point", "coordinates": [ 13.424020958536124, 52.528170545699858 ] }, { "type": "LineString", "coordinates": [ [ 13.423978058978497, 52.528173808523654 ], [ 13.424407054554759, 52.528088975026023 ], [ 13.424610827453474, 52.528075923704158 ], [ 13.424712713902831, 52.52808571219591 ], [ 13.424857499909853, 52.528108552001562 ] ] } ] } },
{ "type": "Feature", "properties": { "id": "396/2026", "lms_id": "LMS-BR/r_LMS-BR/351549_LMS-BR/72", "tstore": "2026-04-29 10:51:23.736000+00:00", "object_state": "modified", "event_type": "Baustelle", "icon": "baustelle", "severity": "keine Sperrung", "direction": "Einseitig", "street": "Holzmarktstraße (Friedrichshain)", "section": "Richtung Stralauer Platz zwischen Krautstraße und Andreasstraße", "total_lanes": null, "closed_lanes": null, "content": "Hochbauarbeiten, Fahrbahn auf einen Fahrstreifen verengt", "is_future": null, "geometry_type": "GeometryCollection", "start_time": "2024-11-04T07:00:00", "end_time": "2027-04-30T17:00:00", "duration_hours": 21778.0, "duration_days": 907.41666666666663, "event_status": "Active", "closure_ratio": null, "closure_category": "No closure", "district_code": "002", "district_name": "Friedrichshain-Kreuzberg", "map_longitude": 13.427132964134218, "map_latitude": 52.51154919368625, "start_date": "2024-11-04T00:00:00", "end_date": "2027-04-30T00:00:00", "start_year": 2024, "start_month": 11, "start_month_name": "November", "is_full_closure": false, "is_directional_closure": false, "is_active": true, "is_future_event": false }, "geometry": { "type": "GeometryCollection", "geometries": [ { "type": "Point", "coordinates": [ 13.427132964134218, 52.51154919368625 ] }, { "type": "LineString", "coordinates": [ [ 13.426913022994997, 52.511683049989472 ], [ 13.427760601043703, 52.511219448370731 ], [ 13.428050279617311, 52.51105620719995 ] ] } ] } },
{ "type": "Feature", "properties": { "id": "415/2026", "lms_id": "LMS-BR/r_LMS-BR/407167_LMS-BR/72", "tstore": "2026-05-05 09:03:50.831000+00:00", "object_state": "modified", "event_type": "Baustelle", "icon": "baustelle", "severity": "keine Sperrung", "direction": "Einseitig", "street": "Sewanstraße (Friedrichsfelde)", "section": "Richtung Am Tierpark zwischen Ontarioseestraße und Am Tierpark", "total_lanes": null, "closed_lanes": null, "content": "Hochbauarbeiten, Fahrbahn auf einen Fahrstreifen verengt. Die Ontariostraße ist von der Sewanstraße abgehängt (Sackgasse)", "is_future": null, "geometry_type": "GeometryCollection", "start_time": "2026-05-05T07:00:00", "end_time": "2027-05-31T17:00:00", "duration_hours": 9394.0, "duration_days": 391.41666666666669, "event_status": "Active", "closure_ratio": null, "closure_category": "No closure", "district_code": "011", "district_name": "Lichtenberg", "map_longitude": 13.5234135389328, "map_latitude": 52.495614116394968, "start_date": "2026-05-05T00:00:00", "end_date": "2027-05-31T00:00:00", "start_year": 2026, "start_month": 5, "start_month_name": "May", "is_full_closure": false, "is_directional_closure": false, "is_active": true, "is_future_event": false }, "geometry": { "type": "GeometryCollection", "geometries": [ { "type": "Point", "coordinates": [ 13.5234135389328, 52.495614116394968 ] }, { "type": "LineString", "coordinates": [ [ 13.523188233375551, 52.495561860739031 ], [ 13.524304032325746, 52.495823138397732 ] ] }, { "type": "LineString", "coordinates": [ [ 13.523300886154177, 52.495578190638184 ], [ 13.52347254753113, 52.49528425152559 ] ] } ] } },
{ "type": "Feature", "properties": { "id": "417/2026", "lms_id": "LMS-BR/r_LMS-BR/387548_LMS-BR/72", "tstore": "2026-07-22 10:41:04.845000+00:00", "object_state": "modified", "event_type": "Sperrung", "icon": "sperrung", "severity": "Fahrtrichtungssperrung", "direction": "Einseitig", "street": "Gustav-Adolf-Straße (Weißensee)", "section": "Richtung Rennbahnstraße zwischen Gäblerstraße und Großer See", "total_lanes": 1.0, "closed_lanes": 1.0, "content": "Leitungsarbeiten, Fahrtrichtung für den Kfz-Verkehr gesperrt, Anbindung Gäblerstraße gesperrt", "is_future": null, "geometry_type": "GeometryCollection", "start_time": "2025-10-22T07:00:00", "end_time": "2026-11-13T17:00:00", "duration_hours": 9298.0, "duration_days": 387.41666666666669, "event_status": "Active", "closure_ratio": 1.0, "closure_category": "Directional closure", "district_code": "003", "district_name": "Pankow", "map_longitude": 13.445270060838087, "map_latitude": 52.558222726932776, "start_date": "2025-10-22T00:00:00", "end_date": "2026-11-13T00:00:00", "start_year": 2025, "start_month": 10, "start_month_name": "October", "is_full_closure": false, "is_directional_closure": true, "is_active": true, "is_future_event": false }, "geometry": { "type": "GeometryCollection", "geometries": [ { "type": "Point", "coordinates": [ 13.445270060838087, 52.558222726932776 ] }, { "type": "LineString", "coordinates": [ [ 13.444519042313917, 52.557886366511063 ], [ 13.44844150451536, 52.559596823586539 ] ] } ] } },
{ "type": "Feature", "properties": { "id": "427/2026", "lms_id": "LMS-BR/r_LMS-BR/407405_LMS-BR/72", "tstore": "2026-07-23 12:36:26.553000+00:00", "object_state": "modified", "event_type": "Baustelle", "icon": "baustelle", "severity": "keine Sperrung", "direction": "Beidseitig", "street": "Haselhorster Damm (Haselhorst)", "section": "in beiden Richtungen zwischen Burscheider Weg und Saatwinkler Weg", "total_lanes": null, "closed_lanes": null, "content": "Arbeiten am Gasnetz, Fahrbahn verengt und verschwenkt, Anbindung Saatwinkler Damm und Burscheider Weg zweitweise gesperrt", "is_future": null, "geometry_type": "GeometryCollection", "start_time": "2026-05-07T07:00:00", "end_time": "2026-08-21T17:00:00", "duration_hours": 2554.0, "duration_days": 106.41666666666667, "event_status": "Active", "closure_ratio": null, "closure_category": "No closure", "district_code": "005", "district_name": "Spandau", "map_longitude": 13.237827582476578, "map_latitude": 52.545597219324847, "start_date": "2026-05-07T00:00:00", "end_date": "2026-08-21T00:00:00", "start_year": 2026, "start_month": 5, "start_month_name": "May", "is_full_closure": false, "is_directional_closure": false, "is_active": true, "is_future_event": false }, "geometry": { "type": "GeometryCollection", "geometries": [ { "type": "Point", "coordinates": [ 13.237827582476578, 52.545597219324847 ] }, { "type": "LineString", "coordinates": [ [ 13.237344962453312, 52.546288658055865 ], [ 13.238385276725717, 52.544794875823655 ] ] } ] } },
{ "type": "Feature", "properties": { "id": "437/2026", "lms_id": "LMS-BR/r_LMS-BR/371988_LMS-BR/72", "tstore": "2026-05-28 15:14:07.255000+00:00", "object_state": "modified", "event_type": "Baustelle", "icon": "baustelle", "severity": "keine Sperrung", "direction": "Einseitig", "street": "Bucher Chaussee (Karow)", "section": "stadtauswärts in Höhe Achillesstraße", "total_lanes": null, "closed_lanes": null, "content": "Stromleitungsbauarbeiten, ein Fahrstreifen gesperrt", "is_future": null, "geometry_type": "GeometryCollection", "start_time": "2026-05-08T08:00:00", "end_time": "2026-07-31T17:00:00", "duration_hours": 2025.0, "duration_days": 84.375, "event_status": "Active", "closure_ratio": null, "closure_category": "No closure", "district_code": "003", "district_name": "Pankow", "map_longitude": 13.48746106343466, "map_latitude": 52.617856506905312, "start_date": "2026-05-08T00:00:00", "end_date": "2026-07-31T00:00:00", "start_year": 2026, "start_month": 5, "start_month_name": "May", "is_full_closure": false, "is_directional_closure": false, "is_active": true, "is_future_event": false }, "geometry": { "type": "GeometryCollection", "geometries": [ { "type": "Point", "coordinates": [ 13.48746106343466, 52.617856506905312 ] }, { "type": "LineString", "coordinates": [ [ 13.487664836333376, 52.618113742562244 ], [ 13.487444976100553, 52.617866275375576 ] ] } ] } },
{ "type": "Feature", "properties": { "id": "441/2026", "lms_id": "LMS-BR/r_LMS-BR/409102_LMS-BR/72", "tstore": "2026-06-22 16:20:11.539000+00:00", "object_state": "modified", "event_type": "Baustelle", "icon": "baustelle", "severity": "keine Sperrung", "direction": "Einseitig", "street": "Schnellerstraße (Niederschöneweide)", "section": "stadteinwärts zwischen Karlshorster Straße und Minna-Todenhagen-Straße", "total_lanes": 3.0, "closed_lanes": 1.0, "content": "Leitungsarbeiten, Fahrbahn auf zwei Fahrstreifen verengt", "is_future": null, "geometry_type": "GeometryCollection", "start_time": "2026-05-22T10:00:00", "end_time": "2026-08-31T17:00:00", "duration_hours": 2431.0, "duration_days": 101.29166666666667, "event_status": "Active", "closure_ratio": 0.33333333333333331, "closure_category": "No closure", "district_code": "009", "district_name": "Treptow-Köpenick", "map_longitude": 13.502528387604878, "map_latitude": 52.461598952039559, "start_date": "2026-05-22T00:00:00", "end_date": "2026-08-31T00:00:00", "start_year": 2026, "start_month": 5, "start_month_name": "May", "is_full_closure": false, "is_directional_closure": false, "is_active": true, "is_future_event": false }, "geometry": { "type": "GeometryCollection", "geometries": [ { "type": "Point", "coordinates": [ 13.502528387604878, 52.461598952039559 ] }, { "type": "LineString", "coordinates": [ [ 13.502544474938983, 52.461595684272055 ], [ 13.500013401039073, 52.463216467163065 ] ] } ] } },
{ "type": "Feature", "properties": { "id": "444/2026", "lms_id": "LMS-BR/r_LMS-BR/407835_LMS-BR/72", "tstore": "2026-05-11 07:27:11.283000+00:00", "object_state": "modified", "event_type": "Baustelle", "icon": "baustelle", "severity": "keine Sperrung", "direction": "Beidseitig", "street": "Südostallee (Johannisthal)", "section": "in beiden Richtungen zwischen Radenzer Straße und Kiefholzstraße", "total_lanes": null, "closed_lanes": null, "content": "Brückenarbeiten, Fahrbahn auf einen Fahrstreifen je Richtung verengt", "is_future": null, "geometry_type": "GeometryCollection", "start_time": "2026-05-11T07:00:00", "end_time": "2026-10-15T17:00:00", "duration_hours": 3778.0, "duration_days": 157.41666666666666, "event_status": "Active", "closure_ratio": null, "closure_category": "No closure", "district_code": "009", "district_name": "Treptow-Köpenick", "map_longitude": 13.485878705978395, "map_latitude": 52.459784830382681, "start_date": "2026-05-11T00:00:00", "end_date": "2026-10-15T00:00:00", "start_year": 2026, "start_month": 5, "start_month_name": "May", "is_full_closure": false, "is_directional_closure": false, "is_active": true, "is_future_event": false }, "geometry": { "type": "GeometryCollection", "geometries": [ { "type": "Point", "coordinates": [ 13.485878705978395, 52.459784830382681 ] }, { "type": "LineString", "coordinates": [ [ 13.485310077667238, 52.459971142304738 ], [ 13.486441969871523, 52.459621398222971 ] ] } ] } },
{ "type": "Feature", "properties": { "id": "455/2026", "lms_id": "LMS-BR/r_LMS-BR/407953_LMS-BR/72", "tstore": "2026-07-21 09:24:56.424000+00:00", "object_state": "modified", "event_type": "Sperrung", "icon": "sperrung", "severity": "Fahrtrichtungssperrung", "direction": "Einseitig", "street": "Tauentzienstraße (Charlottenburg)", "section": "Richtung Kurfürstendamm zwischen Nürnberger Straße und Joachimthaler Straße", "total_lanes": 2.0, "closed_lanes": 2.0, "content": "Bruch einer Fernwärmeleitung, Fahrtrichtung für den Kfz-Verkehr gesperrt", "is_future": null, "geometry_type": "GeometryCollection", "start_time": "2026-05-12T09:00:00", "end_time": "2026-12-31T17:00:00", "duration_hours": 5600.0, "duration_days": 233.33333333333334, "event_status": "Active", "closure_ratio": 1.0, "closure_category": "Directional closure", "district_code": "004", "district_name": "Charlottenburg-Wilmersdorf", "map_longitude": 13.339273453020727, "map_latitude": 52.503263649039958, "start_date": "2026-05-12T00:00:00", "end_date": "2026-12-31T00:00:00", "start_year": 2026, "start_month": 5, "start_month_name": "May", "is_full_closure": false, "is_directional_closure": true, "is_active": true, "is_future_event": false }, "geometry": { "type": "GeometryCollection", "geometries": [ { "type": "Point", "coordinates": [ 13.339273453020727, 52.503263649039958 ] }, { "type": "LineString", "coordinates": [ [ 13.339273453020727, 52.503263649039958 ], [ 13.336870193743383, 52.504209024404616 ] ] } ] } },
{ "type": "Feature", "properties": { "id": "456/2026", "lms_id": "LMS-BR/r_LMS-BR/408040_LMS-BR/72", "tstore": "2026-05-13 17:31:32.427000+00:00", "object_state": "modified", "event_type": "Sperrung", "icon": "sperrung", "severity": "Fahrtrichtungssperrung", "direction": "Einseitig", "street": "Möckernstraße (Kreuzberg)", "section": "Richtung Kreuzbergstraße zwischen Tempelhofer Ufer und Obentrautstraße", "total_lanes": null, "closed_lanes": null, "content": "Hochbaumaßnahme, Fahrtrichtung für den Kfz-Verkehr gesperrt", "is_future": null, "geometry_type": "GeometryCollection", "start_time": "2025-05-12T07:00:00", "end_time": "2026-08-01T17:00:00", "duration_hours": 10714.0, "duration_days": 446.41666666666669, "event_status": "Active", "closure_ratio": null, "closure_category": "Directional closure", "district_code": "002", "district_name": "Friedrichshain-Kreuzberg", "map_longitude": 13.380028009414673, "map_latitude": 52.498145175376408, "start_date": "2025-05-12T00:00:00", "end_date": "2026-08-01T00:00:00", "start_year": 2025, "start_month": 5, "start_month_name": "May", "is_full_closure": false, "is_directional_closure": true, "is_active": true, "is_future_event": false }, "geometry": { "type": "GeometryCollection", "geometries": [ { "type": "Point", "coordinates": [ 13.380028009414673, 52.498145175376408 ] }, { "type": "LineString", "coordinates": [ [ 13.380188941955568, 52.498687292934981 ], [ 13.379877805709841, 52.497681430955474 ], [ 13.379813432693481, 52.497439759388996 ] ] } ] } },
{ "type": "Feature", "properties": { "id": "457/2026", "lms_id": "LMS-BR/r_LMS-BR/407959_LMS-BR/72", "tstore": "2026-07-17 10:14:18.365000+00:00", "object_state": "modified", "event_type": "Sperrung", "icon": "sperrung", "severity": "Fahrtrichtungssperrung", "direction": "Einseitig", "street": "Großbeerenstraße (Kreuzberg)", "section": "Richtung Kreuzbergstraße zwischen Tempelhofer Ufer und Obentrautstraße", "total_lanes": 1.0, "closed_lanes": 1.0, "content": "Tiefbauarbeiten, Fahrtrichtung für den Kfz- und Radverkehr gesperrt", "is_future": null, "geometry_type": "GeometryCollection", "start_time": "2026-04-30T07:00:00", "end_time": "2026-08-31T17:00:00", "duration_hours": 2962.0, "duration_days": 123.41666666666667, "event_status": "Active", "closure_ratio": 1.0, "closure_category": "Directional closure", "district_code": "002", "district_name": "Friedrichshain-Kreuzberg", "map_longitude": 13.385055541730255, "map_latitude": 52.498106381715985, "start_date": "2026-04-30T00:00:00", "end_date": "2026-08-31T00:00:00", "start_year": 2026, "start_month": 4, "start_month_name": "April", "is_full_closure": false, "is_directional_closure": true, "is_active": true, "is_future_event": false }, "geometry": { "type": "GeometryCollection", "geometries": [ { "type": "Point", "coordinates": [ 13.385055541730255, 52.498106381715985 ] }, { "type": "LineString", "coordinates": [ [ 13.385175704825089, 52.498421110697713 ], [ 13.384566307067871, 52.496786062395515 ] ] } ] } },
{ "type": "Feature", "properties": { "id": "461/2026", "lms_id": "LMS-BR/r_LMS-BR/407975_LMS-BR/72", "tstore": "2026-05-13 17:30:36.952000+00:00", "object_state": "modified", "event_type": "Baustelle", "icon": "baustelle", "severity": "keine Sperrung", "direction": "Beidseitig", "street": "Ruhlebener Straße (Spandau)", "section": "in beiden Richtungen in Höhe Grunewaldstraße", "total_lanes": null, "closed_lanes": null, "content": "Leitungsarbeiten, Fahrbahn auf einen Fahrstreifen je Richtung verengt. Das Linksabbiegen in die Grunewaldstraße ist nicht möglich", "is_future": null, "geometry_type": "GeometryCollection", "start_time": "2026-05-08T07:00:00", "end_time": "2026-08-18T17:00:00", "duration_hours": 2458.0, "duration_days": 102.41666666666667, "event_status": "Active", "closure_ratio": null, "closure_category": "No closure", "district_code": "005", "district_name": "Spandau", "map_longitude": 13.204767107963564, "map_latitude": 52.53016109989526, "start_date": "2026-05-08T00:00:00", "end_date": "2026-08-18T00:00:00", "start_year": 2026, "start_month": 5, "start_month_name": "May", "is_full_closure": false, "is_directional_closure": false, "is_active": true, "is_future_event": false }, "geometry": { "type": "GeometryCollection", "geometries": [ { "type": "Point", "coordinates": [ 13.204767107963564, 52.53016109989526 ] }, { "type": "LineString", "coordinates": [ [ 13.204198479652407, 52.53047112275042 ], [ 13.205292820930483, 52.529900026319751 ] ] } ] } },
{ "type": "Feature", "properties": { "id": "462/2026", "lms_id": null, "tstore": "2026-06-22 12:36:02.004000+00:00", "object_state": "modified", "event_type": "Sperrung", "icon": "sperrung", "severity": "Vollsperrung", "direction": "Beidseitig", "street": "Felixstraße (Tempelhof)", "section": "in beiden Richtungen zwischen Albrechtstraße und Götzstraße", "total_lanes": null, "closed_lanes": null, "content": "Leitungsarbeiten, Vollsperrung für den Kfz-Verkehr", "is_future": null, "geometry_type": "GeometryCollection", "start_time": "2026-05-12T07:00:00", "end_time": "2026-08-14T17:00:00", "duration_hours": 2266.0, "duration_days": 94.416666666666671, "event_status": "Active", "closure_ratio": null, "closure_category": "Full closure", "district_code": "007", "district_name": "Tempelhof-Schöneberg", "map_longitude": 13.394210244403826, "map_latitude": 52.461062970978098, "start_date": "2026-05-12T00:00:00", "end_date": "2026-08-14T00:00:00", "start_year": 2026, "start_month": 5, "start_month_name": "May", "is_full_closure": true, "is_directional_closure": false, "is_active": true, "is_future_event": false }, "geometry": { "type": "GeometryCollection", "geometries": [ { "type": "Point", "coordinates": [ 13.394210244403826, 52.461062970978098 ] }, { "type": "LineString", "coordinates": [ [ 13.394274593740246, 52.461370143777017 ], [ 13.394156619956782, 52.460696975057914 ] ] } ] } },
{ "type": "Feature", "properties": { "id": "467/2026", "lms_id": "LMS-BR/r_LMS-BR/408590_LMS-BR/72", "tstore": "2026-05-19 11:52:11.632000+00:00", "object_state": "modified", "event_type": "Baustelle", "icon": "baustelle", "severity": "keine Sperrung", "direction": "Einseitig", "street": "Greifswalder Straße (Prenzlauer Berg)", "section": "stadtauswärts zwischen Käthe-Niederkirchner-Straße und Hufelandstraße", "total_lanes": null, "closed_lanes": null, "content": "Bauarbeiten, Fahrbahn auf einen Fahrstreifen verengt", "is_future": null, "geometry_type": "GeometryCollection", "start_time": "2026-05-18T12:00:00", "end_time": "2026-08-31T17:00:00", "duration_hours": 2525.0, "duration_days": 105.20833333333333, "event_status": "Active", "closure_ratio": null, "closure_category": "No closure", "district_code": "003", "district_name": "Pankow", "map_longitude": 13.428496845739671, "map_latitude": 52.532085118911361, "start_date": "2026-05-18T00:00:00", "end_date": "2026-08-31T00:00:00", "start_year": 2026, "start_month": 5, "start_month_name": "May", "is_full_closure": false, "is_directional_closure": false, "is_active": true, "is_future_event": false }, "geometry": { "type": "GeometryCollection", "geometries": [ { "type": "Point", "coordinates": [ 13.428496845739671, 52.532085118911361 ] }, { "type": "LineString", "coordinates": [ [ 13.428432496403214, 52.532032918350723 ], [ 13.429397736449785, 52.532842020067577 ] ] } ] } },
{ "type": "Feature", "properties": { "id": "493/2026", "lms_id": "LMS-BR/r_LMS-BR/408759_LMS-BR/72", "tstore": "2026-05-21 08:39:21.287000+00:00", "object_state": "modified", "event_type": "Sperrung", "icon": "sperrung", "severity": "Fahrtrichtungssperrung", "direction": "Einseitig", "street": "Wittekindstraße (Tempelhof)", "section": "Richtung Tankredstraße ab Arnulfstraße", "total_lanes": null, "closed_lanes": null, "content": "Fahrtrichtung gesperrt", "is_future": null, "geometry_type": "GeometryCollection", "start_time": "2026-02-18T07:00:00", "end_time": "2026-11-13T17:00:00", "duration_hours": 6442.0, "duration_days": 268.41666666666669, "event_status": "Active", "closure_ratio": null, "closure_category": "Directional closure", "district_code": "007", "district_name": "Tempelhof-Schöneberg", "map_longitude": 13.372185230255129, "map_latitude": 52.455394831880056, "start_date": "2026-02-18T00:00:00", "end_date": "2026-11-13T00:00:00", "start_year": 2026, "start_month": 2, "start_month_name": "February", "is_full_closure": false, "is_directional_closure": true, "is_active": true, "is_future_event": false }, "geometry": { "type": "GeometryCollection", "geometries": [ { "type": "Point", "coordinates": [ 13.372185230255129, 52.455394831880056 ] }, { "type": "LineString", "coordinates": [ [ 13.372206687927248, 52.455571355529742 ], [ 13.372120857238771, 52.454888139695747 ] ] } ] } },
{ "type": "Feature", "properties": { "id": "494/2026", "lms_id": "LMS-BR/r_LMS-BR/408760_LMS-BR/72", "tstore": "2026-05-21 08:39:41.411000+00:00", "object_state": "modified", "event_type": "Sperrung", "icon": "sperrung", "severity": "Fahrtrichtungssperrung", "direction": "Einseitig", "street": "Paul-Schmidt-Straße (Tempelhof)", "section": "Richtung Attilastraße zwischen Arnulfstraße und Gerdsmeyerweg", "total_lanes": null, "closed_lanes": null, "content": "Fahrtrichtung gesperrt", "is_future": null, "geometry_type": "GeometryCollection", "start_time": "2026-02-18T07:00:00", "end_time": "2026-11-13T17:00:00", "duration_hours": 6442.0, "duration_days": 268.41666666666669, "event_status": "Active", "closure_ratio": null, "closure_category": "Directional closure", "district_code": "007", "district_name": "Tempelhof-Schöneberg", "map_longitude": 13.367502093315126, "map_latitude": 52.45547328692286, "start_date": "2026-02-18T00:00:00", "end_date": "2026-11-13T00:00:00", "start_year": 2026, "start_month": 2, "start_month_name": "February", "is_full_closure": false, "is_directional_closure": true, "is_active": true, "is_future_event": false }, "geometry": { "type": "GeometryCollection", "geometries": [ { "type": "Point", "coordinates": [ 13.367502093315126, 52.45547328692286 ] }, { "type": "LineString", "coordinates": [ [ 13.367534279823305, 52.455751147408492 ], [ 13.367486000061037, 52.45551578334598 ], [ 13.367523550987245, 52.455434059418927 ], [ 13.367566466331484, 52.455368680168078 ], [ 13.367679119110109, 52.455286955968027 ], [ 13.367743492126467, 52.455260804191987 ], [ 13.367893695831301, 52.455211769570028 ], [ 13.368011713027956, 52.455192155705952 ], [ 13.368371129035951, 52.455182348770649 ], [ 13.368735909461975, 52.455175810812541 ], [ 13.369186520576479, 52.45516273489347 ] ] } ] } },
{ "type": "Feature", "properties": { "id": "495/2026", "lms_id": "LMS-BR/r_LMS-BR/408929_LMS-BR/72", "tstore": "2026-05-21 08:40:09.029000+00:00", "object_state": "modified", "event_type": "Sperrung", "icon": "sperrung", "severity": "Vollsperrung", "direction": "Beidseitig", "street": "Senheimer Straße (Frohnau)", "section": "in beiden Richtungen zwischen Königsbacher Zeile und Schönfließer Straße", "total_lanes": null, "closed_lanes": null, "content": "Straßenarbeiten, Vollsperrung für den Kfz- und Radverkehr. Die Huttenstraße ist in beiden Richtungen von der Senheimer Straße abgehängt (Sackgasse). Eine Umleitung ist ausgeschildert", "is_future": null, "geometry_type": "GeometryCollection", "start_time": "2026-05-21T07:00:00", "end_time": "2026-08-21T17:00:00", "duration_hours": 2218.0, "duration_days": 92.416666666666671, "event_status": "Active", "closure_ratio": null, "closure_category": "Full closure", "district_code": "012", "district_name": "Reinickendorf", "map_longitude": 13.291976451873781, "map_latitude": 52.640273800708783, "start_date": "2026-05-21T00:00:00", "end_date": "2026-08-21T00:00:00", "start_year": 2026, "start_month": 5, "start_month_name": "May", "is_full_closure": true, "is_directional_closure": false, "is_active": true, "is_future_event": false }, "geometry": { "type": "GeometryCollection", "geometries": [ { "type": "Point", "coordinates": [ 13.291976451873781, 52.640273800708783 ] }, { "type": "LineString", "coordinates": [ [ 13.292024731636049, 52.641712584991595 ], [ 13.291949629783632, 52.641494491774758 ], [ 13.291895985603334, 52.641042026259633 ], [ 13.291917443275452, 52.640478879188663 ], [ 13.292051553726198, 52.639958043074195 ] ] }, { "type": "LineString", "coordinates": [ [ 13.292035460472109, 52.640062210793197 ], [ 13.292207121849062, 52.640101273623884 ] ] } ] } },
{ "type": "Feature", "properties": { "id": "496/2026", "lms_id": "LMS-BR/r_LMS-BR/408931_LMS-BR/72", "tstore": "2026-07-01 07:24:17.200000+00:00", "object_state": "modified", "event_type": "Baustelle", "icon": "baustelle", "severity": "keine Sperrung", "direction": "Beidseitig", "street": "Müllerstraße (Wedding)", "section": "Kreuzung Luxemburger Straße/Schulstraße", "total_lanes": 4.0, "closed_lanes": 2.0, "content": "Arbeiten an Gasleitungen, Verkehrseinschränkungen. Das Linksabbiegen von der Müllerstraße (Richtung stadtauswärts) auf die Luxemburger Straße ist nicht möglich.", "is_future": null, "geometry_type": "GeometryCollection", "start_time": "2026-05-21T07:00:00", "end_time": "2026-07-31T17:00:00", "duration_hours": 1714.0, "duration_days": 71.416666666666671, "event_status": "Active", "closure_ratio": 0.5, "closure_category": "No closure", "district_code": "001", "district_name": "Mitte", "map_longitude": 13.359219431877138, "map_latitude": 52.546370728309832, "start_date": "2026-05-21T00:00:00", "end_date": "2026-07-31T00:00:00", "start_year": 2026, "start_month": 5, "start_month_name": "May", "is_full_closure": false, "is_directional_closure": false, "is_active": true, "is_future_event": false }, "geometry": { "type": "GeometryCollection", "geometries": [ { "type": "Point", "coordinates": [ 13.359219431877138, 52.546370728309832 ] }, { "type": "LineString", "coordinates": [ [ 13.359519839286806, 52.546207617739725 ], [ 13.358822464942934, 52.546599082089656 ] ] }, { "type": "LineString", "coordinates": [ [ 13.359358906745911, 52.546514265110119 ], [ 13.358806371688845, 52.546184782211533 ] ] } ] } },
{ "type": "Feature", "properties": { "id": "499/2026", "lms_id": "LMS-BR/r_LMS-BR/408948_LMS-BR/72", "tstore": "2026-05-21 09:12:44.809000+00:00", "object_state": "modified", "event_type": "Sperrung", "icon": "sperrung", "severity": "Vollsperrung", "direction": "Beidseitig", "street": "Weserstraße (Neukölln)", "section": "in beiden Richtungen zwischen Innstraße und Treptower Straße", "total_lanes": null, "closed_lanes": null, "content": "Leitungsbauarbeiten, Vollsperrung für Kfz-Verkehr gesperrt", "is_future": null, "geometry_type": "GeometryCollection", "start_time": "2026-05-09T12:00:00", "end_time": "2026-08-28T17:00:00", "duration_hours": 2669.0, "duration_days": 111.20833333333333, "event_status": "Active", "closure_ratio": null, "closure_category": "Full closure", "district_code": "008", "district_name": "Neukölln", "map_longitude": 13.446587463009918, "map_latitude": 52.48056480735827, "start_date": "2026-05-09T00:00:00", "end_date": "2026-08-28T00:00:00", "start_year": 2026, "start_month": 5, "start_month_name": "May", "is_full_closure": true, "is_directional_closure": false, "is_active": true, "is_future_event": false }, "geometry": { "type": "GeometryCollection", "geometries": [ { "type": "Point", "coordinates": [ 13.446587463009918, 52.48056480735827 ] }, { "type": "LineString", "coordinates": [ [ 13.444399585571018, 52.481636160211892 ], [ 13.44941883381321, 52.479160250376758 ] ] } ] } },
{ "type": "Feature", "properties": { "id": "505/2026", "lms_id": "LMS-BR/r_LMS-BR/409559_LMS-BR/72", "tstore": "2026-07-22 10:45:54.531000+00:00", "object_state": "modified", "event_type": "Sperrung", "icon": "sperrung", "severity": "Vollsperrung", "direction": "Beidseitig", "street": "Ehrlichstraße (Karlshorst)", "section": "in beiden Richtungen zwischen Müritzstraße und Heiligenberger Straße", "total_lanes": 2.0, "closed_lanes": 2.0, "content": "Gleisbauarbeiten, Vollsperrung für Kfz-Verkehr", "is_future": null, "geometry_type": "GeometryCollection", "start_time": "2026-05-26T07:00:00", "end_time": "2026-09-06T17:00:00", "duration_hours": 2482.0, "duration_days": 103.41666666666667, "event_status": "Active", "closure_ratio": 1.0, "closure_category": "Full closure", "district_code": "011", "district_name": "Lichtenberg", "map_longitude": 13.518762588500978, "map_latitude": 52.481035647023461, "start_date": "2026-05-26T00:00:00", "end_date": "2026-09-06T00:00:00", "start_year": 2026, "start_month": 5, "start_month_name": "May", "is_full_closure": true, "is_directional_closure": false, "is_active": true, "is_future_event": false }, "geometry": { "type": "GeometryCollection", "geometries": [ { "type": "Point", "coordinates": [ 13.518762588500978, 52.481035647023461 ] }, { "type": "LineString", "coordinates": [ [ 13.515028953552248, 52.482675680203357 ], [ 13.52147161960602, 52.479849688526969 ] ] } ] } },
{ "type": "Feature", "properties": { "id": "509/2026", "lms_id": "LMS-BR/r_LMS-BR/409558_LMS-BR/72", "tstore": "2026-06-03 09:48:15.749000+00:00", "object_state": "modified", "event_type": "Sperrung", "icon": "sperrung", "severity": "Vollsperrung", "direction": "Beidseitig", "street": "Blockdammweg - Ehrlichstraße (Karlshorst)", "section": "gesamter Einmündungsbereich", "total_lanes": null, "closed_lanes": null, "content": "Bauarbeiten, Vollsperrung für den Kfz- und Radverkehr", "is_future": null, "geometry_type": "GeometryCollection", "start_time": "2026-05-26T07:00:00", "end_time": "2026-09-06T17:00:00", "duration_hours": 2482.0, "duration_days": 103.41666666666667, "event_status": "Active", "closure_ratio": null, "closure_category": "Full closure", "district_code": "011", "district_name": "Lichtenberg", "map_longitude": 13.511198759078979, "map_latitude": 52.48419477989853, "start_date": "2026-05-26T00:00:00", "end_date": "2026-09-06T00:00:00", "start_year": 2026, "start_month": 5, "start_month_name": "May", "is_full_closure": true, "is_directional_closure": false, "is_active": true, "is_future_event": false }, "geometry": { "type": "GeometryCollection", "geometries": [ { "type": "Point", "coordinates": [ 13.511198759078979, 52.48419477989853 ] }, { "type": "LineString", "coordinates": [ [ 13.513387441635134, 52.484880807727457 ], [ 13.511096835136415, 52.484214380842126 ], [ 13.510753512382509, 52.484237248598596 ], [ 13.509916663169863, 52.484266649982345 ] ] }, { "type": "LineString", "coordinates": [ [ 13.511102199554445, 52.484220914488056 ], [ 13.511316776275637, 52.484168645293515 ], [ 13.513081669807436, 52.48352507574571 ] ] } ] } },
{ "type": "Feature", "properties": { "id": "513/2026", "lms_id": "LMS-BR/r_LMS-BR/409561_LMS-BR/72", "tstore": "2026-05-28 08:15:03.789000+00:00", "object_state": "modified", "event_type": "Baustelle", "icon": "baustelle", "severity": "keine Sperrung", "direction": "Einseitig", "street": "Nonnendammallee (Siemensstadt)", "section": "stadteinwärts zwischen Otternbuchtstraße und Rohrdamm", "total_lanes": null, "closed_lanes": null, "content": "Stromnetzarbeiten, Fahrbahn auf zwei Fahrstreifen verengt", "is_future": null, "geometry_type": "GeometryCollection", "start_time": "2026-05-26T07:00:00", "end_time": "2026-10-30T17:00:00", "duration_hours": 3778.0, "duration_days": 157.41666666666666, "event_status": "Active", "closure_ratio": null, "closure_category": "No closure", "district_code": "005", "district_name": "Spandau", "map_longitude": 13.249275684356691, "map_latitude": 52.53791101471861, "start_date": "2026-05-26T00:00:00", "end_date": "2026-10-30T00:00:00", "start_year": 2026, "start_month": 5, "start_month_name": "May", "is_full_closure": false, "is_directional_closure": false, "is_active": true, "is_future_event": false }, "geometry": { "type": "GeometryCollection", "geometries": [ { "type": "Point", "coordinates": [ 13.249275684356691, 52.53791101471861 ] }, { "type": "LineString", "coordinates": [ [ 13.247859477996826, 52.538021950937022 ], [ 13.253341913223268, 52.537584730098722 ] ] } ] } },
{ "type": "Feature", "properties": { "id": "516/2026", "lms_id": "LMS-BR/r_LMS-BR/409725_LMS-BR/72", "tstore": "2026-07-15 09:02:42.204000+00:00", "object_state": "modified", "event_type": "Baustelle", "icon": "baustelle", "severity": "keine Sperrung", "direction": "Einseitig", "street": "Axel-Springer-Straße (Mitte)", "section": "Richtung Leipziger Straße in Höhe Krausenstraße", "total_lanes": 2.0, "closed_lanes": 1.0, "content": "Austausch von Schachtdeckeln, Fahrbahn auf einen Fahrstreifen verengt.", "is_future": null, "geometry_type": "GeometryCollection", "start_time": "2026-05-27T07:00:00", "end_time": "2026-08-14T17:00:00", "duration_hours": 1906.0, "duration_days": 79.416666666666671, "event_status": "Active", "closure_ratio": 0.5, "closure_category": "No closure", "district_code": "001", "district_name": "Mitte", "map_longitude": 13.400514721870424, "map_latitude": 52.509959210803586, "start_date": "2026-05-27T00:00:00", "end_date": "2026-08-14T00:00:00", "start_year": 2026, "start_month": 5, "start_month_name": "May", "is_full_closure": false, "is_directional_closure": false, "is_active": true, "is_future_event": false }, "geometry": { "type": "GeometryCollection", "geometries": [ { "type": "Point", "coordinates": [ 13.400514721870424, 52.509959210803586 ] }, { "type": "LineString", "coordinates": [ [ 13.400385975837709, 52.509831879091074 ], [ 13.400654196739199, 52.510096336850573 ] ] } ] } },
{ "type": "Feature", "properties": { "id": "523/2026", "lms_id": "LMS-BR/r_LMS-BR/410366_LMS-BR/72", "tstore": "2026-06-01 10:51:57.854000+00:00", "object_state": "modified", "event_type": "Sperrung", "icon": "sperrung", "severity": "Vollsperrung", "direction": "Beidseitig", "street": "Manteuffelstraße (Kreuzberg)", "section": "in beiden Richtungen zwischen Reichenberger Straße und Skalitzer Straße", "total_lanes": 2.0, "closed_lanes": 2.0, "content": "Leitungsarbeiten, Vollsperrung für den Kfz- und Radverkehr", "is_future": null, "geometry_type": "GeometryCollection", "start_time": "2026-06-01T07:00:00", "end_time": "2026-08-08T17:00:00", "duration_hours": 1642.0, "duration_days": 68.416666666666671, "event_status": "Active", "closure_ratio": 1.0, "closure_category": "Full closure", "district_code": "002", "district_name": "Friedrichshain-Kreuzberg", "map_longitude": 13.425303697586061, "map_latitude": 52.498047201610504, "start_date": "2026-06-01T00:00:00", "end_date": "2026-08-08T00:00:00", "start_year": 2026, "start_month": 6, "start_month_name": "June", "is_full_closure": true, "is_directional_closure": false, "is_active": true, "is_future_event": false }, "geometry": { "type": "GeometryCollection", "geometries": [ { "type": "Point", "coordinates": [ 13.425303697586061, 52.498047201610504 ] }, { "type": "LineString", "coordinates": [ [ 13.425153493881227, 52.497890443130927 ], [ 13.42558264732361, 52.498367248437575 ] ] } ] } },
{ "type": "Feature", "properties": { "id": "524/2026", "lms_id": "LMS-BR/r_LMS-BR/410368_LMS-BR/72", "tstore": "2026-06-01 10:51:02.528000+00:00", "object_state": "modified", "event_type": "Baustelle", "icon": "baustelle", "severity": "keine Sperrung", "direction": "Einseitig", "street": "Schönhauser Allee (Prenzlauer Berg)", "section": "Richtung Wisbyer Straße zwischen Sredzkistraße und Danziger Straße", "total_lanes": 2.0, "closed_lanes": 1.0, "content": "Baustelle, Fahrbahn auf einen Fahrstreifen verengt", "is_future": null, "geometry_type": "GeometryCollection", "start_time": "2026-06-01T07:00:00", "end_time": "2026-09-25T12:00:00", "duration_hours": 2789.0, "duration_days": 116.20833333333333, "event_status": "Active", "closure_ratio": 0.5, "closure_category": "No closure", "district_code": "003", "district_name": "Pankow", "map_longitude": 13.412321805953981, "map_latitude": 52.540005704223539, "start_date": "2026-06-01T00:00:00", "end_date": "2026-09-25T00:00:00", "start_year": 2026, "start_month": 6, "start_month_name": "June", "is_full_closure": false, "is_directional_closure": false, "is_active": true, "is_future_event": false }, "geometry": { "type": "GeometryCollection", "geometries": [ { "type": "Point", "coordinates": [ 13.412321805953981, 52.540005704223539 ] }, { "type": "LineString", "coordinates": [ [ 13.412353992462158, 52.538870277457008 ], [ 13.41231107711792, 52.54026019240132 ] ] } ] } },
{ "type": "Feature", "properties": { "id": "525/2026", "lms_id": "LMS-BR/r_LMS-BR/409870_LMS-BR/72", "tstore": "2026-07-23 08:48:48.540000+00:00", "object_state": "modified", "event_type": "Sperrung", "icon": "sperrung", "severity": "Vollsperrung", "direction": "Beidseitig", "street": "Westfälische Straße (Wilmersdorf)", "section": "Richtung Halensee zwischen Brandenburgische Straße und Konstanzer Straße", "total_lanes": 2.0, "closed_lanes": 2.0, "content": "Bauarbeiten, Fahrtrichtung gesperrt", "is_future": null, "geometry_type": "GeometryCollection", "start_time": "2026-05-28T07:00:00", "end_time": "2026-10-27T17:00:00", "duration_hours": 3658.0, "duration_days": 152.41666666666666, "event_status": "Active", "closure_ratio": 1.0, "closure_category": "Full closure", "district_code": "004", "district_name": "Charlottenburg-Wilmersdorf", "map_longitude": 13.312521877772717, "map_latitude": 52.491354892321993, "start_date": "2026-05-28T00:00:00", "end_date": "2026-10-27T00:00:00", "start_year": 2026, "start_month": 5, "start_month_name": "May", "is_full_closure": true, "is_directional_closure": false, "is_active": true, "is_future_event": false }, "geometry": { "type": "GeometryCollection", "geometries": [ { "type": "Point", "coordinates": [ 13.312521877772717, 52.491354892321993 ] }, { "type": "LineString", "coordinates": [ [ 13.312593577484327, 52.491356459512076 ], [ 13.312258974808918, 52.491304216358309 ], [ 13.311881474371368, 52.491335562377593 ], [ 13.309556415795658, 52.491972923999867 ] ] } ] } },
{ "type": "Feature", "properties": { "id": "526/2026", "lms_id": "LMS-BR/r_LMS-BR/306235_LMS-BR/72", "tstore": "2026-05-28 09:00:25.023000+00:00", "object_state": "new", "event_type": "Sperrung", "icon": "sperrung", "severity": "keine Sperrung", "direction": "Beidseitig", "street": "Gertraudenstraße (Mitte)", "section": "in beiden Richtungen zwischen Spittelmarkt und Fischerinsel", "total_lanes": 3.0, "closed_lanes": 2.0, "content": "Brückenprüfung, Fahrbahn auf zwei Fahrstreifen verengt, Gewichtsbeschränkung auf 18t", "is_future": null, "geometry_type": "GeometryCollection", "start_time": "2023-04-27T12:00:00", "end_time": "2028-03-31T17:00:00", "duration_hours": 43205.0, "duration_days": 1800.2083333333333, "event_status": "Active", "closure_ratio": 0.66666666666666663, "closure_category": "No closure", "district_code": "001", "district_name": "Mitte", "map_longitude": 13.403000218903014, "map_latitude": 52.512105964832706, "start_date": "2023-04-27T00:00:00", "end_date": "2028-03-31T00:00:00", "start_year": 2023, "start_month": 4, "start_month_name": "April", "is_full_closure": false, "is_directional_closure": false, "is_active": true, "is_future_event": false }, "geometry": { "type": "GeometryCollection", "geometries": [ { "type": "Point", "coordinates": [ 13.403000218903014, 52.512105964832706 ] }, { "type": "LineString", "coordinates": [ [ 13.405584441684537, 52.514059944607652 ], [ 13.402494121437119, 52.511885210720898 ], [ 13.40209710112757, 52.511650097908237 ], [ 13.401828844161647, 52.511545602921075 ], [ 13.401571317474351, 52.511454169603503 ], [ 13.401174297164804, 52.511356205123576 ] ] }, { "type": "LineString", "coordinates": [ [ 13.401260139393893, 52.511205992496819 ], [ 13.401743001932566, 52.51134967415048 ], [ 13.402204403913945, 52.511539071976152 ], [ 13.402633615059411, 52.511793778109883 ], [ 13.405777586700001, 52.513968516521423 ] ] } ] } },
{ "type": "Feature", "properties": { "id": "527/2026", "lms_id": "LMS-BR/r_LMS-BR/410364_LMS-BR/72", "tstore": "2026-06-01 10:49:59.874000+00:00", "object_state": "modified", "event_type": "Sperrung", "icon": "sperrung", "severity": "Fahrtrichtungssperrung", "direction": "Einseitig", "street": "Buckower Damm (Buckow)", "section": "stadteinwärts zwischen Ringslebenstraße und Möllnerweg", "total_lanes": 1.0, "closed_lanes": 1.0, "content": "Wasserleitungsbauarbeiten, Fahrtrichtung für den Kfz- und Radverkehr gesperrt", "is_future": null, "geometry_type": "GeometryCollection", "start_time": "2026-06-01T07:00:00", "end_time": "2026-07-31T17:00:00", "duration_hours": 1450.0, "duration_days": 60.416666666666664, "event_status": "Active", "closure_ratio": 1.0, "closure_category": "Directional closure", "district_code": "008", "district_name": "Neukölln", "map_longitude": 13.438162502610476, "map_latitude": 52.417523548950406, "start_date": "2026-06-01T00:00:00", "end_date": "2026-07-31T00:00:00", "start_year": 2026, "start_month": 6, "start_month_name": "June", "is_full_closure": false, "is_directional_closure": true, "is_active": true, "is_future_event": false }, "geometry": { "type": "GeometryCollection", "geometries": [ { "type": "Point", "coordinates": [ 13.438162502610476, 52.417523548950406 ] }, { "type": "LineString", "coordinates": [ [ 13.438162502610476, 52.417520276496035 ], [ 13.438264440257559, 52.419356085243642 ] ] } ] } },
{ "type": "Feature", "properties": { "id": "528/2026", "lms_id": "LMS-BR/r_LMS-BR/410384_LMS-BR/72", "tstore": "2026-06-01 10:49:14.065000+00:00", "object_state": "modified", "event_type": "Baustelle", "icon": "baustelle", "severity": "keine Sperrung", "direction": "Beidseitig", "street": "Kiefholzstraße (Baumschulenweg)", "section": "in beiden Richtungen zwischen Baumschulenstraße und Rinkartstraße", "total_lanes": 2.0, "closed_lanes": 1.0, "content": "Leitungsbau, eine Baustellenampel regelt den Verkehr. Die Mörikestraße ist von der Kiefholzstraße abgehängt (Sackgasse)", "is_future": null, "geometry_type": "GeometryCollection", "start_time": "2026-06-01T09:00:00", "end_time": "2026-08-21T17:00:00", "duration_hours": 1952.0, "duration_days": 81.333333333333329, "event_status": "Active", "closure_ratio": 0.5, "closure_category": "No closure", "district_code": "009", "district_name": "Treptow-Köpenick", "map_longitude": 13.485457725853275, "map_latitude": 52.466717063920562, "start_date": "2026-06-01T00:00:00", "end_date": "2026-08-21T00:00:00", "start_year": 2026, "start_month": 6, "start_month_name": "June", "is_full_closure": false, "is_directional_closure": false, "is_active": true, "is_future_event": false }, "geometry": { "type": "GeometryCollection", "geometries": [ { "type": "Point", "coordinates": [ 13.485457725853275, 52.466717063920562 ] }, { "type": "LineString", "coordinates": [ [ 13.486004672005205, 52.466351032683043 ], [ 13.484739188751739, 52.467213815731611 ] ] } ] } },
{ "type": "Feature", "properties": { "id": "530/2026", "lms_id": "LMS-BR/r_LMS-BR/410349_LMS-BR/72", "tstore": "2026-06-01 10:48:18.215000+00:00", "object_state": "modified", "event_type": "Sperrung", "icon": "sperrung", "severity": "Vollsperrung", "direction": "Beidseitig", "street": "Pölnitzweg (Buch)", "section": "in beiden Richtungen zwischen Alt-Buch und Röbellweg", "total_lanes": 2.0, "closed_lanes": 2.0, "content": "Brückenarbeiten, Vollsperrung. Eine Umleitung ist ausgeschildert. Die Straßen Viereckweg und Röntgentaler Weg sind vom Pölnitzweg abgehängt (Sackgasse)", "is_future": null, "geometry_type": "GeometryCollection", "start_time": "2026-06-01T06:00:00", "end_time": "2026-08-14T17:00:00", "duration_hours": 1787.0, "duration_days": 74.458333333333329, "event_status": "Active", "closure_ratio": 1.0, "closure_category": "Full closure", "district_code": "003", "district_name": "Pankow", "map_longitude": 13.498313426971437, "map_latitude": 52.640231482807543, "start_date": "2026-06-01T00:00:00", "end_date": "2026-08-14T00:00:00", "start_year": 2026, "start_month": 6, "start_month_name": "June", "is_full_closure": true, "is_directional_closure": false, "is_active": true, "is_future_event": false }, "geometry": { "type": "GeometryCollection", "geometries": [ { "type": "Point", "coordinates": [ 13.498313426971437, 52.640231482807543 ] }, { "type": "LineString", "coordinates": [ [ 13.496628999710083, 52.641370796631172 ], [ 13.498517274856569, 52.640094763154529 ], [ 13.499225378036501, 52.639932001105656 ], [ 13.499600887298584, 52.639736685847595 ] ] }, { "type": "LineString", "coordinates": [ [ 13.497712612152101, 52.64066768074867 ], [ 13.497980833053589, 52.640856481493749 ] ] }, { "type": "LineString", "coordinates": [ [ 13.498603105545046, 52.640114294559694 ], [ 13.499161005020142, 52.640478879188663 ] ] } ] } },
{ "type": "Feature", "properties": { "id": "551/2026", "lms_id": "LMS-BR/r_LMS-BR/410721_LMS-BR/72", "tstore": "2026-06-29 13:34:29.474000+00:00", "object_state": "modified", "event_type": "Baustelle", "icon": "baustelle", "severity": "keine Sperrung", "direction": "Einseitig", "street": "Blumberger Damm (Marzahn)", "section": "Richtung zwischen Hirschfelder Weg und Zinndorfer Straße", "total_lanes": 2.0, "closed_lanes": 1.0, "content": "Arbeiten an Gasleitungen, Fahrbahn auf einen Fahrstreifen verengt", "is_future": null, "geometry_type": "GeometryCollection", "start_time": "2026-06-04T09:00:00", "end_time": "2026-07-31T17:00:00", "duration_hours": 1376.0, "duration_days": 57.333333333333336, "event_status": "Active", "closure_ratio": 0.5, "closure_category": "No closure", "district_code": "010", "district_name": "Marzahn-Hellersdorf", "map_longitude": 13.570801629895595, "map_latitude": 52.544273503796518, "start_date": "2026-06-04T00:00:00", "end_date": "2026-07-31T00:00:00", "start_year": 2026, "start_month": 6, "start_month_name": "June", "is_full_closure": false, "is_directional_closure": false, "is_active": true, "is_future_event": false }, "geometry": { "type": "GeometryCollection", "geometries": [ { "type": "Point", "coordinates": [ 13.570801629895595, 52.544273503796518 ] }, { "type": "LineString", "coordinates": [ [ 13.570817717229742, 52.544302851798776 ], [ 13.570608581886299, 52.543702844297144 ] ] } ] } },
{ "type": "Feature", "properties": { "id": "554/2026", "lms_id": "LMS-BR/r_LMS-BR/410724_LMS-BR/72", "tstore": "2026-06-04 18:28:30.373000+00:00", "object_state": "modified", "event_type": "Sperrung", "icon": "sperrung", "severity": "keine Sperrung", "direction": "Beidseitig", "street": "Max-Dohrn-Straße (Charlottenburg-Nord)", "section": "in beiden Richtungen zwischen Tegeler Weg und Lise-Meitner-Straße", "total_lanes": 2.0, "closed_lanes": 1.0, "content": "Leitungsarbeiten, zwei Baustellenampeln regeln wechselseitig den Verkehr", "is_future": null, "geometry_type": "GeometryCollection", "start_time": "2026-06-04T10:00:00", "end_time": "2026-08-10T17:00:00", "duration_hours": 1615.0, "duration_days": 67.291666666666671, "event_status": "Active", "closure_ratio": 0.5, "closure_category": "No closure", "district_code": "004", "district_name": "Charlottenburg-Wilmersdorf", "map_longitude": 13.303301627902638, "map_latitude": 52.531496583457695, "start_date": "2026-06-04T00:00:00", "end_date": "2026-08-10T00:00:00", "start_year": 2026, "start_month": 6, "start_month_name": "June", "is_full_closure": false, "is_directional_closure": false, "is_active": true, "is_future_event": false }, "geometry": { "type": "GeometryCollection", "geometries": [ { "type": "Point", "coordinates": [ 13.303301627902638, 52.531496583457695 ] }, { "type": "LineString", "coordinates": [ [ 13.300899252675606, 52.531131173333016 ], [ 13.305897051139006, 52.531888090931545 ] ] } ] } },
{ "type": "Feature", "properties": { "id": "556/2026", "lms_id": "LMS-BR/r_LMS-BR/411199_LMS-BR/72", "tstore": "2026-06-09 12:25:50.811000+00:00", "object_state": "modified", "event_type": "Baustelle", "icon": "baustelle", "severity": "keine Sperrung", "direction": "Beidseitig", "street": "Dahlemer Weg (Zehlendorf)", "section": "in beiden Richtungen zwischen Curtiusstraße und Bolchener Straße", "total_lanes": 2.0, "closed_lanes": 1.0, "content": "Leitungsarbeiten, eine Baustellenampel regelt wechselseitig den Verkehr", "is_future": null, "geometry_type": "GeometryCollection", "start_time": "2026-06-08T10:00:00", "end_time": "2026-07-31T17:00:00", "duration_hours": 1279.0, "duration_days": 53.291666666666664, "event_status": "Active", "closure_ratio": 0.5, "closure_category": "No closure", "district_code": "006", "district_name": "Steglitz-Zehlendorf", "map_longitude": 13.280560019326662, "map_latitude": 52.434740307044272, "start_date": "2026-06-08T00:00:00", "end_date": "2026-07-31T00:00:00", "start_year": 2026, "start_month": 6, "start_month_name": "June", "is_full_closure": false, "is_directional_closure": false, "is_active": true, "is_future_event": false }, "geometry": { "type": "GeometryCollection", "geometries": [ { "type": "Point", "coordinates": [ 13.280560019326662, 52.434740307044272 ] }, { "type": "LineString", "coordinates": [ [ 13.280667268220711, 52.435050933201985 ], [ 13.280468857766683, 52.434452567176272 ] ] } ] } },
{ "type": "Feature", "properties": { "id": "557/2026", "lms_id": "LMS-BR/r_LMS-BR/411198_LMS-BR/72", "tstore": "2026-07-14 19:53:47.225000+00:00", "object_state": "modified", "event_type": "Baustelle", "icon": "baustelle", "severity": "keine Sperrung", "direction": "Beidseitig", "street": "Brandenburgische Straße (Wilmersdorf)", "section": "in beiden Richtungen zwischen Konstanzer Straße und Westfälische Straße", "total_lanes": 5.0, "closed_lanes": 2.0, "content": "Hochbau, Richtung Fehrbelliner Platz Fahrbahn auf einen Fahrstreifen verengt, Richtung Lewishamstraße Fahrbahn auf zwei Fahrstreifen verengt, im Anschluss folgen weitere Arbeiten", "is_future": null, "geometry_type": "GeometryCollection", "start_time": "2026-06-08T10:00:00", "end_time": "2026-10-27T17:00:00", "duration_hours": 3391.0, "duration_days": 141.29166666666666, "event_status": "Active", "closure_ratio": 0.4, "closure_category": "No closure", "district_code": "004", "district_name": "Charlottenburg-Wilmersdorf", "map_longitude": 13.31108287530877, "map_latitude": 52.492547085572859, "start_date": "2026-06-08T00:00:00", "end_date": "2026-10-27T00:00:00", "start_year": 2026, "start_month": 6, "start_month_name": "June", "is_full_closure": false, "is_directional_closure": false, "is_active": true, "is_future_event": false }, "geometry": { "type": "GeometryCollection", "geometries": [ { "type": "Point", "coordinates": [ 13.31108287530877, 52.492547085572859 ] }, { "type": "LineString", "coordinates": [ [ 13.310192709488037, 52.493415691954333 ], [ 13.311104325087602, 52.49253402369181 ], [ 13.312670158940941, 52.491384562968022 ] ] }, { "type": "LineString", "coordinates": [ [ 13.312852482060824, 52.491508653924591 ], [ 13.31114722464523, 52.492690766008188 ], [ 13.310203434377453, 52.49357896191502 ] ] } ] } },
{ "type": "Feature", "properties": { "id": "558/2026", "lms_id": "LMS-BR/r_LMS-BR/411290_LMS-BR/72", "tstore": "2026-07-09 10:34:13.790000+00:00", "object_state": "modified", "event_type": "Baustelle", "icon": "baustelle", "severity": "keine Sperrung", "direction": "Einseitig", "street": "Bulgarische Straße (Plänterwald)", "section": "Richtung Puschkinallee zwischen Erwin-Bennewitz-Weg und Neue Krugallee", "total_lanes": 2.0, "closed_lanes": 1.0, "content": "Leitungsbauarbeiten, Fahrbahn auf einen Fahrstreifen verengt", "is_future": null, "geometry_type": "GeometryCollection", "start_time": "2026-06-09T07:00:00", "end_time": "2026-09-15T17:00:00", "duration_hours": 2362.0, "duration_days": 98.416666666666671, "event_status": "Active", "closure_ratio": 0.5, "closure_category": "No closure", "district_code": "009", "district_name": "Treptow-Köpenick", "map_longitude": 13.477443611303853, "map_latitude": 52.483532547010128, "start_date": "2026-06-09T00:00:00", "end_date": "2026-09-15T00:00:00", "start_year": 2026, "start_month": 6, "start_month_name": "June", "is_full_closure": false, "is_directional_closure": false, "is_active": true, "is_future_event": false }, "geometry": { "type": "GeometryCollection", "geometries": [ { "type": "Point", "coordinates": [ 13.477443611303853, 52.483532547010128 ] }, { "type": "LineString", "coordinates": [ [ 13.476253148579735, 52.48299036457712 ], [ 13.479427715844039, 52.484486249291493 ] ] } ] } },
{ "type": "Feature", "properties": { "id": "559/2026", "lms_id": "LMS-BR/r_LMS-BR/411189_LMS-BR/72", "tstore": "2026-07-20 07:56:02.310000+00:00", "object_state": "modified", "event_type": "Sperrung", "icon": "sperrung", "severity": "Fahrtrichtungssperrung", "direction": "Einseitig", "street": "Vulkanstraße (Fennpfuhl)", "section": "Richtung Landsberger Allee zwischen Josef-Orlopp-Straße und Herzbergstraße", "total_lanes": 1.0, "closed_lanes": 1.0, "content": "Leitungsbauarbeiten, Fahrtrichtung für Kfz-Verkehr gesperrt. Im Anschluss folgen weitere Arbeiten", "is_future": null, "geometry_type": "GeometryCollection", "start_time": "2026-06-08T09:00:00", "end_time": "2026-08-04T17:00:00", "duration_hours": 1376.0, "duration_days": 57.333333333333336, "event_status": "Active", "closure_ratio": 1.0, "closure_category": "Directional closure", "district_code": "011", "district_name": "Lichtenberg", "map_longitude": 13.485534538804355, "map_latitude": 52.523324069520108, "start_date": "2026-06-08T00:00:00", "end_date": "2026-08-04T00:00:00", "start_year": 2026, "start_month": 6, "start_month_name": "June", "is_full_closure": false, "is_directional_closure": true, "is_active": true, "is_future_event": false }, "geometry": { "type": "GeometryCollection", "geometries": [ { "type": "Point", "coordinates": [ 13.485534538804355, 52.523324069520108 ] }, { "type": "LineString", "coordinates": [ [ 13.485539901249084, 52.52331754315172 ], [ 13.485582800806709, 52.524273645788391 ] ] } ] } },
{ "type": "Feature", "properties": { "id": "561/2026", "lms_id": "LMS-BR/r_LMS-BR/410748_LMS-BR/72", "tstore": "2026-06-04 18:29:06.255000+00:00", "object_state": "modified", "event_type": "Sperrung", "icon": "sperrung", "severity": "Vollsperrung", "direction": "Beidseitig", "street": "Dahmestraße (Bohnsdorf)", "section": "in beiden Richtungen zwischen Buntzelstraße und Hundsfelder Straße", "total_lanes": 2.0, "closed_lanes": 2.0, "content": "Kanalarbeiten, Vollsperrung für den Kfz- und Radverkehr", "is_future": null, "geometry_type": "GeometryCollection", "start_time": "2026-05-26T07:00:00", "end_time": "2026-10-30T17:00:00", "duration_hours": 3778.0, "duration_days": 157.41666666666666, "event_status": "Active", "closure_ratio": 1.0, "closure_category": "Full closure", "district_code": "009", "district_name": "Treptow-Köpenick", "map_longitude": 13.566071391105654, "map_latitude": 52.40150572701851, "start_date": "2026-05-26T00:00:00", "end_date": "2026-10-30T00:00:00", "start_year": 2026, "start_month": 5, "start_month_name": "May", "is_full_closure": true, "is_directional_closure": false, "is_active": true, "is_future_event": false }, "geometry": { "type": "GeometryCollection", "geometries": [ { "type": "Point", "coordinates": [ 13.566071391105654, 52.40150572701851 ] }, { "type": "LineString", "coordinates": [ [ 13.564252853393556, 52.401725014929092 ], [ 13.564317226409914, 52.401646464161033 ], [ 13.569037914276125, 52.401266800143915 ] ] } ] } },
{ "type": "Feature", "properties": { "id": "562/2026", "lms_id": "LMS-BR/r_LMS-BR/411169_LMS-BR/72", "tstore": "2026-06-08 07:07:24.444000+00:00", "object_state": "modified", "event_type": "Baustelle", "icon": "baustelle", "severity": "keine Sperrung", "direction": "Einseitig", "street": "Kantstraße (Charlottenburg)", "section": "stadteinwärts zwischen Krumme Straße und Weimarer Straße", "total_lanes": 2.0, "closed_lanes": 1.0, "content": "Leitungsarbeiten, Fahrbahn auf einen Fahrstreifen verengt", "is_future": null, "geometry_type": "GeometryCollection", "start_time": "2026-06-08T07:00:00", "end_time": "2026-08-10T17:00:00", "duration_hours": 1522.0, "duration_days": 63.416666666666664, "event_status": "Active", "closure_ratio": 0.5, "closure_category": "No closure", "district_code": "004", "district_name": "Charlottenburg-Wilmersdorf", "map_longitude": 13.310102820396423, "map_latitude": 52.506419904801888, "start_date": "2026-06-08T00:00:00", "end_date": "2026-08-10T00:00:00", "start_year": 2026, "start_month": 6, "start_month_name": "June", "is_full_closure": false, "is_directional_closure": false, "is_active": true, "is_future_event": false }, "geometry": { "type": "GeometryCollection", "geometries": [ { "type": "Point", "coordinates": [ 13.310102820396423, 52.506419904801888 ] }, { "type": "LineString", "coordinates": [ [ 13.309292793273928, 52.506485208231382 ], [ 13.311041593551638, 52.506387253050761 ] ] } ] } },
{ "type": "Feature", "properties": { "id": "565/2026", "lms_id": "LMS-BR/r_LMS-BR/411172_LMS-BR/72", "tstore": "2026-07-07 15:45:38.119000+00:00", "object_state": "modified", "event_type": "Baustelle", "icon": "baustelle", "severity": "keine Sperrung", "direction": "Beidseitig", "street": "Residenzstraße (Reinickendorf)", "section": "in beiden Richtungen zwischen Simmelstraße und Walderseestraße", "total_lanes": 4.0, "closed_lanes": 2.0, "content": "Fahrbahnerneuerung, Fahrbahn auf jeweils einen Fahrstreifen verengt, Anbindung Pankower Allee und Holländerstraße gesperrt", "is_future": null, "geometry_type": "GeometryCollection", "start_time": "2026-06-08T07:00:00", "end_time": "2026-08-05T17:00:00", "duration_hours": 1402.0, "duration_days": 58.416666666666664, "event_status": "Active", "closure_ratio": 0.5, "closure_category": "No closure", "district_code": "012", "district_name": "Reinickendorf", "map_longitude": 13.364428281784059, "map_latitude": 52.563301569629189, "start_date": "2026-06-08T00:00:00", "end_date": "2026-08-05T00:00:00", "start_year": 2026, "start_month": 6, "start_month_name": "June", "is_full_closure": false, "is_directional_closure": false, "is_active": true, "is_future_event": false }, "geometry": { "type": "GeometryCollection", "geometries": [ { "type": "Point", "coordinates": [ 13.364428281784059, 52.563301569629189 ] }, { "type": "LineString", "coordinates": [ [ 13.363687992095949, 52.565134183452237 ], [ 13.364331722259521, 52.563882014320839 ], [ 13.364524841308596, 52.562681985359532 ], [ 13.364782333374025, 52.561312346971654 ] ] } ] } },
{ "type": "Feature", "properties": { "id": "569/2026", "lms_id": "LMS-BR/r_LMS-BR/411206_LMS-BR/72", "tstore": "2026-07-08 12:58:20.436000+00:00", "object_state": "modified", "event_type": "Baustelle", "icon": "baustelle", "severity": "keine Sperrung", "direction": "Einseitig", "street": "Lichtenberger Straße (Friedrichshain)", "section": "Richtung Holzmarktstraße zwischen Weydemeyerstraße und Strausberger Platz", "total_lanes": 3.0, "closed_lanes": 2.0, "content": "Stromnetzarbeiten, Fahrbahn auf einen Fahrstreifen verengt", "is_future": null, "geometry_type": "GeometryCollection", "start_time": "2026-06-08T07:00:00", "end_time": "2026-08-31T17:00:00", "duration_hours": 2026.0, "duration_days": 84.416666666666671, "event_status": "Active", "closure_ratio": 0.66666666666666663, "closure_category": "No closure", "district_code": "002", "district_name": "Friedrichshain-Kreuzberg", "map_longitude": 13.428463339805605, "map_latitude": 52.519220787189937, "start_date": "2026-06-08T00:00:00", "end_date": "2026-08-31T00:00:00", "start_year": 2026, "start_month": 6, "start_month_name": "June", "is_full_closure": false, "is_directional_closure": false, "is_active": true, "is_future_event": false }, "geometry": { "type": "GeometryCollection", "geometries": [ { "type": "Point", "coordinates": [ 13.428463339805605, 52.519220787189937 ] }, { "type": "LineString", "coordinates": [ [ 13.428602814674379, 52.519491716855185 ], [ 13.42833459377289, 52.518969441307746 ] ] } ] } },
{ "type": "Feature", "properties": { "id": "571/2026", "lms_id": "LMS-BR/r_LMS-BR/411397_LMS-BR/72", "tstore": "2026-06-11 13:32:07.899000+00:00", "object_state": "modified", "event_type": "Baustelle", "icon": "baustelle", "severity": "keine Sperrung", "direction": "Beidseitig", "street": "Neue Filandastraße (Steglitz)", "section": "in beiden Richtungen zwischen Albrechtstraße und Südendstraße", "total_lanes": 4.0, "closed_lanes": 2.0, "content": "Baustelle, Fahrbahn auf einen Fahrstreifen je Richtung verengt und verschwenkt", "is_future": null, "geometry_type": "GeometryCollection", "start_time": "2026-06-10T07:00:00", "end_time": "2026-10-31T17:00:00", "duration_hours": 3442.0, "duration_days": 143.41666666666666, "event_status": "Active", "closure_ratio": 0.5, "closure_category": "No closure", "district_code": "006", "district_name": "Steglitz-Zehlendorf", "map_longitude": 13.331748247146608, "map_latitude": 52.453838777987215, "start_date": "2026-06-10T00:00:00", "end_date": "2026-10-31T00:00:00", "start_year": 2026, "start_month": 6, "start_month_name": "June", "is_full_closure": false, "is_directional_closure": false, "is_active": true, "is_future_event": false }, "geometry": { "type": "GeometryCollection", "geometries": [ { "type": "Point", "coordinates": [ 13.331748247146608, 52.453838777987215 ] }, { "type": "LineString", "coordinates": [ [ 13.332595825195314, 52.455852484325739 ], [ 13.332499265670778, 52.455277149053842 ], [ 13.33245635032654, 52.454943712671565 ], [ 13.332349061965944, 52.454701806264943 ], [ 13.331887722015383, 52.454008769743176 ], [ 13.331233263015749, 52.45319803393221 ] ] } ] } },
{ "type": "Feature", "properties": { "id": "578/2026", "lms_id": "LMS-BR/r_LMS-BR/411396_LMS-BR/72", "tstore": "2026-06-11 13:29:55.144000+00:00", "object_state": "modified", "event_type": "Baustelle", "icon": "baustelle", "severity": "keine Sperrung", "direction": "Einseitig", "street": "Warschauer Straße (Friedrichshain)", "section": "Richtung Frankfurter Tor zwischen Grünberger Straße und Boxhagener Straße", "total_lanes": 2.0, "closed_lanes": 1.0, "content": "Dachausbau und Balkonmontage, Fahrbahn auf einen Fahrstreifen verengt", "is_future": null, "geometry_type": "GeometryCollection", "start_time": "2026-06-10T07:00:00", "end_time": "2027-04-30T17:00:00", "duration_hours": 7786.0, "duration_days": 324.41666666666669, "event_status": "Active", "closure_ratio": 0.5, "closure_category": "No closure", "district_code": "002", "district_name": "Friedrichshain-Kreuzberg", "map_longitude": 13.453310292233432, "map_latitude": 52.513570636240942, "start_date": "2026-06-10T00:00:00", "end_date": "2027-04-30T00:00:00", "start_year": 2026, "start_month": 6, "start_month_name": "June", "is_full_closure": false, "is_directional_closure": false, "is_active": true, "is_future_event": false }, "geometry": { "type": "GeometryCollection", "geometries": [ { "type": "Point", "coordinates": [ 13.453310292233432, 52.513570636240942 ] }, { "type": "LineString", "coordinates": [ [ 13.453497977798042, 52.513939456348062 ], [ 13.453310292233432, 52.513570636240942 ] ] } ] } },
{ "type": "Feature", "properties": { "id": "581/2026", "lms_id": "LMS-BR/r_LMS-BR/411534_LMS-BR/72", "tstore": "2026-06-11 13:28:36.217000+00:00", "object_state": "modified", "event_type": "Baustelle", "icon": "baustelle", "severity": "keine Sperrung", "direction": "Beidseitig", "street": "Alt-Moabit (Moabit)", "section": "in beiden Richtungen Höhe Lüneburger Straße (Bahnbrücke)", "total_lanes": 4.0, "closed_lanes": 2.0, "content": "Gleisbauarbeiten DB/Stadtbahn, Fahrbahn auf einen Fahrstreifen verengt", "is_future": null, "geometry_type": "GeometryCollection", "start_time": "2026-06-11T07:00:00", "end_time": "2026-12-31T17:00:00", "duration_hours": 4882.0, "duration_days": 203.41666666666666, "event_status": "Active", "closure_ratio": 0.5, "closure_category": "No closure", "district_code": "001", "district_name": "Mitte", "map_longitude": 13.363536146747053, "map_latitude": 52.522899554789525, "start_date": "2026-06-11T00:00:00", "end_date": "2026-12-31T00:00:00", "start_year": 2026, "start_month": 6, "start_month_name": "June", "is_full_closure": false, "is_directional_closure": false, "is_active": true, "is_future_event": false }, "geometry": { "type": "GeometryCollection", "geometries": [ { "type": "Point", "coordinates": [ 13.363536146747053, 52.522899554789525 ] }, { "type": "LineString", "coordinates": [ [ 13.363074976502583, 52.522971345471731 ], [ 13.364265439226699, 52.522795131769612 ] ] } ] } },
{ "type": "Feature", "properties": { "id": "584/2026", "lms_id": "LMS-BR/r_LMS-BR/412099_LMS-BR/72", "tstore": "2026-06-16 15:54:43.750000+00:00", "object_state": "modified", "event_type": "Baustelle", "icon": "baustelle", "severity": "keine Sperrung", "direction": "Beidseitig", "street": "Sandhauser Straße (Heiligensee)", "section": "in beiden Richtungen Höhe Elsterstraße", "total_lanes": 2.0, "closed_lanes": 1.0, "content": "Leitungsarbeiten, eine Baustellenampel regelt den Verkehr", "is_future": null, "geometry_type": "GeometryCollection", "start_time": "2026-06-16T07:00:00", "end_time": "2026-08-10T17:00:00", "duration_hours": 1330.0, "duration_days": 55.416666666666664, "event_status": "Active", "closure_ratio": 0.5, "closure_category": "No closure", "district_code": "012", "district_name": "Reinickendorf", "map_longitude": 13.224641213304556, "map_latitude": 52.589655603949367, "start_date": "2026-06-16T00:00:00", "end_date": "2026-08-10T00:00:00", "start_year": 2026, "start_month": 6, "start_month_name": "June", "is_full_closure": false, "is_directional_closure": false, "is_active": true, "is_future_event": false }, "geometry": { "type": "GeometryCollection", "geometries": [ { "type": "Point", "coordinates": [ 13.224641213304556, 52.589655603949367 ] }, { "type": "LineString", "coordinates": [ [ 13.224555414189306, 52.589795708660112 ], [ 13.224785999311543, 52.58941775074026 ] ] } ] } },
{ "type": "Feature", "properties": { "id": "586/2026", "lms_id": "LMS-BR/r_LMS-BR/411965_LMS-BR/72", "tstore": "2026-06-16 15:55:15.078000+00:00", "object_state": "modified", "event_type": "Baustelle", "icon": "baustelle", "severity": "keine Sperrung", "direction": "Einseitig", "street": "Petersburger Straße (Friedrichshain)", "section": "Richtung Prenzlauer Berg zwischen Frankfurter Allee und Bersarinplatz", "total_lanes": 2.0, "closed_lanes": 1.0, "content": "Leitungsbauarbeiten, Fahrbahn auf einen Fahrstreifen verengt", "is_future": null, "geometry_type": "GeometryCollection", "start_time": "2026-06-15T07:00:00", "end_time": "2026-08-26T17:00:00", "duration_hours": 1738.0, "duration_days": 72.416666666666671, "event_status": "Active", "closure_ratio": 0.5, "closure_category": "No closure", "district_code": "002", "district_name": "Friedrichshain-Kreuzberg", "map_longitude": 13.453706438263772, "map_latitude": 52.517288672730089, "start_date": "2026-06-15T00:00:00", "end_date": "2026-08-26T00:00:00", "start_year": 2026, "start_month": 6, "start_month_name": "June", "is_full_closure": false, "is_directional_closure": false, "is_active": true, "is_future_event": false }, "geometry": { "type": "GeometryCollection", "geometries": [ { "type": "Point", "coordinates": [ 13.453706438263772, 52.517288672730089 ] }, { "type": "LineString", "coordinates": [ [ 13.453706438263772, 52.517282145465039 ], [ 13.453631364037935, 52.517461644900614 ] ] } ] } },
{ "type": "Feature", "properties": { "id": "587/2026", "lms_id": "LMS-BR/r_LMS-BR/411972_LMS-BR/72", "tstore": "2026-06-16 15:55:37.406000+00:00", "object_state": "modified", "event_type": "Baustelle", "icon": "baustelle", "severity": "keine Sperrung", "direction": "Beidseitig", "street": "Provinzstraße (Niederschönhausen)", "section": "in beiden Richtungen zwischen Frühlingstraße und Herbststraße", "total_lanes": 2.0, "closed_lanes": 1.0, "content": "Leitungsbauarbeiten, eine Baustellenampel regelt wechselseitig den Verkehr", "is_future": null, "geometry_type": "GeometryCollection", "start_time": "2026-06-15T08:00:00", "end_time": "2026-09-04T17:00:00", "duration_hours": 1953.0, "duration_days": 81.375, "event_status": "Active", "closure_ratio": 0.5, "closure_category": "No closure", "district_code": "003", "district_name": "Pankow", "map_longitude": 13.380332733569624, "map_latitude": 52.573220460090006, "start_date": "2026-06-15T00:00:00", "end_date": "2026-09-04T00:00:00", "start_year": 2026, "start_month": 6, "start_month_name": "June", "is_full_closure": false, "is_directional_closure": false, "is_active": true, "is_future_event": false }, "geometry": { "type": "GeometryCollection", "geometries": [ { "type": "Point", "coordinates": [ 13.380332733569624, 52.573220460090006 ] }, { "type": "LineString", "coordinates": [ [ 13.380397082906045, 52.573471439034428 ], [ 13.380279109122581, 52.573044448025236 ] ] } ] } },
{ "type": "Feature", "properties": { "id": "594/2026", "lms_id": null, "tstore": "2026-07-09 13:27:26.682000+00:00", "object_state": "modified", "event_type": "Sperrung", "icon": "sperrung", "severity": "Fahrtrichtungssperrung", "direction": "Einseitig", "street": "A100 (Stadtring)", "section": "Richtung Treptow Auffahrt Alboinstraße", "total_lanes": 2.0, "closed_lanes": 2.0, "content": "Umbau Knotenpunkt, Auffahrt gesperrt", "is_future": null, "geometry_type": "GeometryCollection", "start_time": "2026-06-16T09:00:00", "end_time": "2026-08-06T17:00:00", "duration_hours": 1232.0, "duration_days": 51.333333333333336, "event_status": "Active", "closure_ratio": 1.0, "closure_category": "Directional closure", "district_code": "007", "district_name": "Tempelhof-Schöneberg", "map_longitude": 13.372311016625289, "map_latitude": 52.469828945918614, "start_date": "2026-06-16T00:00:00", "end_date": "2026-08-06T00:00:00", "start_year": 2026, "start_month": 6, "start_month_name": "June", "is_full_closure": false, "is_directional_closure": true, "is_active": true, "is_future_event": false }, "geometry": { "type": "GeometryCollection", "geometries": [ { "type": "Point", "coordinates": [ 13.372311016625289, 52.469828945918614 ] }, { "type": "LineString", "coordinates": [ [ 13.372278841957078, 52.469835480231012 ], [ 13.372579138860464, 52.470005372013411 ], [ 13.372868710874428, 52.470090317658681 ], [ 13.37311538333077, 52.47012952328582 ], [ 13.373426405123571, 52.47012952328582 ], [ 13.376182701701028, 52.470024974869183 ] ] } ] } },
{ "type": "Feature", "properties": { "id": "595/2026", "lms_id": "LMS-BR/r_LMS-BR/412100_LMS-BR/72", "tstore": "2026-07-03 08:41:23.271000+00:00", "object_state": "modified", "event_type": "Baustelle", "icon": "baustelle", "severity": "keine Sperrung", "direction": "Beidseitig", "street": "Schorfheidestraße (Reinickendorf)", "section": "in beiden Richtungen Höhe Drebkauer Straße", "total_lanes": 2.0, "closed_lanes": 1.0, "content": "Wasserleitungsbauarbeiten, eine Baustellenampel regelt wechselseitig den Verkehr", "is_future": null, "geometry_type": "GeometryCollection", "start_time": "2026-06-16T07:00:00", "end_time": "2026-08-07T17:00:00", "duration_hours": 1258.0, "duration_days": 52.416666666666664, "event_status": "Active", "closure_ratio": 0.5, "closure_category": "No closure", "district_code": "012", "district_name": "Reinickendorf", "map_longitude": 13.346744776506691, "map_latitude": 52.592992478280578, "start_date": "2026-06-16T00:00:00", "end_date": "2026-08-07T00:00:00", "start_year": 2026, "start_month": 6, "start_month_name": "June", "is_full_closure": false, "is_directional_closure": false, "is_active": true, "is_future_event": false }, "geometry": { "type": "GeometryCollection", "geometries": [ { "type": "Point", "coordinates": [ 13.346744776506691, 52.592992478280578 ] }, { "type": "LineString", "coordinates": [ [ 13.346819850732526, 52.593240086051331 ], [ 13.346626802723231, 52.592836093704463 ] ] } ] } },
{ "type": "Feature", "properties": { "id": "598/2026", "lms_id": null, "tstore": "2026-06-16 13:52:36.675000+00:00", "object_state": "new", "event_type": "Baustelle", "icon": "baustelle", "severity": "keine Sperrung", "direction": "Einseitig", "street": "Alt-Mahlsdorf (Mahlsdorf)", "section": "stadteinwärts vor Neuenhagener Straße", "total_lanes": 2.0, "closed_lanes": 1.0, "content": "Bauarbeiten, Fahrbahn auf einen Fahrstreifen verengt (nach Bedarf von tägl. 09-14 Uhr)", "is_future": null, "geometry_type": "GeometryCollection", "start_time": "2026-06-16T09:00:00", "end_time": "2026-07-31T14:00:00", "duration_hours": 1085.0, "duration_days": 45.208333333333336, "event_status": "Active", "closure_ratio": 0.5, "closure_category": "No closure", "district_code": "010", "district_name": "Marzahn-Hellersdorf", "map_longitude": 13.608116503950868, "map_latitude": 52.504941307651706, "start_date": "2026-06-16T00:00:00", "end_date": "2026-07-31T00:00:00", "start_year": 2026, "start_month": 6, "start_month_name": "June", "is_full_closure": false, "is_directional_closure": false, "is_active": true, "is_future_event": false }, "geometry": { "type": "GeometryCollection", "geometries": [ { "type": "Point", "coordinates": [ 13.608116503950868, 52.504941307651706 ] }, { "type": "LineString", "coordinates": [ [ 13.608116503950868, 52.504938043102214 ], [ 13.607242425464237, 52.504951101298708 ] ] } ] } },
{ "type": "Feature", "properties": { "id": "604/2026", "lms_id": "LMS-BR/r_LMS-BR/412932_LMS-BR/72", "tstore": "2026-06-22 15:02:07.289000+00:00", "object_state": "modified", "event_type": "Baustelle", "icon": "baustelle", "severity": "keine Sperrung", "direction": "Einseitig", "street": "Karl-Marx-Straße (Neukölln)", "section": "Richtung Hermannplatz zwischen Hobrechtstraße und Hermannplatz", "total_lanes": 2.0, "closed_lanes": 1.0, "content": "Bauarbeiten, Fahrbahn auf einen Fahrstreifen verengt", "is_future": null, "geometry_type": "GeometryCollection", "start_time": "2026-06-22T08:00:00", "end_time": "2026-08-14T17:00:00", "duration_hours": 1281.0, "duration_days": 53.375, "event_status": "Active", "closure_ratio": 0.5, "closure_category": "No closure", "district_code": "008", "district_name": "Neukölln", "map_longitude": 13.425732703192621, "map_latitude": 52.485802826604342, "start_date": "2026-06-22T00:00:00", "end_date": "2026-08-14T00:00:00", "start_year": 2026, "start_month": 6, "start_month_name": "June", "is_full_closure": false, "is_directional_closure": false, "is_active": true, "is_future_event": false }, "geometry": { "type": "GeometryCollection", "geometries": [ { "type": "Point", "coordinates": [ 13.425732703192621, 52.485802826604342 ] }, { "type": "LineString", "coordinates": [ [ 13.425727340747892, 52.485802826604342 ], [ 13.424853262261264, 52.486201183140288 ] ] } ] } },
{ "type": "Feature", "properties": { "id": "605/2026", "lms_id": "LMS-BR/r_LMS-BR/412951_LMS-BR/72", "tstore": "2026-06-22 15:01:35.613000+00:00", "object_state": "modified", "event_type": "Baustelle", "icon": "baustelle", "severity": "keine Sperrung", "direction": "Einseitig", "street": "Landsberger Allee (Fennpfuhl)", "section": "stadtauswärts Höhe S-Bhf. Landsberger Allee", "total_lanes": 3.0, "closed_lanes": 2.0, "content": "Sanierung der Abdichtung auf dem Brückenbauwerk, Fahrbahn auf einen Fahrstreifen verengt", "is_future": null, "geometry_type": "GeometryCollection", "start_time": "2026-06-22T12:00:00", "end_time": "2026-10-09T17:00:00", "duration_hours": 2621.0, "duration_days": 109.20833333333333, "event_status": "Active", "closure_ratio": 0.66666666666666663, "closure_category": "No closure", "district_code": "003", "district_name": "Pankow", "map_longitude": 13.455087432253055, "map_latitude": 52.528194155471233, "start_date": "2026-06-22T00:00:00", "end_date": "2026-10-09T00:00:00", "start_year": 2026, "start_month": 6, "start_month_name": "June", "is_full_closure": false, "is_directional_closure": false, "is_active": true, "is_future_event": false }, "geometry": { "type": "GeometryCollection", "geometries": [ { "type": "Point", "coordinates": [ 13.455087432253055, 52.528194155471233 ] }, { "type": "LineString", "coordinates": [ [ 13.455055257584847, 52.52820067964003 ], [ 13.456395868760637, 52.528494266231675 ] ] } ] } },
{ "type": "Feature", "properties": { "id": "607/2026", "lms_id": "LMS-BR/r_LMS-BR/412917_LMS-BR/72", "tstore": "2026-07-07 10:35:42.850000+00:00", "object_state": "modified", "event_type": "Sperrung", "icon": "sperrung", "severity": "Vollsperrung", "direction": "Beidseitig", "street": "Hämmerlingstraße (Köpenick)", "section": "Eisenbahnbrücke Hämmerlingstraße", "total_lanes": 2.0, "closed_lanes": 2.0, "content": "Vollsperrung der Eisenbahnbrücke Hämmerlingstraße und der Schubertstraße", "is_future": null, "geometry_type": "GeometryCollection", "start_time": "2026-06-22T07:00:00", "end_time": "2026-08-07T17:00:00", "duration_hours": 1114.0, "duration_days": 46.416666666666664, "event_status": "Active", "closure_ratio": 1.0, "closure_category": "Full closure", "district_code": "009", "district_name": "Treptow-Köpenick", "map_longitude": 13.573216795921327, "map_latitude": 52.459634472818074, "start_date": "2026-06-22T00:00:00", "end_date": "2026-08-07T00:00:00", "start_year": 2026, "start_month": 6, "start_month_name": "June", "is_full_closure": true, "is_directional_closure": false, "is_active": true, "is_future_event": false }, "geometry": { "type": "GeometryCollection", "geometries": [ { "type": "Point", "coordinates": [ 13.573216795921327, 52.459634472818074 ] }, { "type": "LineString", "coordinates": [ [ 13.573211431503298, 52.459627935520999 ], [ 13.572927117347717, 52.460252243010835 ], [ 13.572873473167421, 52.460376449727868 ], [ 13.572873473167421, 52.460464701656008 ], [ 13.572889566421511, 52.460497387510408 ], [ 13.572943210601808, 52.46053987908487 ], [ 13.572970032691956, 52.46058563919609 ], [ 13.572959303855898, 52.460637936407863 ], [ 13.572862744331362, 52.460686964987453 ], [ 13.572674989700319, 52.460742530644993 ], [ 13.572455048561098, 52.460817707599467 ], [ 13.571811318397524, 52.461059580408161 ] ] } ] } },
{ "type": "Feature", "properties": { "id": "609/2026", "lms_id": "LMS-BR/r_LMS-BR/412918_LMS-BR/72", "tstore": "2026-06-29 07:40:48.145000+00:00", "object_state": "modified", "event_type": "Bauarbeiten", "icon": "baustelle", "severity": "keine Sperrung", "direction": "Beidseitig", "street": "Mariannenstraße (Lichterfelde)", "section": "in beiden Richtungen zwischen Kiesstraße und Geraer Straße", "total_lanes": 2.0, "closed_lanes": 1.0, "content": "Leitungsbauarbeiten, Gegenverkehrsregelung, Anbindung westliche Geraer Straße (auf der Seite Ri. Hildburghauser Straße) gesperrt", "is_future": null, "geometry_type": "GeometryCollection", "start_time": "2026-06-22T07:00:00", "end_time": "2026-08-07T17:00:00", "duration_hours": 1114.0, "duration_days": 46.416666666666664, "event_status": "Active", "closure_ratio": 0.5, "closure_category": "No closure", "district_code": "006", "district_name": "Steglitz-Zehlendorf", "map_longitude": 13.33485490660749, "map_latitude": 52.421112273211037, "start_date": "2026-06-22T00:00:00", "end_date": "2026-08-07T00:00:00", "start_year": 2026, "start_month": 6, "start_month_name": "June", "is_full_closure": false, "is_directional_closure": false, "is_active": true, "is_future_event": false }, "geometry": { "type": "GeometryCollection", "geometries": [ { "type": "Point", "coordinates": [ 13.33485490660749, 52.421112273211037 ] }, { "type": "LineString", "coordinates": [ [ 13.334704682706572, 52.421311876221303 ], [ 13.33493001855795, 52.420997746485696 ], [ 13.334801255214323, 52.420961752310546 ] ] } ] } },
{ "type": "Feature", "properties": { "id": "611/2026", "lms_id": "AdbNO/r_AdbNO/23844_AdB-NO", "tstore": "2026-07-10 05:51:05.299000+00:00", "object_state": "modified", "event_type": "Baustelle", "icon": "baustelle", "severity": "keine Sperrung", "direction": "Beidseitig", "street": "A100 (Stadtring)", "section": "in beiden Richtungen zwischen Innsbrucker Platz und Alboinstraße", "total_lanes": 6.0, "closed_lanes": 4.0, "content": "Instandsetzungsarbeiten, Fahrstreifen auf jeweils zwei Fahrstreifen reduziert", "is_future": null, "geometry_type": "GeometryCollection", "start_time": "2026-06-21T06:00:00", "end_time": "2026-11-11T20:00:00", "duration_hours": 3446.0, "duration_days": 143.58333333333334, "event_status": "Active", "closure_ratio": 0.66666666666666663, "closure_category": "No closure", "district_code": "007", "district_name": "Tempelhof-Schöneberg", "map_longitude": 13.362881761765612, "map_latitude": 52.473948202799754, "start_date": "2026-06-21T00:00:00", "end_date": "2026-11-11T00:00:00", "start_year": 2026, "start_month": 6, "start_month_name": "June", "is_full_closure": false, "is_directional_closure": false, "is_active": true, "is_future_event": false }, "geometry": { "type": "GeometryCollection", "geometries": [ { "type": "Point", "coordinates": [ 13.362881761765612, 52.473948202799754 ] }, { "type": "LineString", "coordinates": [ [ 13.344370149065888, 52.478388649821497 ], [ 13.345571336679384, 52.477996665554436 ], [ 13.34642932783191, 52.477264952245719 ], [ 13.347244419426808, 52.476533226768765 ], [ 13.348660104828477, 52.475514017433525 ], [ 13.349560995538587, 52.474991336822171 ], [ 13.350719283594497, 52.474468650002379 ], [ 13.35204916988091, 52.473972091772971 ], [ 13.353207457936778, 52.473763012947465 ], [ 13.354923440241828, 52.473632338177083 ], [ 13.356896819892599, 52.473763012947465 ], [ 13.35835540485189, 52.473972091772971 ], [ 13.3600713871569, 52.474311842745792 ], [ 13.361529972116195, 52.474311842745792 ], [ 13.363010460438492, 52.473974337597284 ], [ 13.364168748494359, 52.473530043928349 ], [ 13.3663566259333, 52.472641443133533 ], [ 13.368201306911189, 52.471648279835371 ], [ 13.369702791428107, 52.47109941681817 ], [ 13.372062267097514, 52.470681230877318 ], [ 13.375022336573686, 52.470158492863419 ], [ 13.377253113570251, 52.470080081625859 ] ] } ] } },
{ "type": "Feature", "properties": { "id": "618/2026", "lms_id": "LMS-BR/r_LMS-BR/412916_LMS-BR/72", "tstore": "2026-07-16 14:04:07.507000+00:00", "object_state": "modified", "event_type": "Baustelle", "icon": "baustelle", "severity": "keine Sperrung", "direction": "Beidseitig", "street": "Bahnhofstraße (Karow)", "section": "in beiden Richtungen zwischen Schräger Weg und Lanker Straße", "total_lanes": 2.0, "closed_lanes": 1.0, "content": "Leitungsbauarbeiten, für beiden Richtungen nur ein gemeinsamer Fahrstreifen frei", "is_future": null, "geometry_type": "GeometryCollection", "start_time": "2026-06-22T07:00:00", "end_time": "2026-07-31T17:00:00", "duration_hours": 946.0, "duration_days": 39.416666666666664, "event_status": "Active", "closure_ratio": 0.5, "closure_category": "No closure", "district_code": "003", "district_name": "Pankow", "map_longitude": 13.479127000431786, "map_latitude": 52.609957799054563, "start_date": "2026-06-22T00:00:00", "end_date": "2026-07-31T00:00:00", "start_year": 2026, "start_month": 6, "start_month_name": "June", "is_full_closure": false, "is_directional_closure": false, "is_active": true, "is_future_event": false }, "geometry": { "type": "GeometryCollection", "geometries": [ { "type": "Point", "coordinates": [ 13.479127000431786, 52.609957799054563 ] }, { "type": "LineString", "coordinates": [ [ 13.479234249325831, 52.609915461354397 ], [ 13.478703367300213, 52.610149946564 ] ] } ] } },
{ "type": "Feature", "properties": { "id": "623/2026", "lms_id": "LMS-BR/r_LMS-BR/412961_LMS-BR/72", "tstore": "2026-07-01 09:28:37.066000+00:00", "object_state": "modified", "event_type": "Sperrung", "icon": "sperrung", "severity": "Vollsperrung", "direction": "Beidseitig", "street": "Leibnizstraße (Charlottenburg)", "section": "in beiden Richtungen zwischen Kurfürstendamm und Sybelstraße", "total_lanes": 2.0, "closed_lanes": 2.0, "content": "Wasserleitungsbauarbeiten, Vollsperrung für Kfz-Verkehr. In Richtung Otto-Suhr-Allee reicht die Sperrung bis Mommsenstraße. Eine Umleitung ist eingerichtet", "is_future": null, "geometry_type": "GeometryCollection", "start_time": "2026-06-21T12:00:00", "end_time": "2026-08-11T17:00:00", "duration_hours": 1229.0, "duration_days": 51.208333333333336, "event_status": "Active", "closure_ratio": 1.0, "closure_category": "Full closure", "district_code": "004", "district_name": "Charlottenburg-Wilmersdorf", "map_longitude": 13.313199518615358, "map_latitude": 52.50167095159614, "start_date": "2026-06-21T00:00:00", "end_date": "2026-08-11T00:00:00", "start_year": 2026, "start_month": 6, "start_month_name": "June", "is_full_closure": true, "is_directional_closure": false, "is_active": true, "is_future_event": false }, "geometry": { "type": "GeometryCollection", "geometries": [ { "type": "Point", "coordinates": [ 13.313199518615358, 52.50167095159614 ] }, { "type": "LineString", "coordinates": [ [ 13.313253143062358, 52.502043136336006 ], [ 13.313049370163647, 52.50074374082218 ] ] }, { "type": "LineString", "coordinates": [ [ 13.313257098197939, 52.502070477990202 ], [ 13.313353657722475, 52.502749696117007 ] ] } ] } },
{ "type": "Feature", "properties": { "id": "624/2026", "lms_id": "LMS-BR/r_LMS-BR/412913_LMS-BR/72", "tstore": "2026-06-23 12:53:34.579000+00:00", "object_state": "modified", "event_type": "Sperrung", "icon": "sperrung", "severity": "Fahrtrichtungssperrung", "direction": "Einseitig", "street": "Olbersstraße (Charlottenburg)", "section": "Richtung Gaußstraße zwischen Tegeler Weg und Lise-Meitner-Straße", "total_lanes": 1.0, "closed_lanes": 1.0, "content": "Fahrbahnsanierung, Fahrtrichtung für Kfz-Verkehr gesperrt", "is_future": null, "geometry_type": "GeometryCollection", "start_time": "2026-06-22T12:00:00", "end_time": "2026-07-31T17:00:00", "duration_hours": 941.0, "duration_days": 39.208333333333336, "event_status": "Active", "closure_ratio": 1.0, "closure_category": "Directional closure", "district_code": "004", "district_name": "Charlottenburg-Wilmersdorf", "map_longitude": 13.296676499352355, "map_latitude": 52.529362710961387, "start_date": "2026-06-22T00:00:00", "end_date": "2026-07-31T00:00:00", "start_year": 2026, "start_month": 6, "start_month_name": "June", "is_full_closure": false, "is_directional_closure": true, "is_active": true, "is_future_event": false }, "geometry": { "type": "GeometryCollection", "geometries": [ { "type": "Point", "coordinates": [ 13.296676499352355, 52.529362710961387 ] }, { "type": "LineString", "coordinates": [ [ 13.296472726453638, 52.529336609070789 ], [ 13.298403206546821, 52.529584576405234 ], [ 13.298682053671369, 52.529584576405234 ], [ 13.299840341727281, 52.529499745632563 ], [ 13.301567048921706, 52.529264828791639 ], [ 13.302285616511936, 52.529179997401364 ], [ 13.303422454789013, 52.529003808605715 ], [ 13.304827415301265, 52.528801516894617 ], [ 13.305084812647021, 52.528781940227972 ] ] } ] } },
{ "type": "Feature", "properties": { "id": "629/2026", "lms_id": null, "tstore": "2026-06-23 16:03:03.981000+00:00", "object_state": "modified", "event_type": "Baustelle", "icon": "baustelle", "severity": "keine Sperrung", "direction": "Beidseitig", "street": "Luisenstraße (Mitte)", "section": "in beiden Richtungen Höhe Schiffbauerdamm", "total_lanes": 2.0, "closed_lanes": 1.0, "content": "Leitungsbauarbeiten, für beiden Richtungen nur ein gemeinsamer Fahrstreifen frei, eine Baustellenampel regelt den Verkehr", "is_future": null, "geometry_type": "GeometryCollection", "start_time": "2025-08-11T12:00:00", "end_time": "2026-10-28T17:00:00", "duration_hours": 10637.0, "duration_days": 443.20833333333331, "event_status": "Active", "closure_ratio": 0.5, "closure_category": "No closure", "district_code": "001", "district_name": "Mitte", "map_longitude": 13.380128676511852, "map_latitude": 52.519756485748985, "start_date": "2025-08-11T00:00:00", "end_date": "2026-10-28T00:00:00", "start_year": 2025, "start_month": 8, "start_month_name": "August", "is_full_closure": false, "is_directional_closure": false, "is_active": true, "is_future_event": false }, "geometry": { "type": "GeometryCollection", "geometries": [ { "type": "Point", "coordinates": [ 13.380128676511852, 52.519756485748985 ] }, { "type": "LineString", "coordinates": [ [ 13.380085776954227, 52.520079566009244 ], [ 13.380160851180101, 52.519524780260944 ] ] } ] } },
{ "type": "Feature", "properties": { "id": "633/2026", "lms_id": "LMS-BR/r_LMS-BR/413293_LMS-BR/72", "tstore": "2026-06-29 05:55:30.738000+00:00", "object_state": "modified", "event_type": "Baustelle", "icon": "baustelle", "severity": "keine Sperrung", "direction": "Einseitig", "street": "Roelckestraße (Weißensee)", "section": "Richtung Prenzlauer Berg vor Rennbahnstraße", "total_lanes": 2.0, "closed_lanes": 1.0, "content": "Leitungsbauarbeiten, Fahrbahn auf einen Fahrstreifen verengt", "is_future": null, "geometry_type": "GeometryCollection", "start_time": "2026-06-25T07:00:00", "end_time": "2026-07-29T17:00:00", "duration_hours": 826.0, "duration_days": 34.416666666666664, "event_status": "Active", "closure_ratio": 0.5, "closure_category": "No closure", "district_code": "003", "district_name": "Pankow", "map_longitude": 13.458331923360875, "map_latitude": 52.561956771618611, "start_date": "2026-06-25T00:00:00", "end_date": "2026-07-29T00:00:00", "start_year": 2026, "start_month": 6, "start_month_name": "June", "is_full_closure": false, "is_directional_closure": false, "is_active": true, "is_future_event": false }, "geometry": { "type": "GeometryCollection", "geometries": [ { "type": "Point", "coordinates": [ 13.458331923360875, 52.561956771618611 ] }, { "type": "LineString", "coordinates": [ [ 13.458364098029126, 52.561982854117744 ], [ 13.457377408203721, 52.561193851657201 ] ] } ] } },
{ "type": "Feature", "properties": { "id": "639/2026", "lms_id": "LMS-BR/r_LMS-BR/414025_LMS-BR/72", "tstore": "2026-07-16 13:31:37.881000+00:00", "object_state": "modified", "event_type": "Baustelle", "icon": "baustelle", "severity": "keine Sperrung", "direction": "Einseitig", "street": "Wisbyer Straße (Prenzlauer Berg)", "section": "Kreuzung Stahlheimer Straße/Neumannstraße", "total_lanes": 2.0, "closed_lanes": 1.0, "content": "Fahrstreifenreduzierung in der Wisbyer Straße. Die Stahlheimer Straße wird in Richtung Wisbyer Straße voll gesperrt.", "is_future": null, "geometry_type": "GeometryCollection", "start_time": "2026-06-29T07:00:00", "end_time": "2026-09-07T17:00:00", "duration_hours": 1690.0, "duration_days": 70.416666666666671, "event_status": "Active", "closure_ratio": 0.5, "closure_category": "No closure", "district_code": "003", "district_name": "Pankow", "map_longitude": 13.424386382102968, "map_latitude": 52.552493460626046, "start_date": "2026-06-29T00:00:00", "end_date": "2026-09-07T00:00:00", "start_year": 2026, "start_month": 6, "start_month_name": "June", "is_full_closure": false, "is_directional_closure": false, "is_active": true, "is_future_event": false }, "geometry": { "type": "GeometryCollection", "geometries": [ { "type": "Point", "coordinates": [ 13.424386382102968, 52.552493460626046 ] }, { "type": "LineString", "coordinates": [ [ 13.421800732612612, 52.552787017166487 ], [ 13.424440026283264, 52.552486937125067 ], [ 13.424493670463564, 52.552411916794078 ], [ 13.424456119537355, 52.552336896334822 ], [ 13.424391746520996, 52.552219472749798 ], [ 13.42434346675873, 52.552154237289031 ], [ 13.423254489898683, 52.551165908193994 ] ] } ] } },
{ "type": "Feature", "properties": { "id": "640/2026", "lms_id": "LMS-BR/r_LMS-BR/414010_LMS-BR/72", "tstore": "2026-06-29 07:13:26.772000+00:00", "object_state": "modified", "event_type": "Baustelle", "icon": "baustelle", "severity": "keine Sperrung", "direction": "Beidseitig", "street": "Klingsorstraße (Steglitz)", "section": "in beiden Richtungen  zwischen Mittelstraße und Beymestraße", "total_lanes": 2.0, "closed_lanes": 1.0, "content": "Leitungsarbeiten, für beide Fahrtrichtungen steht nur ein Fahrstreifen zur Verfügung", "is_future": null, "geometry_type": "GeometryCollection", "start_time": "2026-06-29T06:00:00", "end_time": "2026-07-31T17:00:00", "duration_hours": 779.0, "duration_days": 32.458333333333336, "event_status": "Active", "closure_ratio": 0.5, "closure_category": "No closure", "district_code": "006", "district_name": "Steglitz-Zehlendorf", "map_longitude": 13.330069184303285, "map_latitude": 52.451772671885081, "start_date": "2026-06-29T00:00:00", "end_date": "2026-07-31T00:00:00", "start_year": 2026, "start_month": 6, "start_month_name": "June", "is_full_closure": false, "is_directional_closure": false, "is_active": true, "is_future_event": false }, "geometry": { "type": "GeometryCollection", "geometries": [ { "type": "Point", "coordinates": [ 13.330069184303285, 52.451772671885081 ] }, { "type": "LineString", "coordinates": [ [ 13.330074548721315, 52.451769402653049 ], [ 13.329940438270571, 52.451625556203375 ] ] } ] } },
{ "type": "Feature", "properties": { "id": "641/2026", "lms_id": "LMS-BR/r_LMS-BR/414011_LMS-BR/72", "tstore": "2026-06-29 06:15:58.509000+00:00", "object_state": "modified", "event_type": "Baustelle", "icon": "baustelle", "severity": "keine Sperrung", "direction": "Einseitig", "street": "Londoner Straße (Wedding)", "section": "in Richtung Müllerstraße zwischen Themsestraße und Müllerstraße", "total_lanes": 2.0, "closed_lanes": 1.0, "content": "Fahrspurreduzierung", "is_future": null, "geometry_type": "GeometryCollection", "start_time": "2026-06-29T06:00:00", "end_time": "2026-09-17T17:00:00", "duration_hours": 1931.0, "duration_days": 80.458333333333329, "event_status": "Active", "closure_ratio": 0.5, "closure_category": "No closure", "district_code": "001", "district_name": "Mitte", "map_longitude": 13.340170383453371, "map_latitude": 52.56066338432796, "start_date": "2026-06-29T00:00:00", "end_date": "2026-09-17T00:00:00", "start_year": 2026, "start_month": 6, "start_month_name": "June", "is_full_closure": false, "is_directional_closure": false, "is_active": true, "is_future_event": false }, "geometry": { "type": "GeometryCollection", "geometries": [ { "type": "Point", "coordinates": [ 13.340170383453371, 52.56066338432796 ] }, { "type": "LineString", "coordinates": [ [ 13.34015965461731, 52.560660123184896 ], [ 13.338625431060793, 52.559636112275946 ] ] } ] } },
{ "type": "Feature", "properties": { "id": "642/2026", "lms_id": null, "tstore": "2026-06-29 09:27:04.002000+00:00", "object_state": "modified", "event_type": "Sperrung", "icon": "sperrung", "severity": "Fahrtrichtungssperrung", "direction": "Einseitig", "street": "A100 (Stadtring)", "section": "Richtung Wedding, Einfahrt Kurfürstendamm", "total_lanes": 1.0, "closed_lanes": 1.0, "content": "Baustelle, Einfahrt gesperrt", "is_future": null, "geometry_type": "GeometryCollection", "start_time": "2025-03-06T06:00:00", "end_time": null, "duration_hours": null, "duration_days": null, "event_status": "Active", "closure_ratio": 1.0, "closure_category": "Directional closure", "district_code": "004", "district_name": "Charlottenburg-Wilmersdorf", "map_longitude": 13.283168077468874, "map_latitude": 52.497387505902658, "start_date": "2025-03-06T00:00:00", "end_date": null, "start_year": 2025, "start_month": 3, "start_month_name": "March", "is_full_closure": false, "is_directional_closure": true, "is_active": true, "is_future_event": false }, "geometry": { "type": "GeometryCollection", "geometries": [ { "type": "Point", "coordinates": [ 13.283168077468874, 52.497387505902658 ] }, { "type": "LineString", "coordinates": [ [ 13.283398747444155, 52.497279732890988 ], [ 13.28302323818207, 52.497495278650163 ], [ 13.282862305641176, 52.497531202840641 ] ] } ] } },
{ "type": "Feature", "properties": { "id": "643/2026", "lms_id": null, "tstore": "2026-06-29 09:29:35.631000+00:00", "object_state": "new", "event_type": "Sperrung", "icon": "sperrung", "severity": "Fahrtrichtungssperrung", "direction": "Einseitig", "street": "A100 (Stadtring)", "section": "Richtung Wedding, Ein- und Ausfahrt Kaiserdamm", "total_lanes": 2.0, "closed_lanes": 2.0, "content": "Baustelle, Ein- und Ausfahrt gesperrt", "is_future": null, "geometry_type": "GeometryCollection", "start_time": "2025-03-06T06:00:00", "end_time": null, "duration_hours": null, "duration_days": null, "event_status": "Active", "closure_ratio": 1.0, "closure_category": "Directional closure", "district_code": "004", "district_name": "Charlottenburg-Wilmersdorf", "map_longitude": 13.286864161491396, "map_latitude": 52.512825709152722, "start_date": "2025-03-06T00:00:00", "end_date": null, "start_year": 2025, "start_month": 3, "start_month_name": "March", "is_full_closure": false, "is_directional_closure": true, "is_active": true, "is_future_event": false }, "geometry": { "type": "GeometryCollection", "geometries": [ { "type": "Point", "coordinates": [ 13.286864161491396, 52.512825709152722 ] }, { "type": "LineString", "coordinates": [ [ 13.286848068237306, 52.513015061230035 ], [ 13.286740779876711, 52.513805107644927 ], [ 13.286622762680055, 52.514209919312528 ], [ 13.286472558975222, 52.514418852907646 ] ] }, { "type": "LineString", "coordinates": [ [ 13.286156058311462, 52.511209653917604 ], [ 13.286392092704775, 52.51176140470951 ], [ 13.286558389663698, 52.512371913784634 ], [ 13.286617398262026, 52.512505767581906 ], [ 13.286890983581545, 52.512861620816267 ], [ 13.286869525909426, 52.512943238124336 ] ] } ] } },
{ "type": "Feature", "properties": { "id": "644/2026", "lms_id": "LMS-BR/r_LMS-BR/414065_LMS-BR/72", "tstore": "2026-07-01 11:22:50.922000+00:00", "object_state": "modified", "event_type": "Baustelle", "icon": "baustelle", "severity": "keine Sperrung", "direction": "Beidseitig", "street": "Tegeler Weg/Jakob-Kaiser-Platz (Charlottenburg-Nord)", "section": "in beiden Richtungen zwischen Ausfahrt A100 und Kurt-Schumacher-Damm", "total_lanes": 6.0, "closed_lanes": 2.0, "content": "Neubau einer Kabeltrasse, ein Fahrbahn auf zwei Fahrstreifen je Richtung verengt", "is_future": null, "geometry_type": "GeometryCollection", "start_time": "2026-06-29T09:00:00", "end_time": "2026-09-11T17:00:00", "duration_hours": 1784.0, "duration_days": 74.333333333333329, "event_status": "Active", "closure_ratio": 0.33333333333333331, "closure_category": "No closure", "district_code": "004", "district_name": "Charlottenburg-Wilmersdorf", "map_longitude": 13.293880820274353, "map_latitude": 52.533832282682461, "start_date": "2026-06-29T00:00:00", "end_date": "2026-09-11T00:00:00", "start_year": 2026, "start_month": 6, "start_month_name": "June", "is_full_closure": false, "is_directional_closure": false, "is_active": true, "is_future_event": false }, "geometry": { "type": "GeometryCollection", "geometries": [ { "type": "Point", "coordinates": [ 13.293880820274353, 52.533832282682461 ] }, { "type": "LineString", "coordinates": [ [ 13.294224143028259, 52.533499441428148 ], [ 13.293982744216921, 52.533943229206578 ], [ 13.294020295143129, 52.53409333288127 ], [ 13.294208049774172, 52.53441311725981 ], [ 13.294100761413574, 52.534592587064218 ] ] }, { "type": "LineString", "coordinates": [ [ 13.293982744216921, 52.533457020302698 ], [ 13.293746709823608, 52.533812703854991 ], [ 13.293601870536806, 52.534005228612699 ], [ 13.293226361274719, 52.534191226305722 ], [ 13.293108344078066, 52.534383749403787 ], [ 13.293194174766542, 52.534595850144775 ] ] } ] } },
{ "type": "Feature", "properties": { "id": "646/2026", "lms_id": "LMS-BR/r_LMS-BR/414159_LMS-BR/72", "tstore": "2026-07-16 13:39:13.577000+00:00", "object_state": "modified", "event_type": "Baustelle", "icon": "baustelle", "severity": "keine Sperrung", "direction": "Beidseitig", "street": "Potsdamer Straße (Tiergarten)", "section": "in beiden Richtungen, Kreuzung Lützowstraße", "total_lanes": 6.0, "closed_lanes": 4.0, "content": "Leitungsarbeiten, Fahrbahn auf einen Fahrstreifen je Richtung verengt. Die Lützowstraße ist von beiden Seiten für den Kfz-Verkehr von der Potsdamer Straße abgehängt (Sackgasse)", "is_future": null, "geometry_type": "GeometryCollection", "start_time": "2026-06-30T07:00:00", "end_time": "2026-08-21T17:00:00", "duration_hours": 1258.0, "duration_days": 52.416666666666664, "event_status": "Active", "closure_ratio": 0.66666666666666663, "closure_category": "No closure", "district_code": "001", "district_name": "Mitte", "map_longitude": 13.365688920021059, "map_latitude": 52.503086035823635, "start_date": "2026-06-30T00:00:00", "end_date": "2026-08-21T00:00:00", "start_year": 2026, "start_month": 6, "start_month_name": "June", "is_full_closure": false, "is_directional_closure": false, "is_active": true, "is_future_event": false }, "geometry": { "type": "GeometryCollection", "geometries": [ { "type": "Point", "coordinates": [ 13.365688920021059, 52.503086035823635 ] }, { "type": "LineString", "coordinates": [ [ 13.365554809570314, 52.502919499008989 ], [ 13.365823030471804, 52.503259102825275 ] ] }, { "type": "LineString", "coordinates": [ [ 13.365967869758608, 52.503020727344079 ], [ 13.365721106529236, 52.503092566666254 ] ] }, { "type": "LineString", "coordinates": [ [ 13.365399241447451, 52.503148078789359 ], [ 13.365640640258791, 52.503102362928381 ] ] } ] } },
{ "type": "Feature", "properties": { "id": "650/2026", "lms_id": "LMS-BR/r_LMS-BR/414190_LMS-BR/72", "tstore": "2026-07-16 13:31:53.471000+00:00", "object_state": "modified", "event_type": "Sperrung", "icon": "sperrung", "severity": "Fahrtrichtungssperrung", "direction": "Einseitig", "street": "Kuglerstraße (Prenzlauer Berg)", "section": "Richtung Prenzlauer Allee zwischen Schönhauser Allee und Greifenhagener Straße", "total_lanes": 1.0, "closed_lanes": 1.0, "content": "Fahrtrichtung für den Kfz-Verkehr gesperrt (Zusatzmaßnahme zu den Arbeiten auf der Wisbyer Straße)", "is_future": null, "geometry_type": "GeometryCollection", "start_time": "2026-06-29T07:00:00", "end_time": "2026-09-07T17:00:00", "duration_hours": 1690.0, "duration_days": 70.416666666666671, "event_status": "Active", "closure_ratio": 1.0, "closure_category": "Directional closure", "district_code": "003", "district_name": "Pankow", "map_longitude": 13.414735794067385, "map_latitude": 52.55277397025084, "start_date": "2026-06-29T00:00:00", "end_date": "2026-09-07T00:00:00", "start_year": 2026, "start_month": 6, "start_month_name": "June", "is_full_closure": false, "is_directional_closure": true, "is_active": true, "is_future_event": false }, "geometry": { "type": "GeometryCollection", "geometries": [ { "type": "Point", "coordinates": [ 13.414735794067385, 52.55277397025084 ] }, { "type": "LineString", "coordinates": [ [ 13.414564132690431, 52.552813110986158 ], [ 13.419070243835449, 52.552147713737618 ] ] } ] } },
{ "type": "Feature", "properties": { "id": "651/2026", "lms_id": "LMS-BR/r_LMS-BR/414201_LMS-BR/72", "tstore": "2026-07-01 11:17:54.795000+00:00", "object_state": "modified", "event_type": "Baustelle", "icon": "baustelle", "severity": "keine Sperrung", "direction": "Beidseitig", "street": "Großziethener Chaussee/Neudecker Weg (Rudow)", "section": "in beiden Richtungen im Kreuzungsbereich Alt-Rudow", "total_lanes": 6.0, "closed_lanes": 3.0, "content": "Leitungsarbeiten, Fahrbahnverengung. Das Linksabbiegen im Kreuzungsbereich ist untersagt. Die Straßenquerung Alt-Rudow - Waltersdorfer Chaussee ist nicht möglich", "is_future": null, "geometry_type": "GeometryCollection", "start_time": "2026-06-27T07:00:00", "end_time": "2026-07-31T17:00:00", "duration_hours": 826.0, "duration_days": 34.416666666666664, "event_status": "Active", "closure_ratio": 0.5, "closure_category": "No closure", "district_code": "008", "district_name": "Neukölln", "map_longitude": 13.497465848922731, "map_latitude": 52.416094179232623, "start_date": "2026-06-27T00:00:00", "end_date": "2026-07-31T00:00:00", "start_year": 2026, "start_month": 6, "start_month_name": "June", "is_full_closure": false, "is_directional_closure": false, "is_active": true, "is_future_event": false }, "geometry": { "type": "GeometryCollection", "geometries": [ { "type": "Point", "coordinates": [ 13.497465848922731, 52.416094179232623 ] }, { "type": "LineString", "coordinates": [ [ 13.496773838996889, 52.415845515672011 ], [ 13.498018383979799, 52.416319938356146 ] ] } ] } },
{ "type": "Feature", "properties": { "id": "652/2026", "lms_id": "LMS-BR/r_LMS-BR/414290_LMS-BR/72", "tstore": "2026-07-01 11:19:51.177000+00:00", "object_state": "modified", "event_type": "Baustelle", "icon": "baustelle", "severity": "keine Sperrung", "direction": "Beidseitig", "street": "Uhlandstraße (Wilmersdorf)", "section": "in beiden Richtungen zwischen Güntzelstraße und Fechnerstraße", "total_lanes": 2.0, "closed_lanes": 0.0, "content": "Hochbaustelle, Fahrbahnverengung und -verschwenkung. Geschwindigkeit auf 20 Km/h reduziert, Überholverbot des Radverkehrs. Bitte erhöhte Vorsicht!", "is_future": null, "geometry_type": "GeometryCollection", "start_time": "2026-06-08T07:00:00", "end_time": "2027-05-31T17:00:00", "duration_hours": 8578.0, "duration_days": 357.41666666666669, "event_status": "Active", "closure_ratio": 0.0, "closure_category": "No closure", "district_code": "004", "district_name": "Charlottenburg-Wilmersdorf", "map_longitude": 13.323100805282595, "map_latitude": 52.490855331069881, "start_date": "2026-06-08T00:00:00", "end_date": "2027-05-31T00:00:00", "start_year": 2026, "start_month": 6, "start_month_name": "June", "is_full_closure": false, "is_directional_closure": false, "is_active": true, "is_future_event": false }, "geometry": { "type": "GeometryCollection", "geometries": [ { "type": "Point", "coordinates": [ 13.323100805282595, 52.490855331069881 ] }, { "type": "LineString", "coordinates": [ [ 13.32321882247925, 52.491449799112424 ], [ 13.32295596599579, 52.490117134294188 ] ] } ] } },
{ "type": "Feature", "properties": { "id": "655/2026", "lms_id": null, "tstore": "2026-07-23 14:58:49.612000+00:00", "object_state": "modified", "event_type": "Baustelle", "icon": "baustelle", "severity": "keine Sperrung", "direction": "Beidseitig", "street": "Minna-Todenhagen-Straße (Oberschöneweide)", "section": "in beiden Richtungen zwischen Rummelsburger Landstraße und Nalepastraße", "total_lanes": 4.0, "closed_lanes": 2.0, "content": "Leitungsbauarbeiten, Fahrbahn auf jeweils einen Fahrstreifen verengt", "is_future": null, "geometry_type": "GeometryCollection", "start_time": "2026-07-03T07:00:00", "end_time": "2026-07-27T12:00:00", "duration_hours": 581.0, "duration_days": 24.208333333333332, "event_status": "Active", "closure_ratio": 0.5, "closure_category": "No closure", "district_code": "009", "district_name": "Treptow-Köpenick", "map_longitude": 13.50674629211426, "map_latitude": 52.471788897754756, "start_date": "2026-07-03T00:00:00", "end_date": "2026-07-27T00:00:00", "start_year": 2026, "start_month": 7, "start_month_name": "July", "is_full_closure": false, "is_directional_closure": false, "is_active": true, "is_future_event": false }, "geometry": { "type": "GeometryCollection", "geometries": [ { "type": "Point", "coordinates": [ 13.50674629211426, 52.471788897754756 ] }, { "type": "LineString", "coordinates": [ [ 13.508827686309816, 52.472468583650183 ], [ 13.507926464080811, 52.472135277455443 ], [ 13.506832122802736, 52.471821575201474 ], [ 13.505512475967409, 52.471331410953049 ] ] } ] } },
{ "type": "Feature", "properties": { "id": "656/2026", "lms_id": "LMS-BR/r_LMS-BR/363042_LMS-BR/72", "tstore": "2026-07-23 14:59:05.443000+00:00", "object_state": "modified", "event_type": "Baustelle", "icon": "baustelle", "severity": "keine Sperrung", "direction": "Beidseitig", "street": "Rummelsburger Landstraße (Oberschöneweide)", "section": "in beiden Richtungen Höhe Minna-Todenhagen-Straße", "total_lanes": 4.0, "closed_lanes": 2.0, "content": "Leitungsbauarbeiten, Fahrbahn auf jeweils einen Fahrstreifen verengt", "is_future": null, "geometry_type": "GeometryCollection", "start_time": "2026-07-03T07:00:00", "end_time": "2026-07-27T12:00:00", "duration_hours": 581.0, "duration_days": 24.208333333333332, "event_status": "Active", "closure_ratio": 0.5, "closure_category": "No closure", "district_code": "009", "district_name": "Treptow-Köpenick", "map_longitude": 13.509841561317446, "map_latitude": 52.472873776016598, "start_date": "2026-07-03T00:00:00", "end_date": "2026-07-27T00:00:00", "start_year": 2026, "start_month": 7, "start_month_name": "July", "is_full_closure": false, "is_directional_closure": false, "is_active": true, "is_future_event": false }, "geometry": { "type": "GeometryCollection", "geometries": [ { "type": "Point", "coordinates": [ 13.509841561317446, 52.472873776016598 ] }, { "type": "LineString", "coordinates": [ [ 13.509042263031008, 52.473618797405614 ], [ 13.510619401931764, 52.472135277455443 ] ] } ] } },
{ "type": "Feature", "properties": { "id": "659/2026", "lms_id": "LMS-BR/r_LMS-BR/414868_LMS-BR/72", "tstore": "2026-07-06 07:17:10.362000+00:00", "object_state": "modified", "event_type": "Baustelle", "icon": "baustelle", "severity": "keine Sperrung", "direction": "Beidseitig", "street": "Allee der Kosmonauten (Marzahn)", "section": "in beiden Richtungen zwischen Rhinstraße und dem Evangelischen Krankenhaus", "total_lanes": 2.0, "closed_lanes": 1.0, "content": "Sanierung der Straßenbahnanlage, eine Baustellenampel regelt den Verkehr. Im Anschluss folgen weitere Arbeiten (bis Sommer 2027)", "is_future": null, "geometry_type": "GeometryCollection", "start_time": "2026-07-06T07:00:00", "end_time": "2026-09-07T17:00:00", "duration_hours": 1522.0, "duration_days": 63.416666666666664, "event_status": "Active", "closure_ratio": 0.5, "closure_category": "No closure", "district_code": "011", "district_name": "Lichtenberg", "map_longitude": 13.518564105033876, "map_latitude": 52.526085608746619, "start_date": "2026-07-06T00:00:00", "end_date": "2026-09-07T00:00:00", "start_year": 2026, "start_month": 7, "start_month_name": "July", "is_full_closure": false, "is_directional_closure": false, "is_active": true, "is_future_event": false }, "geometry": { "type": "GeometryCollection", "geometries": [ { "type": "Point", "coordinates": [ 13.518564105033876, 52.526085608746619 ] }, { "type": "LineString", "coordinates": [ [ 13.519324779117598, 52.526070532029216 ], [ 13.517869949209855, 52.526120109502237 ], [ 13.516728401118598, 52.526073141334621 ], [ 13.516415118974693, 52.526031391832248 ], [ 13.516097545361847, 52.525981814159536 ], [ 13.515573978293107, 52.525895705526125 ], [ 13.515385150712975, 52.525867002644013 ], [ 13.514804720616668, 52.525755283550772 ], [ 13.514230727887481, 52.525670466943865 ], [ 13.513259768551507, 52.525631964546655 ], [ 13.513068795400613, 52.525586910128688 ], [ 13.512883186340334, 52.525447304271687 ], [ 13.512740492951711, 52.525434960552552 ] ] } ] } },
{ "type": "Feature", "properties": { "id": "660/2026", "lms_id": "LMS-BR/r_LMS-BR/414865_LMS-BR/72", "tstore": "2026-07-23 10:43:11.640000+00:00", "object_state": "modified", "event_type": "Baustelle", "icon": "baustelle", "severity": "keine Sperrung", "direction": "Beidseitig", "street": "Mariannenstraße (Lichterfelde)", "section": "in beiden Richtungen zwischen Georgenstraße und Geraer Straße", "total_lanes": 2.0, "closed_lanes": 1.0, "content": "Hausanschlussarbeiten, für beide Richtungen steht nur ein gemeinsamer Fahrstreifen zur Verfügung", "is_future": null, "geometry_type": "GeometryCollection", "start_time": "2026-07-06T07:00:00", "end_time": "2026-08-07T17:00:00", "duration_hours": 778.0, "duration_days": 32.416666666666664, "event_status": "Active", "closure_ratio": 0.5, "closure_category": "No closure", "district_code": "006", "district_name": "Steglitz-Zehlendorf", "map_longitude": 13.335366010796864, "map_latitude": 52.42040516105687, "start_date": "2026-07-06T00:00:00", "end_date": "2026-08-07T00:00:00", "start_year": 2026, "start_month": 7, "start_month_name": "July", "is_full_closure": false, "is_directional_closure": false, "is_active": true, "is_future_event": false }, "geometry": { "type": "GeometryCollection", "geometries": [ { "type": "Point", "coordinates": [ 13.335366010796864, 52.42040516105687 ] }, { "type": "LineString", "coordinates": [ [ 13.335243702131269, 52.42058171492679 ], [ 13.335552692478814, 52.420152753145466 ] ] } ] } },
{ "type": "Feature", "properties": { "id": "661/2026", "lms_id": "LMS-BR/r_LMS-BR/414869_LMS-BR/72", "tstore": "2026-07-06 07:16:06.940000+00:00", "object_state": "modified", "event_type": "Baustelle", "icon": "baustelle", "severity": "keine Sperrung", "direction": "Einseitig", "street": "Sachsendamm (Schöneberg)", "section": "Richtung Dominicusstraße zwischen Ella-Barowsky-Straße und Torgauer Straße", "total_lanes": 3.0, "closed_lanes": 2.0, "content": "Leitungsarbeiten, Fahrbahn auf einen Fahrstreifen verengt", "is_future": null, "geometry_type": "GeometryCollection", "start_time": "2026-07-06T07:00:00", "end_time": "2026-07-31T17:00:00", "duration_hours": 610.0, "duration_days": 25.416666666666668, "event_status": "Active", "closure_ratio": 0.66666666666666663, "closure_category": "No closure", "district_code": "007", "district_name": "Tempelhof-Schöneberg", "map_longitude": 13.353758454322817, "map_latitude": 52.479273576552323, "start_date": "2026-07-06T00:00:00", "end_date": "2026-07-31T00:00:00", "start_year": 2026, "start_month": 7, "start_month_name": "July", "is_full_closure": false, "is_directional_closure": false, "is_active": true, "is_future_event": false }, "geometry": { "type": "GeometryCollection", "geometries": [ { "type": "Point", "coordinates": [ 13.353758454322817, 52.479273576552323 ] }, { "type": "LineString", "coordinates": [ [ 13.354006290501275, 52.47911554275629 ], [ 13.353727340763728, 52.479308840179044 ], [ 13.353315353524522, 52.479643190606346 ], [ 13.35317802422651, 52.479726777828596 ] ] } ] } },
{ "type": "Feature", "properties": { "id": "664/2026", "lms_id": "LMS-BR/r_LMS-BR/414866_LMS-BR/72", "tstore": "2026-07-06 07:15:06.474000+00:00", "object_state": "modified", "event_type": "Baustelle", "icon": "baustelle", "severity": "keine Sperrung", "direction": "Beidseitig", "street": "Hönower Straße (Mahlsdorf)", "section": "in beiden Richtungen zwischen Briesener Weg und Am Rosenhag", "total_lanes": 2.0, "closed_lanes": 1.0, "content": "Leitungsarbeiten, eine Baustellenampel regelt den Verkehr. Die Zufahrten von Am Rosenhag auf die Hönower Straße sind nicht möglich (Einbahnstraßenregelung). Im Anschluss folgen weitere Arbeiten", "is_future": null, "geometry_type": "GeometryCollection", "start_time": "2026-07-06T07:00:00", "end_time": "2026-07-31T17:00:00", "duration_hours": 610.0, "duration_days": 25.416666666666668, "event_status": "Active", "closure_ratio": 0.5, "closure_category": "No closure", "district_code": "010", "district_name": "Marzahn-Hellersdorf", "map_longitude": 13.621973991394045, "map_latitude": 52.525027455956398, "start_date": "2026-07-06T00:00:00", "end_date": "2026-07-31T00:00:00", "start_year": 2026, "start_month": 7, "start_month_name": "July", "is_full_closure": false, "is_directional_closure": false, "is_active": true, "is_future_event": false }, "geometry": { "type": "GeometryCollection", "geometries": [ { "type": "Point", "coordinates": [ 13.621973991394045, 52.525027455956398 ] }, { "type": "LineString", "coordinates": [ [ 13.621743321418764, 52.524782670915052 ], [ 13.622719645500185, 52.525814022654913 ] ] } ] } },
{ "type": "Feature", "properties": { "id": "666/2026", "lms_id": "LMS-BR/r_LMS-BR/414870_LMS-BR/72", "tstore": "2026-07-07 15:46:11.989000+00:00", "object_state": "modified", "event_type": "Baustelle", "icon": "baustelle", "severity": "keine Sperrung", "direction": "Beidseitig", "street": "Brunsbütteler Damm (Staaken)", "section": "in beiden Richtungen zwischen Am alten Gaswerk und Am Zeppelinpark", "total_lanes": 4.0, "closed_lanes": 2.0, "content": "Leitungsarbeiten, Fahrbahn auf einen Fahrstreifen je Richtung verengt und verschwenkt", "is_future": null, "geometry_type": "GeometryCollection", "start_time": "2026-07-06T07:00:00", "end_time": "2026-08-14T17:00:00", "duration_hours": 946.0, "duration_days": 39.416666666666664, "event_status": "Active", "closure_ratio": 0.5, "closure_category": "No closure", "district_code": "005", "district_name": "Spandau", "map_longitude": 13.127626776695253, "map_latitude": 52.535835803204897, "start_date": "2026-07-06T00:00:00", "end_date": "2026-08-14T00:00:00", "start_year": 2026, "start_month": 7, "start_month_name": "July", "is_full_closure": false, "is_directional_closure": false, "is_active": true, "is_future_event": false }, "geometry": { "type": "GeometryCollection", "geometries": [ { "type": "Point", "coordinates": [ 13.127626776695253, 52.535835803204897 ] }, { "type": "LineString", "coordinates": [ [ 13.129112720489504, 52.536057685848398 ], [ 13.126720190048218, 52.535688968486063 ] ] } ] } },
{ "type": "Feature", "properties": { "id": "669/2026", "lms_id": "LMS-BR/r_LMS-BR/414867_LMS-BR/72", "tstore": "2026-07-06 07:13:00.308000+00:00", "object_state": "modified", "event_type": "Baustelle", "icon": "baustelle", "severity": "keine Sperrung", "direction": "Beidseitig", "street": "Dorfstraße (Malchow)", "section": "in beiden Richtungen zwischen Blankenburger Pflasterweg und Wartenberger Weg", "total_lanes": 2.0, "closed_lanes": 0.0, "content": "Leitungsarbeiten, Fahrbahnverschwenkung. Das Linksabbiegen in den Wartenberger Weg ist nicht möglich. Im Anschluss folgen weitere Arbeiten", "is_future": null, "geometry_type": "GeometryCollection", "start_time": "2026-07-06T07:00:00", "end_time": "2026-09-07T17:00:00", "duration_hours": 1522.0, "duration_days": 63.416666666666664, "event_status": "Active", "closure_ratio": 0.0, "closure_category": "No closure", "district_code": "011", "district_name": "Lichtenberg", "map_longitude": 13.483341336250307, "map_latitude": 52.577503954056752, "start_date": "2026-07-06T00:00:00", "end_date": "2026-09-07T00:00:00", "start_year": 2026, "start_month": 7, "start_month_name": "July", "is_full_closure": false, "is_directional_closure": false, "is_active": true, "is_future_event": false }, "geometry": { "type": "GeometryCollection", "geometries": [ { "type": "Point", "coordinates": [ 13.483341336250307, 52.577503954056752 ] }, { "type": "LineString", "coordinates": [ [ 13.483105301856995, 52.582338105683391 ], [ 13.483040928840639, 52.581982815319279 ], [ 13.48271906375885, 52.579648909779571 ], [ 13.482724428176882, 52.579495702136882 ], [ 13.482815623283388, 52.579150168041004 ], [ 13.483083844184877, 52.578260242216643 ], [ 13.483394980430605, 52.577360518623593 ] ] } ] } },
{ "type": "Feature", "properties": { "id": "671/2026", "lms_id": "LMS-BR/r_LMS-BR/414897_LMS-BR/72", "tstore": "2026-07-06 15:01:34.810000+00:00", "object_state": "modified", "event_type": "Baustelle", "icon": "baustelle", "severity": "keine Sperrung", "direction": "Einseitig", "street": "Kaiserdamm (Westend)", "section": "stadteinwärts zwischen Messedamm und Rognitzstraße", "total_lanes": 5.0, "closed_lanes": 2.0, "content": "Arbeiten, Fahrbahn auf drei Fahrstreifen verengt. Eine Baustellenampel regelt den Verkehr", "is_future": null, "geometry_type": "GeometryCollection", "start_time": "2026-07-02T07:00:00", "end_time": "2026-12-31T17:00:00", "duration_hours": 4378.0, "duration_days": 182.41666666666666, "event_status": "Active", "closure_ratio": 0.4, "closure_category": "No closure", "district_code": "004", "district_name": "Charlottenburg-Wilmersdorf", "map_longitude": 13.283897638320925, "map_latitude": 52.510037568597134, "start_date": "2026-07-02T00:00:00", "end_date": "2026-12-31T00:00:00", "start_year": 2026, "start_month": 7, "start_month_name": "July", "is_full_closure": false, "is_directional_closure": false, "is_active": true, "is_future_event": false }, "geometry": { "type": "GeometryCollection", "geometries": [ { "type": "Point", "coordinates": [ 13.283897638320925, 52.510037568597134 ] }, { "type": "LineString", "coordinates": [ [ 13.283329010009767, 52.510011449348141 ], [ 13.284391164779665, 52.510109396451803 ] ] } ] } },
{ "type": "Feature", "properties": { "id": "673/2026", "lms_id": "LMS-BR/r_LMS-BR/414998_LMS-BR/72", "tstore": "2026-07-07 13:23:18.453000+00:00", "object_state": "modified", "event_type": "Baustelle", "icon": "baustelle", "severity": "keine Sperrung", "direction": "Einseitig", "street": "Buckower Damm (Britz)", "section": "Stadtauswärts zwischen Mohriner Allee und Gutschmidtstraße", "total_lanes": 4.0, "closed_lanes": 2.0, "content": "Haltestellensanierung, Fahrbahn auf zwei Fahrstreifen reduziert", "is_future": null, "geometry_type": "GeometryCollection", "start_time": "2026-07-07T07:00:00", "end_time": "2026-08-04T17:00:00", "duration_hours": 682.0, "duration_days": 28.416666666666668, "event_status": "Active", "closure_ratio": 0.5, "closure_category": "No closure", "district_code": "008", "district_name": "Neukölln", "map_longitude": 13.434659242630007, "map_latitude": 52.440544698576709, "start_date": "2026-07-07T00:00:00", "end_date": "2026-08-04T00:00:00", "start_year": 2026, "start_month": 7, "start_month_name": "July", "is_full_closure": false, "is_directional_closure": false, "is_active": true, "is_future_event": false }, "geometry": { "type": "GeometryCollection", "geometries": [ { "type": "Point", "coordinates": [ 13.434659242630007, 52.440544698576709 ] }, { "type": "LineString", "coordinates": [ [ 13.434605598449707, 52.440982885149651 ], [ 13.434659242630007, 52.440384465085017 ] ] } ] } },
{ "type": "Feature", "properties": { "id": "674/2026", "lms_id": "LMS-BR/r_LMS-BR/414917_LMS-BR/72", "tstore": "2026-07-06 15:02:54.686000+00:00", "object_state": "modified", "event_type": "Baustelle", "icon": "baustelle", "severity": "keine Sperrung", "direction": "Beidseitig", "street": "Köpenicker Chaussee (Rummelsburg)", "section": "in beiden Richtungen in Höhe des Heizkraftwerks", "total_lanes": 4.0, "closed_lanes": 2.0, "content": "Gleisarbeiten, Fahrbahn auf einen Fahrstreifen je Richtung verengt", "is_future": null, "geometry_type": "GeometryCollection", "start_time": "2026-07-06T07:00:00", "end_time": "2026-08-31T17:00:00", "duration_hours": 1354.0, "duration_days": 56.416666666666664, "event_status": "Active", "closure_ratio": 0.5, "closure_category": "No closure", "district_code": "011", "district_name": "Lichtenberg", "map_longitude": 13.494783639907839, "map_latitude": 52.489222135745024, "start_date": "2026-07-06T00:00:00", "end_date": "2026-08-31T00:00:00", "start_year": 2026, "start_month": 7, "start_month_name": "July", "is_full_closure": false, "is_directional_closure": false, "is_active": true, "is_future_event": false }, "geometry": { "type": "GeometryCollection", "geometries": [ { "type": "Point", "coordinates": [ 13.494783639907839, 52.489222135745024 ] }, { "type": "LineString", "coordinates": [ [ 13.494359850883484, 52.489627173840894 ], [ 13.495920896530153, 52.488108261747861 ] ] } ] } },
{ "type": "Feature", "properties": { "id": "675/2026", "lms_id": "LMS-BR/r_LMS-BR/415838_LMS-BR/72", "tstore": "2026-07-21 16:37:52.576000+00:00", "object_state": "modified", "event_type": "Baustelle", "icon": "baustelle", "severity": "keine Sperrung", "direction": "Einseitig", "street": "Tempelhofer Damm/Mariendorfer Damm (Tempelhof)", "section": "stadteinwärts zwischen Ullsteinstraße und Ordensmeisterstraße", "total_lanes": 3.0, "closed_lanes": 2.0, "content": "Straßenarbeiten, Fahrbahn auf einen Fahrstreifen verengt", "is_future": null, "geometry_type": "GeometryCollection", "start_time": "2022-02-02T12:00:00", "end_time": "2026-12-11T17:00:00", "duration_hours": 42557.0, "duration_days": 1773.2083333333333, "event_status": "Active", "closure_ratio": 0.66666666666666663, "closure_category": "No closure", "district_code": "007", "district_name": "Tempelhof-Schöneberg", "map_longitude": 13.384394645690918, "map_latitude": 52.453838777987215, "start_date": "2022-02-02T00:00:00", "end_date": "2026-12-11T00:00:00", "start_year": 2022, "start_month": 2, "start_month_name": "February", "is_full_closure": false, "is_directional_closure": false, "is_active": true, "is_future_event": false }, "geometry": { "type": "GeometryCollection", "geometries": [ { "type": "Point", "coordinates": [ 13.384394645690918, 52.453838777987215 ] }, { "type": "LineString", "coordinates": [ [ 13.38463068008423, 52.452897273303662 ], [ 13.384029865264894, 52.455682499686866 ] ] } ] } },
{ "type": "Feature", "properties": { "id": "676/2026", "lms_id": "LMS-BR/r_LMS-BR/414928_LMS-BR/72", "tstore": "2026-07-07 13:18:53.852000+00:00", "object_state": "modified", "event_type": "Baustelle", "icon": "baustelle", "severity": "keine Sperrung", "direction": "Beidseitig", "street": "Bahnhofstraße (Karow)", "section": "in beiden Richtungen zwischen Hagenstraße und Spinolastraße", "total_lanes": 2.0, "closed_lanes": 1.0, "content": "Baustelle, nur ein gemeinsamer Fahrstreifen abwechselnd frei", "is_future": null, "geometry_type": "GeometryCollection", "start_time": "2026-07-06T08:00:00", "end_time": "2026-07-31T17:00:00", "duration_hours": 609.0, "duration_days": 25.375, "event_status": "Active", "closure_ratio": 0.5, "closure_category": "No closure", "district_code": "003", "district_name": "Pankow", "map_longitude": 13.475112318992617, "map_latitude": 52.611778079978173, "start_date": "2026-07-06T00:00:00", "end_date": "2026-07-31T00:00:00", "start_year": 2026, "start_month": 7, "start_month_name": "July", "is_full_closure": false, "is_directional_closure": false, "is_active": true, "is_future_event": false }, "geometry": { "type": "GeometryCollection", "geometries": [ { "type": "Point", "coordinates": [ 13.475112318992617, 52.611778079978173 ] }, { "type": "LineString", "coordinates": [ [ 13.474908471107483, 52.611869285453608 ], [ 13.475342988967896, 52.611677102265901 ] ] } ] } },
{ "type": "Feature", "properties": { "id": "677/2026", "lms_id": "LMS-BR/r_LMS-BR/415123_LMS-BR/72", "tstore": "2026-07-08 09:11:42.372000+00:00", "object_state": "modified", "event_type": "Baustelle", "icon": "baustelle", "severity": "keine Sperrung", "direction": "Einseitig", "street": "Sterndamm (Johannisthal)", "section": "Richtung Königsheideweg Höhe Südostallee", "total_lanes": 2.0, "closed_lanes": 1.0, "content": "Leitungsbauarbeiten, Fahrbahn auf einen Fahrstreifen verengt", "is_future": null, "geometry_type": "GeometryCollection", "start_time": "2026-07-08T07:00:00", "end_time": "2026-08-05T17:00:00", "duration_hours": 682.0, "duration_days": 28.416666666666668, "event_status": "Active", "closure_ratio": 0.5, "closure_category": "No closure", "district_code": "009", "district_name": "Treptow-Köpenick", "map_longitude": 13.508790135383608, "map_latitude": 52.452900542451985, "start_date": "2026-07-08T00:00:00", "end_date": "2026-08-05T00:00:00", "start_year": 2026, "start_month": 7, "start_month_name": "July", "is_full_closure": false, "is_directional_closure": false, "is_active": true, "is_future_event": false }, "geometry": { "type": "GeometryCollection", "geometries": [ { "type": "Point", "coordinates": [ 13.508790135383608, 52.452900542451985 ] }, { "type": "LineString", "coordinates": [ [ 13.508618474006655, 52.452714200611084 ], [ 13.508827686309816, 52.452929964775819 ], [ 13.509063720703125, 52.453093421772628 ] ] } ] } },
{ "type": "Feature", "properties": { "id": "678/2026", "lms_id": "LMS-BR/r_LMS-BR/415124_LMS-BR/72", "tstore": "2026-07-08 09:11:08.178000+00:00", "object_state": "modified", "event_type": "Baustelle", "icon": "baustelle", "severity": "keine Sperrung", "direction": "Einseitig", "street": "Skalitzer Straße (Kreuzberg)", "section": "Richtung Gitschiner Straße zwischen Kottbusser Tor und Erkelenzdamm", "total_lanes": 2.0, "closed_lanes": 1.0, "content": "Gasleitungsbauarbeiten, Fahrbahn auf einen Fahrstreifen verengt", "is_future": null, "geometry_type": "GeometryCollection", "start_time": "2026-07-08T07:00:00", "end_time": "2026-08-28T17:00:00", "duration_hours": 1234.0, "duration_days": 51.416666666666664, "event_status": "Active", "closure_ratio": 0.5, "closure_category": "No closure", "district_code": "002", "district_name": "Friedrichshain-Kreuzberg", "map_longitude": 13.417418003082275, "map_latitude": 52.499033460891113, "start_date": "2026-07-08T00:00:00", "end_date": "2026-08-28T00:00:00", "start_year": 2026, "start_month": 7, "start_month_name": "July", "is_full_closure": false, "is_directional_closure": false, "is_active": true, "is_future_event": false }, "geometry": { "type": "GeometryCollection", "geometries": [ { "type": "Point", "coordinates": [ 13.417418003082275, 52.499033460891113 ] }, { "type": "LineString", "coordinates": [ [ 13.417713046073915, 52.499069383824782 ], [ 13.415524363517763, 52.498788531015443 ], [ 13.41434419155121, 52.498599117642684 ] ] } ] } },
{ "type": "Feature", "properties": { "id": "679/2026", "lms_id": "LMS-BR/r_LMS-BR/415125_LMS-BR/72", "tstore": "2026-07-08 09:10:37.896000+00:00", "object_state": "modified", "event_type": "Baustelle", "icon": "baustelle", "severity": "keine Sperrung", "direction": "Beidseitig", "street": "Buckower Chaussee (Marienfelde)", "section": "in beiden Richtungen zwischen Nahmitzer Damm und S-Bhf. Buckower Chaussee", "total_lanes": 4.0, "closed_lanes": 2.0, "content": "Neubau Straßenüberführung, Fahrbahn auf jeweils einen Fahrstreifen verengt und verschwenkt", "is_future": null, "geometry_type": "GeometryCollection", "start_time": "2026-07-08T07:00:00", "end_time": "2026-08-23T17:00:00", "duration_hours": 1114.0, "duration_days": 46.416666666666664, "event_status": "Active", "closure_ratio": 0.5, "closure_category": "No closure", "district_code": "007", "district_name": "Tempelhof-Schöneberg", "map_longitude": 13.379577398300173, "map_latitude": 52.410158589983261, "start_date": "2026-07-08T00:00:00", "end_date": "2026-08-23T00:00:00", "start_year": 2026, "start_month": 7, "start_month_name": "July", "is_full_closure": false, "is_directional_closure": false, "is_active": true, "is_future_event": false }, "geometry": { "type": "GeometryCollection", "geometries": [ { "type": "Point", "coordinates": [ 13.379577398300173, 52.410158589983261 ] }, { "type": "LineString", "coordinates": [ [ 13.380414247512819, 52.410521816019596 ], [ 13.379191160202028, 52.409988429009452 ], [ 13.378316760063173, 52.40966119452245 ] ] } ] } },
{ "type": "Feature", "properties": { "id": "680/2026", "lms_id": "LMS-BR/r_LMS-BR/415236_LMS-BR/72", "tstore": "2026-07-09 09:31:30.884000+00:00", "object_state": "modified", "event_type": "Sperrung", "icon": "sperrung", "severity": "Vollsperrung", "direction": "Beidseitig", "street": "Wittestraße (Tegel)", "section": "in beiden Richtungen Höhe Otisstraße", "total_lanes": 2.0, "closed_lanes": 2.0, "content": "Leitungsarbeiten der BWB, Vollsperrung für Kfz-Verkehr. Eine Umleitung ist ausgeschildert", "is_future": null, "geometry_type": "GeometryCollection", "start_time": "2026-07-09T07:00:00", "end_time": "2026-08-22T17:00:00", "duration_hours": 1066.0, "duration_days": 44.416666666666664, "event_status": "Active", "closure_ratio": 1.0, "closure_category": "Full closure", "district_code": "012", "district_name": "Reinickendorf", "map_longitude": 13.307066559791567, "map_latitude": 52.577412677017229, "start_date": "2026-07-09T00:00:00", "end_date": "2026-08-22T00:00:00", "start_year": 2026, "start_month": 7, "start_month_name": "July", "is_full_closure": true, "is_directional_closure": false, "is_active": true, "is_future_event": false }, "geometry": { "type": "GeometryCollection", "geometries": [ { "type": "Point", "coordinates": [ 13.307066559791567, 52.577412677017229 ] }, { "type": "LineString", "coordinates": [ [ 13.307635188102724, 52.577386597828159 ], [ 13.30670177936554, 52.57743875619078 ], [ 13.306358456611633, 52.577458315560754 ] ] } ] } },
{ "type": "Feature", "properties": { "id": "682/2026", "lms_id": "LMS-BR/r_LMS-BR/414987_LMS-BR/72", "tstore": "2026-07-08 09:18:21.776000+00:00", "object_state": "modified", "event_type": "Baustelle", "icon": "baustelle", "severity": "keine Sperrung", "direction": "Einseitig", "street": "Frankfurter Allee (Friedrichshain)", "section": "stadteinwärts in Höhe Silvio-Meier-Straße", "total_lanes": 3.0, "closed_lanes": 2.0, "content": "Reparaturarbeiten nach einem Wasserrohrbruch, Fahrbahn auf einen Fahrstreifen verengt. Die Silvio-Meier-Straße ist von der Frankfurter Allee abgehängt (Sackgasse). Für den Radverkehr ist eine Umleitung ausgeschildert", "is_future": null, "geometry_type": "GeometryCollection", "start_time": "2026-07-07T06:00:00", "end_time": "2026-09-25T17:00:00", "duration_hours": 1931.0, "duration_days": 80.458333333333329, "event_status": "Active", "closure_ratio": 0.66666666666666663, "closure_category": "No closure", "district_code": "002", "district_name": "Friedrichshain-Kreuzberg", "map_longitude": 13.462817072868349, "map_latitude": 52.514973827945667, "start_date": "2026-07-07T00:00:00", "end_date": "2026-09-25T00:00:00", "start_year": 2026, "start_month": 7, "start_month_name": "July", "is_full_closure": false, "is_directional_closure": false, "is_active": true, "is_future_event": false }, "geometry": { "type": "GeometryCollection", "geometries": [ { "type": "Point", "coordinates": [ 13.462817072868349, 52.514973827945667 ] }, { "type": "LineString", "coordinates": [ [ 13.463171124458313, 52.51494444708996 ], [ 13.462253808975222, 52.515039118665797 ] ] } ] } },
{ "type": "Feature", "properties": { "id": "684/2026", "lms_id": "LMS-BR/r_LMS-BR/380590_LMS-BR/72", "tstore": "2026-07-07 14:57:29.269000+00:00", "object_state": "new", "event_type": "Baustelle", "icon": "baustelle", "severity": "keine Sperrung", "direction": "Beidseitig", "street": "Buschkrugallee (Britz)", "section": "gesamter Kreuzung Blaschkoallee", "total_lanes": null, "closed_lanes": null, "content": "Leitungsbauarbeiten, Fahrbahn auf jeweils einen Fahrstreifen verengt", "is_future": null, "geometry_type": "GeometryCollection", "start_time": "2025-06-17T12:00:00", "end_time": "2026-08-07T17:00:00", "duration_hours": 9989.0, "duration_days": 416.20833333333331, "event_status": "Active", "closure_ratio": null, "closure_category": "No closure", "district_code": "008", "district_name": "Neukölln", "map_longitude": 13.452115058898928, "map_latitude": 52.452534396332929, "start_date": "2025-06-17T00:00:00", "end_date": "2026-08-07T00:00:00", "start_year": 2025, "start_month": 6, "start_month_name": "June", "is_full_closure": false, "is_directional_closure": false, "is_active": true, "is_future_event": false }, "geometry": { "type": "GeometryCollection", "geometries": [ { "type": "Point", "coordinates": [ 13.452115058898928, 52.452534396332929 ] }, { "type": "LineString", "coordinates": [ [ 13.451954126358034, 52.452854774353547 ], [ 13.452367186546327, 52.452073440193878 ] ] }, { "type": "LineString", "coordinates": [ [ 13.452603220939638, 52.452619394810441 ], [ 13.452131152153017, 52.452537665508196 ], [ 13.451449871063234, 52.452531127157457 ] ] } ] } },
{ "type": "Feature", "properties": { "id": "685/2026", "lms_id": "LMS-BR/r_LMS-BR/415135_LMS-BR/72", "tstore": "2026-07-08 10:54:43.131000+00:00", "object_state": "modified", "event_type": "Baustelle", "icon": "baustelle", "severity": "keine Sperrung", "direction": "Beidseitig", "street": "Yorckstraße (Schöneberg)", "section": "in beiden Richtungen in Höhe Bautzener Straße", "total_lanes": 4.0, "closed_lanes": 3.0, "content": "Reparatur einer defekten Gasleitung, Fahrbahn auf einen Fahrstreifen je Richtung verengt. Das Abbiegen in die Bautzener Straße ist nicht möglich", "is_future": null, "geometry_type": "GeometryCollection", "start_time": "2026-07-08T10:30:00", "end_time": null, "duration_hours": null, "duration_days": null, "event_status": "Active", "closure_ratio": 0.75, "closure_category": "No closure", "district_code": "007", "district_name": "Tempelhof-Schöneberg", "map_longitude": 13.3704410031999, "map_latitude": 52.492736696908302, "start_date": "2026-07-08T00:00:00", "end_date": null, "start_year": 2026, "start_month": 7, "start_month_name": "July", "is_full_closure": false, "is_directional_closure": false, "is_active": true, "is_future_event": false }, "geometry": { "type": "GeometryCollection", "geometries": [ { "type": "Point", "coordinates": [ 13.3704410031999, 52.492736696908302 ] }, { "type": "LineString", "coordinates": [ [ 13.370371735760035, 52.492755641066971 ], [ 13.370899378364966, 52.492648509931747 ] ] } ] } },
{ "type": "Feature", "properties": { "id": "686/2026", "lms_id": "LMS-BR/r_LMS-BR/364250_LMS-BR/72", "tstore": "2026-07-08 10:28:13.274000+00:00", "object_state": "modified", "event_type": "Baustelle", "icon": "baustelle", "severity": "keine Sperrung", "direction": "Beidseitig", "street": "Buckower Damm (Britz)", "section": "in beiden Richtungen zwischen Rohrlegerweg und Bauhüttenweg", "total_lanes": 3.0, "closed_lanes": 2.0, "content": "Leitungsarbeiten, eine Baustellenampel regelt den Verkehr. Im Anschluss folgen weitere Arbeiten (bis vsl. Ende 2027)", "is_future": null, "geometry_type": "GeometryCollection", "start_time": "2026-03-04T07:00:00", "end_time": "2026-10-30T17:00:00", "duration_hours": 5770.0, "duration_days": 240.41666666666666, "event_status": "Active", "closure_ratio": 0.66666666666666663, "closure_category": "No closure", "district_code": "008", "district_name": "Neukölln", "map_longitude": 13.435297608375549, "map_latitude": 52.425784422110461, "start_date": "2026-03-04T00:00:00", "end_date": "2026-10-30T00:00:00", "start_year": 2026, "start_month": 3, "start_month_name": "March", "is_full_closure": false, "is_directional_closure": false, "is_active": true, "is_future_event": false }, "geometry": { "type": "GeometryCollection", "geometries": [ { "type": "Point", "coordinates": [ 13.435297608375549, 52.425784422110461 ] }, { "type": "LineString", "coordinates": [ [ 13.435501456260683, 52.424875030052974 ], [ 13.435378074645998, 52.425189066840865 ], [ 13.43506693840027, 52.427135390782404 ] ] } ] } },
{ "type": "Feature", "properties": { "id": "687/2026", "lms_id": "LMS-BR/r_LMS-BR/415149_LMS-BR/72", "tstore": "2026-07-09 09:32:03.805000+00:00", "object_state": "modified", "event_type": "Baustelle", "icon": "baustelle", "severity": "keine Sperrung", "direction": "Beidseitig", "street": "Nöldnerstraße (Rummelsburg)", "section": "in beiden Richtungen zwischen Karlshorster Straße und Stadthausstraße", "total_lanes": 2.0, "closed_lanes": 1.0, "content": "Leitungsarbeiten, eine Baustellenampel regelt den Verkehr", "is_future": null, "geometry_type": "GeometryCollection", "start_time": "2026-07-06T07:00:00", "end_time": "2026-12-16T17:00:00", "duration_hours": 3922.0, "duration_days": 163.41666666666666, "event_status": "Active", "closure_ratio": 0.5, "closure_category": "No closure", "district_code": "011", "district_name": "Lichtenberg", "map_longitude": 13.477810621261598, "map_latitude": 52.501753723641002, "start_date": "2026-07-06T00:00:00", "end_date": "2026-12-16T00:00:00", "start_year": 2026, "start_month": 7, "start_month_name": "July", "is_full_closure": false, "is_directional_closure": false, "is_active": true, "is_future_event": false }, "geometry": { "type": "GeometryCollection", "geometries": [ { "type": "Point", "coordinates": [ 13.477810621261598, 52.501753723641002 ] }, { "type": "LineString", "coordinates": [ [ 13.477118611335756, 52.501717802900608 ], [ 13.478411436080934, 52.501805971938253 ] ] } ] } },
{ "type": "Feature", "properties": { "id": "688/2026", "lms_id": "LMS-BR/r_LMS-BR/413177_LMS-BR/72", "tstore": "2026-07-08 15:44:22.170000+00:00", "object_state": "modified", "event_type": "Baustelle", "icon": "baustelle", "severity": "keine Sperrung", "direction": "Einseitig", "street": "Hohenzollerndamm (Wilmersdorf)", "section": "stadtauswärts auf der Hohenzollerndammbrücke über A100", "total_lanes": 3.0, "closed_lanes": 2.0, "content": "Brückensanierung, Fahrbahn auf einen Fahrstreifen verengt, stadteinwärts kein Auffahren auf A100 Richtung Wedding möglich. Von der A100 ist in Richtung Treptow keine Abfahrt auf den Hohenzollerndamm in Richtung stadteinwärts möglich. In Richtung stadtauswärts bleibt die Ausfahrt offen", "is_future": null, "geometry_type": "GeometryCollection", "start_time": "2026-07-09T10:00:00", "end_time": "2026-08-13T17:00:00", "duration_hours": 847.0, "duration_days": 35.291666666666664, "event_status": "Active", "closure_ratio": 0.66666666666666663, "closure_category": "No closure", "district_code": "004", "district_name": "Charlottenburg-Wilmersdorf", "map_longitude": 13.300221562385561, "map_latitude": 52.487830605479537, "start_date": "2026-07-09T00:00:00", "end_date": "2026-08-13T00:00:00", "start_year": 2026, "start_month": 7, "start_month_name": "July", "is_full_closure": false, "is_directional_closure": false, "is_active": true, "is_future_event": false }, "geometry": { "type": "GeometryCollection", "geometries": [ { "type": "Point", "coordinates": [ 13.300221562385561, 52.487830605479537 ] }, { "type": "LineString", "coordinates": [ [ 13.300656080245973, 52.488049464096143 ], [ 13.299899697303772, 52.487670544010761 ], [ 13.299701213836672, 52.487559480608489 ] ] }, { "type": "LineString", "coordinates": [ [ 13.300398588180544, 52.487948201289512 ], [ 13.300162553787231, 52.488118061348835 ] ] }, { "type": "LineString", "coordinates": [ [ 13.299792408943178, 52.4878698041178 ], [ 13.299969434738161, 52.487748941537639 ] ] } ] } },
{ "type": "Feature", "properties": { "id": "689/2026", "lms_id": "LMS-BR/r_LMS-BR/415254_LMS-BR/72", "tstore": "2026-07-09 10:43:29.027000+00:00", "object_state": "modified", "event_type": "Baustelle", "icon": "baustelle", "severity": "keine Sperrung", "direction": "Beidseitig", "street": "Waidmannsluster Damm (Tegel)", "section": "Richtung Karolinenstraße Höhe Hermsdorfer Damm", "total_lanes": 2.0, "closed_lanes": 1.0, "content": "Sicherung der Brückenpfeiler S-Bahnbrück, Fahrbahn auf einen Fahrstreifen verengt", "is_future": null, "geometry_type": "GeometryCollection", "start_time": "2026-07-09T08:00:00", "end_time": "2026-08-21T17:00:00", "duration_hours": 1041.0, "duration_days": 43.375, "event_status": "Active", "closure_ratio": 0.5, "closure_category": "No closure", "district_code": "012", "district_name": "Reinickendorf", "map_longitude": 13.285131454467775, "map_latitude": 52.594849660755116, "start_date": "2026-07-09T00:00:00", "end_date": "2026-08-21T00:00:00", "start_year": 2026, "start_month": 7, "start_month_name": "July", "is_full_closure": false, "is_directional_closure": false, "is_active": true, "is_future_event": false }, "geometry": { "type": "GeometryCollection", "geometries": [ { "type": "Point", "coordinates": [ 13.285131454467775, 52.594849660755116 ] }, { "type": "LineString", "coordinates": [ [ 13.285442590713503, 52.594957194455063 ], [ 13.284793496131899, 52.594742126791246 ] ] } ] } },
{ "type": "Feature", "properties": { "id": "690/2026", "lms_id": "LMS-BR/r_LMS-BR/415651_LMS-BR/72", "tstore": "2026-07-13 13:21:05.363000+00:00", "object_state": "modified", "event_type": "Sperrung", "icon": "sperrung", "severity": "Vollsperrung", "direction": "Beidseitig", "street": "Saatwinkler Damm (Siemensstadt)", "section": "in beiden Richtungen zwischen Jungfernheideweg bis Rohrdamm", "total_lanes": 2.0, "closed_lanes": 2.0, "content": "Fahrbahnsanierung, Vollsperrung für Kfz-Verkehr", "is_future": null, "geometry_type": "GeometryCollection", "start_time": "2026-07-13T07:00:00", "end_time": "2026-07-31T17:00:00", "duration_hours": 442.0, "duration_days": 18.416666666666668, "event_status": "Active", "closure_ratio": 1.0, "closure_category": "Full closure", "district_code": "005", "district_name": "Spandau", "map_longitude": 13.265690803527834, "map_latitude": 52.548657474680432, "start_date": "2026-07-13T00:00:00", "end_date": "2026-07-31T00:00:00", "start_year": 2026, "start_month": 7, "start_month_name": "July", "is_full_closure": true, "is_directional_closure": false, "is_active": true, "is_future_event": false }, "geometry": { "type": "GeometryCollection", "geometries": [ { "type": "Point", "coordinates": [ 13.265690803527834, 52.548657474680432 ] }, { "type": "LineString", "coordinates": [ [ 13.270357847213747, 52.548592233924424 ], [ 13.266237974166872, 52.548670522819954 ], [ 13.26529383659363, 52.54863790246381 ], [ 13.258888721466066, 52.548168166646505 ] ] } ] } },
{ "type": "Feature", "properties": { "id": "691/2026", "lms_id": "LMS-BR/r_LMS-BR/415649_LMS-BR/72", "tstore": "2026-07-13 13:20:35.132000+00:00", "object_state": "modified", "event_type": "Sperrung", "icon": "sperrung", "severity": "Fahrtrichtungssperrung", "direction": "Einseitig", "street": "Rosa-Luxemburg-Straße (Mitte)", "section": "Richtung Alexanderplatz zwischen Torstraße und Rosa-Luxemburg-Platz", "total_lanes": 1.0, "closed_lanes": 1.0, "content": "Instandsetzung U-Bhf Rosa-Luxemburg-Platz, Fahrtrichtung für den Kfz- und Radverkehr gesperrt", "is_future": null, "geometry_type": "GeometryCollection", "start_time": "2026-07-13T07:00:00", "end_time": "2028-12-22T17:00:00", "duration_hours": 21442.0, "duration_days": 893.41666666666663, "event_status": "Active", "closure_ratio": 1.0, "closure_category": "Directional closure", "district_code": "001", "district_name": "Mitte", "map_longitude": 13.410122394561769, "map_latitude": 52.528405350223132, "start_date": "2026-07-13T00:00:00", "end_date": "2028-12-22T00:00:00", "start_year": 2026, "start_month": 7, "start_month_name": "July", "is_full_closure": false, "is_directional_closure": true, "is_active": true, "is_future_event": false }, "geometry": { "type": "GeometryCollection", "geometries": [ { "type": "Point", "coordinates": [ 13.410122394561769, 52.528405350223132 ] }, { "type": "LineString", "coordinates": [ [ 13.410047292709352, 52.528535891647564 ], [ 13.41085731983185, 52.526832295551166 ] ] } ] } },
{ "type": "Feature", "properties": { "id": "693/2026", "lms_id": "LMS-BR/r_LMS-BR/415668_LMS-BR/72", "tstore": "2026-07-13 13:19:39.560000+00:00", "object_state": "modified", "event_type": "Sperrung", "icon": "sperrung", "severity": "Vollsperrung", "direction": "Beidseitig", "street": "Dorfstraße (Wartenberg)", "section": "in beiden Richtungen zwischen Lindenberger Straße und Am Gutshof", "total_lanes": 2.0, "closed_lanes": 2.0, "content": "Leitungsarbeiten, Vollsperrung für den Kfz- und Radverkehr", "is_future": null, "geometry_type": "GeometryCollection", "start_time": "2026-07-13T11:00:00", "end_time": "2026-08-21T17:00:00", "duration_hours": 942.0, "duration_days": 39.25, "event_status": "Active", "closure_ratio": 1.0, "closure_category": "Full closure", "district_code": "011", "district_name": "Lichtenberg", "map_longitude": 13.518548011779787, "map_latitude": 52.574726439052974, "start_date": "2026-07-13T00:00:00", "end_date": "2026-08-21T00:00:00", "start_year": 2026, "start_month": 7, "start_month_name": "July", "is_full_closure": true, "is_directional_closure": false, "is_active": true, "is_future_event": false }, "geometry": { "type": "GeometryCollection", "geometries": [ { "type": "Point", "coordinates": [ 13.518548011779787, 52.574726439052974 ] }, { "type": "LineString", "coordinates": [ [ 13.51821005344391, 52.574781860673703 ], [ 13.518607020378115, 52.574739479440602 ], [ 13.518837690353394, 52.574674277463593 ], [ 13.519020080566408, 52.574609075389596 ] ] } ] } },
{ "type": "Feature", "properties": { "id": "694/2026", "lms_id": "LMS-BR/r_LMS-BR/415647_LMS-BR/72", "tstore": "2026-07-13 13:19:12.632000+00:00", "object_state": "modified", "event_type": "Baustelle", "icon": "baustelle", "severity": "keine Sperrung", "direction": "Einseitig", "street": "Kaiserin-Augusta-Allee (Charlottenburg)", "section": "Richtung Alt-Moabit zwischen Goslarer Platz und Neues Ufer", "total_lanes": 2.0, "closed_lanes": 1.0, "content": "Straßenarbeiten, Fahrbahn auf einen Fahrstreifen verengt", "is_future": null, "geometry_type": "GeometryCollection", "start_time": "2026-07-13T07:00:00", "end_time": "2026-07-31T17:00:00", "duration_hours": 442.0, "duration_days": 18.416666666666668, "event_status": "Active", "closure_ratio": 0.5, "closure_category": "No closure", "district_code": "001", "district_name": "Mitte", "map_longitude": 13.315062761503214, "map_latitude": 52.525791967559201, "start_date": "2026-07-13T00:00:00", "end_date": "2026-07-31T00:00:00", "start_year": 2026, "start_month": 7, "start_month_name": "July", "is_full_closure": false, "is_directional_closure": false, "is_active": true, "is_future_event": false }, "geometry": { "type": "GeometryCollection", "geometries": [ { "type": "Point", "coordinates": [ 13.315062761503214, 52.525791967559201 ] }, { "type": "LineString", "coordinates": [ [ 13.313619733053201, 52.525767170410603 ], [ 13.314962983458829, 52.52579849311703 ], [ 13.315932870173132, 52.52579849311703 ] ] } ] } },
{ "type": "Feature", "properties": { "id": "695/2026", "lms_id": "LMS-BR/r_LMS-BR/415648_LMS-BR/72", "tstore": "2026-07-13 13:18:39.863000+00:00", "object_state": "modified", "event_type": "Baustelle", "icon": "baustelle", "severity": "keine Sperrung", "direction": "Beidseitig", "street": "Achillesstraße (Karow)", "section": "in beiden Richtungen zwischen Bucher Chaussee und Am Elsebrocken", "total_lanes": 2.0, "closed_lanes": 0.0, "content": "Straßenarbeiten, Fahrbahnverengung und -verschwenkung. Die Straße Am Elsebrocken ist von der Achillesstraße abgehängt (Sackgasse)", "is_future": null, "geometry_type": "GeometryCollection", "start_time": "2026-07-13T07:00:00", "end_time": "2026-08-21T17:00:00", "duration_hours": 946.0, "duration_days": 39.416666666666664, "event_status": "Active", "closure_ratio": 0.0, "closure_category": "No closure", "district_code": "003", "district_name": "Pankow", "map_longitude": 13.487327098846437, "map_latitude": 52.61835090235224, "start_date": "2026-07-13T00:00:00", "end_date": "2026-08-21T00:00:00", "start_year": 2026, "start_month": 7, "start_month_name": "July", "is_full_closure": false, "is_directional_closure": false, "is_active": true, "is_future_event": false }, "geometry": { "type": "GeometryCollection", "geometries": [ { "type": "Point", "coordinates": [ 13.487327098846437, 52.61835090235224 ] }, { "type": "LineString", "coordinates": [ [ 13.487123250961304, 52.618676586423383 ], [ 13.487278819084169, 52.618383470868373 ], [ 13.487402200698854, 52.618262967237598 ], [ 13.487638235092165, 52.618135949537972 ] ] }, { "type": "LineString", "coordinates": [ [ 13.486291766166687, 52.618819886647096 ], [ 13.4867262840271, 52.618624477134816 ], [ 13.487069606781008, 52.618696127390599 ] ] } ] } },
{ "type": "Feature", "properties": { "id": "698/2026", "lms_id": "LMS-BR/r_LMS-BR/415345_LMS-BR/72", "tstore": "2026-07-10 10:08:52.170000+00:00", "object_state": "modified", "event_type": "Sperrung", "icon": "sperrung", "severity": "Vollsperrung", "direction": "Beidseitig", "street": "Manfred-von-Richthofen-Straße (Tempelhof)", "section": "in beiden Richtungen zwischen Rumeyplan und Werner-Voß-Damm", "total_lanes": 2.0, "closed_lanes": 2.0, "content": "Leitungsarbeiten, Vollsperrung für den Kfz-Verkehr", "is_future": null, "geometry_type": "GeometryCollection", "start_time": "2026-02-02T07:00:00", "end_time": "2026-09-01T17:00:00", "duration_hours": 5074.0, "duration_days": 211.41666666666666, "event_status": "Active", "closure_ratio": 1.0, "closure_category": "Full closure", "district_code": "007", "district_name": "Tempelhof-Schöneberg", "map_longitude": 13.378740549087526, "map_latitude": 52.476412515282078, "start_date": "2026-02-02T00:00:00", "end_date": "2026-09-01T00:00:00", "start_year": 2026, "start_month": 2, "start_month_name": "February", "is_full_closure": true, "is_directional_closure": false, "is_active": true, "is_future_event": false }, "geometry": { "type": "GeometryCollection", "geometries": [ { "type": "Point", "coordinates": [ 13.378740549087526, 52.476412515282078 ] }, { "type": "LineString", "coordinates": [ [ 13.379234075546266, 52.475778634618557 ], [ 13.378971219062807, 52.476082506385396 ], [ 13.378799557685854, 52.476304690865291 ], [ 13.378660082817079, 52.476592222056226 ], [ 13.378509879112245, 52.476902622937445 ], [ 13.378429412841799, 52.47711173387561 ], [ 13.37839722633362, 52.47736985381944 ], [ 13.37839186191559, 52.47752668545089 ] ] } ] } },
{ "type": "Feature", "properties": { "id": "699/2026", "lms_id": "LMS-BR/r_LMS-BR/415346_LMS-BR/72", "tstore": "2026-07-10 10:09:25.534000+00:00", "object_state": "modified", "event_type": "Sperrung", "icon": "sperrung", "severity": "Fahrtrichtungssperrung", "direction": "Einseitig", "street": "Manfred-von-Richthofen-Straße (Tempelhof)", "section": "Richtung S+U Tempelhof zwischen Tempelhofer Damm und Schulenburgring", "total_lanes": 1.0, "closed_lanes": 1.0, "content": "Bauarbeiten, Fahrtrichtung gesperrt. Der Schulenburgring ist auf der Seite Richtung Mussehlstraße von der M.-v.-R.-Straße abgehängt (Sackgasse). Im Anschluss folgen weitere Arbeiten", "is_future": null, "geometry_type": "GeometryCollection", "start_time": "2026-07-09T07:00:00", "end_time": "2027-05-08T17:00:00", "duration_hours": 7282.0, "duration_days": 303.41666666666669, "event_status": "Active", "closure_ratio": 1.0, "closure_category": "Directional closure", "district_code": "007", "district_name": "Tempelhof-Schöneberg", "map_longitude": 13.383225202560427, "map_latitude": 52.483600213792592, "start_date": "2026-07-09T00:00:00", "end_date": "2027-05-08T00:00:00", "start_year": 2026, "start_month": 7, "start_month_name": "July", "is_full_closure": false, "is_directional_closure": true, "is_active": true, "is_future_event": false }, "geometry": { "type": "GeometryCollection", "geometries": [ { "type": "Point", "coordinates": [ 13.383225202560427, 52.483600213792592 ] }, { "type": "LineString", "coordinates": [ [ 13.385784029960634, 52.484492059937978 ], [ 13.385671377182009, 52.484413656606137 ], [ 13.385542631149294, 52.484374454887849 ], [ 13.385016918182375, 52.484374454887849 ], [ 13.384748697280886, 52.48430911861302 ], [ 13.384448289871218, 52.484227448132991 ], [ 13.384287357330324, 52.484122909697348 ], [ 13.383965492248537, 52.483975902101854 ], [ 13.383826017379761, 52.483900764696685 ], [ 13.383525609970095, 52.483760290073178 ], [ 13.383219838142395, 52.483610014397932 ], [ 13.382876515388491, 52.483476072602521 ], [ 13.382715582847597, 52.483400934343614 ] ] }, { "type": "LineString", "coordinates": [ [ 13.382527828216555, 52.483479339480432 ], [ 13.382651209831238, 52.483394400575904 ] ] } ] } },
{ "type": "Feature", "properties": { "id": "701/2026", "lms_id": "LMS-BR/r_LMS-BR/415646_LMS-BR/72", "tstore": "2026-07-13 13:15:57.700000+00:00", "object_state": "modified", "event_type": "Baustelle", "icon": "baustelle", "severity": "keine Sperrung", "direction": "Beidseitig", "street": "Gehrenseestraße (Alt-Hohenschönhausen)", "section": "in beiden Richtungen zwischen Pablo-Picasso-Straße und Arnimstraße im Bereich des S-Bahnhofs Gehrenseestraße", "total_lanes": 2.0, "closed_lanes": 1.0, "content": "Bauarbeiten, eine Baustellenampel regelt den Verkehr, Staugefahr", "is_future": null, "geometry_type": "GeometryCollection", "start_time": "2026-07-13T07:00:00", "end_time": "2026-08-03T17:00:00", "duration_hours": 514.0, "duration_days": 21.416666666666668, "event_status": "Active", "closure_ratio": 0.5, "closure_category": "No closure", "district_code": "011", "district_name": "Lichtenberg", "map_longitude": 13.525489568710329, "map_latitude": 52.555608321554203, "start_date": "2026-07-13T00:00:00", "end_date": "2026-08-03T00:00:00", "start_year": 2026, "start_month": 7, "start_month_name": "July", "is_full_closure": false, "is_directional_closure": false, "is_active": true, "is_future_event": false }, "geometry": { "type": "GeometryCollection", "geometries": [ { "type": "Point", "coordinates": [ 13.525489568710329, 52.555608321554203 ] }, { "type": "LineString", "coordinates": [ [ 13.52616012096405, 52.555892072764635 ], [ 13.524781465530397, 52.555304999265545 ] ] } ] } },
{ "type": "Feature", "properties": { "id": "702/2026", "lms_id": "LMS-BR/r_LMS-BR/415376_LMS-BR/72", "tstore": "2026-07-17 08:54:46.180000+00:00", "object_state": "modified", "event_type": "Baustelle", "icon": "baustelle", "severity": "keine Sperrung", "direction": "Einseitig", "street": "Stendaler Straße (Hellersdorf)", "section": "Richtung Landsberger Chaussee zwischen Jerichower Straße und Tangermünder Straße", "total_lanes": 2.0, "closed_lanes": 1.0, "content": "Fahrbahnreparatur, Fahrbahn auf einen Fahrstreifen verengt", "is_future": null, "geometry_type": "GeometryCollection", "start_time": "2026-07-06T07:00:00", "end_time": "2026-07-31T17:00:00", "duration_hours": 610.0, "duration_days": 25.416666666666668, "event_status": "Active", "closure_ratio": 0.5, "closure_category": "No closure", "district_code": "010", "district_name": "Marzahn-Hellersdorf", "map_longitude": 13.603659868240358, "map_latitude": 52.543072514795497, "start_date": "2026-07-06T00:00:00", "end_date": "2026-07-31T00:00:00", "start_year": 2026, "start_month": 7, "start_month_name": "July", "is_full_closure": false, "is_directional_closure": false, "is_active": true, "is_future_event": false }, "geometry": { "type": "GeometryCollection", "geometries": [ { "type": "Point", "coordinates": [ 13.603659868240358, 52.543072514795497 ] }, { "type": "LineString", "coordinates": [ [ 13.603788614273073, 52.542514632219138 ], [ 13.603547215461731, 52.543689113604728 ] ] } ] } },
{ "type": "Feature", "properties": { "id": "703/2026", "lms_id": "LMS-BR/r_LMS-BR/415692_LMS-BR/72", "tstore": "2026-07-13 14:44:18.234000+00:00", "object_state": "modified", "event_type": "Bauarbeiten", "icon": "baustelle", "severity": "keine Sperrung", "direction": "Einseitig", "street": "Alt-Mahlsdorf (Mahlsdorf)", "section": "stadteinwärts vor Hönower Straße", "total_lanes": 2.0, "closed_lanes": 1.0, "content": "Bauarbeiten, Fahrbahn auf einen Fahrstreifen verengt", "is_future": null, "geometry_type": "GeometryCollection", "start_time": "2026-07-13T07:00:00", "end_time": "2026-08-21T17:00:00", "duration_hours": 946.0, "duration_days": 39.416666666666664, "event_status": "Active", "closure_ratio": 0.5, "closure_category": "No closure", "district_code": "010", "district_name": "Marzahn-Hellersdorf", "map_longitude": 13.618782162666323, "map_latitude": 52.504545655024806, "start_date": "2026-07-13T00:00:00", "end_date": "2026-08-21T00:00:00", "start_year": 2026, "start_month": 7, "start_month_name": "July", "is_full_closure": false, "is_directional_closure": false, "is_active": true, "is_future_event": false }, "geometry": { "type": "GeometryCollection", "geometries": [ { "type": "Point", "coordinates": [ 13.618782162666323, 52.504545655024806 ] }, { "type": "LineString", "coordinates": [ [ 13.618959188461305, 52.504522797826958 ], [ 13.618476390838625, 52.50458157345453 ] ] } ] } },
{ "type": "Feature", "properties": { "id": "704/2026", "lms_id": "LMS-BR/r_LMS-BR/314813_LMS-BR/72", "tstore": "2026-07-13 14:44:56.535000+00:00", "object_state": "modified", "event_type": "Baustelle", "icon": "baustelle", "severity": "keine Sperrung", "direction": "Beidseitig", "street": "Karl-Marx-Straße (Neukölln)", "section": "in beiden richtungen zwischen Jonasstraße und Saalestraße", "total_lanes": 2.0, "closed_lanes": 0.0, "content": "Leitungsarbeiten, Fahrbahn auf einen Fahrstreifen je Richtung verengt und verschwenkt. Für den Radverkehr ist eine Umleitung ausgeschildert. Im Anschluss folgen weitere Arbeiten", "is_future": null, "geometry_type": "GeometryCollection", "start_time": "2023-10-11T07:00:00", "end_time": "2026-12-23T17:00:00", "duration_hours": 28066.0, "duration_days": 1169.4166666666667, "event_status": "Active", "closure_ratio": 0.0, "closure_category": "No closure", "district_code": "008", "district_name": "Neukölln", "map_longitude": 13.441439867019655, "map_latitude": 52.470730135352632, "start_date": "2023-10-11T00:00:00", "end_date": "2026-12-23T00:00:00", "start_year": 2023, "start_month": 10, "start_month_name": "October", "is_full_closure": false, "is_directional_closure": false, "is_active": true, "is_future_event": false }, "geometry": { "type": "GeometryCollection", "geometries": [ { "type": "Point", "coordinates": [ 13.441439867019655, 52.470730135352632 ] }, { "type": "LineString", "coordinates": [ [ 13.441160917282106, 52.472331340228664 ], [ 13.441198468208315, 52.472187560947063 ], [ 13.441504240036013, 52.470413155234809 ], [ 13.441616892814638, 52.469805331303277 ], [ 13.441632986068727, 52.469730169696298 ] ] } ] } },
{ "type": "Feature", "properties": { "id": "706/2026", "lms_id": "LMS-BR/r_LMS-BR/415841_LMS-BR/72", "tstore": "2026-07-15 08:38:20.021000+00:00", "object_state": "modified", "event_type": "Baustelle", "icon": "baustelle", "severity": "keine Sperrung", "direction": "Einseitig", "street": "Hellersdorfer Straße (Hellersdorf)", "section": "Richtung Riesaer Straße vor Cecilienstraße", "total_lanes": 4.0, "closed_lanes": 1.0, "content": "Absicherung einer Gefahrenstelle, ein Fahrstreifen gesperrt. Im Anschluss folgen weitere Arbeiten", "is_future": null, "geometry_type": "GeometryCollection", "start_time": "2026-07-10T12:00:00", "end_time": "2026-09-30T17:00:00", "duration_hours": 1973.0, "duration_days": 82.208333333333329, "event_status": "Active", "closure_ratio": 0.25, "closure_category": "No closure", "district_code": "010", "district_name": "Marzahn-Hellersdorf", "map_longitude": 13.587400317192079, "map_latitude": 52.523088721046946, "start_date": "2026-07-10T00:00:00", "end_date": "2026-09-30T00:00:00", "start_year": 2026, "start_month": 7, "start_month_name": "July", "is_full_closure": false, "is_directional_closure": false, "is_active": true, "is_future_event": false }, "geometry": { "type": "GeometryCollection", "geometries": [ { "type": "Point", "coordinates": [ 13.587400317192079, 52.523088721046946 ] }, { "type": "LineString", "coordinates": [ [ 13.58737885951996, 52.522938579756854 ], [ 13.58739495277405, 52.523144207915614 ], [ 13.587416410446169, 52.523379210346945 ] ] } ] } },
{ "type": "Feature", "properties": { "id": "707/2026", "lms_id": "LMS-BR/r_LMS-BR/415908_LMS-BR/72", "tstore": "2026-07-15 08:38:56.937000+00:00", "object_state": "modified", "event_type": "Sperrung", "icon": "sperrung", "severity": "Fahrtrichtungssperrung", "direction": "Einseitig", "street": "Kapweg (Reinickendorf)", "section": "Richtung Kurt-Schumacher-Platz zwischen Scharnweberstraße und Kurt-Schumacher-Damm", "total_lanes": 2.0, "closed_lanes": 2.0, "content": "Stromnetzarbeiten, Fahrtrichtung für den Kfz- und Radverkehr gesperrt. Im Anschluss folgen weitere Arbeiten (bis Mitte 2027)", "is_future": null, "geometry_type": "GeometryCollection", "start_time": "2026-07-15T07:00:00", "end_time": "2026-08-19T17:00:00", "duration_hours": 850.0, "duration_days": 35.416666666666664, "event_status": "Active", "closure_ratio": 1.0, "closure_category": "Directional closure", "district_code": "012", "district_name": "Reinickendorf", "map_longitude": 13.329033851623537, "map_latitude": 52.562453715264603, "start_date": "2026-07-15T00:00:00", "end_date": "2026-08-19T00:00:00", "start_year": 2026, "start_month": 7, "start_month_name": "July", "is_full_closure": false, "is_directional_closure": true, "is_active": true, "is_future_event": false }, "geometry": { "type": "GeometryCollection", "geometries": [ { "type": "Point", "coordinates": [ 13.329033851623537, 52.562453715264603 ] }, { "type": "LineString", "coordinates": [ [ 13.3304500579834, 52.562548284448063 ], [ 13.330155014991762, 52.562408061103106 ], [ 13.329988718032839, 52.562391756033882 ], [ 13.329827785491945, 52.562395017048225 ], [ 13.329495191574098, 52.562411322116226 ], [ 13.328567147254946, 52.56246023728383 ], [ 13.326807618141176, 52.562558067455392 ] ] } ] } },
{ "type": "Feature", "properties": { "id": "709/2026", "lms_id": "AdbNO/r_AdbNO/18164_AdB-NO", "tstore": "2026-07-14 15:26:22.350000+00:00", "object_state": "modified", "event_type": "Gefahr", "icon": "warnung", "severity": "keine Sperrung", "direction": "Einseitig", "street": "A100 (Stadtring)", "section": "Richtung Treptow in der Ausfahrt Am Treptower Park", "total_lanes": 2.0, "closed_lanes": 0.0, "content": "Staugefahr aufgrund der Einschränkungen im Bereich der Elsenbrücke", "is_future": null, "geometry_type": "GeometryCollection", "start_time": "2025-08-27T07:00:00", "end_time": null, "duration_hours": null, "duration_days": null, "event_status": "Active", "closure_ratio": 0.0, "closure_category": "No closure", "district_code": "009", "district_name": "Treptow-Köpenick", "map_longitude": 13.458917140960695, "map_latitude": 52.490391509763818, "start_date": "2025-08-27T00:00:00", "end_date": null, "start_year": 2025, "start_month": 8, "start_month_name": "August", "is_full_closure": false, "is_directional_closure": false, "is_active": true, "is_future_event": false }, "geometry": { "type": "GeometryCollection", "geometries": [ { "type": "Point", "coordinates": [ 13.458917140960695, 52.490391509763818 ] }, { "type": "LineString", "coordinates": [ [ 13.459078073501589, 52.490698546950327 ], [ 13.458874225616457, 52.490378444304064 ], [ 13.458745479583742, 52.490110601524052 ], [ 13.458584547042848, 52.489705567880222 ], [ 13.458455801010134, 52.488771363155927 ] ] } ] } },
{ "type": "Feature", "properties": { "id": "711/2026", "lms_id": "LMS-BR/r_LMS-BR/416008_LMS-BR/72", "tstore": "2026-07-23 14:54:35.396000+00:00", "object_state": "modified", "event_type": "Baustelle", "icon": "baustelle", "severity": "keine Sperrung", "direction": "Beidseitig", "street": "Storkower Straße (Fennpfuhl)", "section": "in beiden Richtungen zwischen Thaerstraße und Franz-Jacob-Straße", "total_lanes": 2.0, "closed_lanes": 0.0, "content": "Stromnetzarbeiten, Fahrbahn verengt und verschwenkt. Geschwindigkeitsreduzierung auf 20 Km/h, Überholverbot von Radfahrenden", "is_future": null, "geometry_type": "GeometryCollection", "start_time": "2026-07-16T07:00:00", "end_time": "2026-07-28T17:00:00", "duration_hours": 298.0, "duration_days": 12.416666666666666, "event_status": "Active", "closure_ratio": 0.0, "closure_category": "No closure", "district_code": "011", "district_name": "Lichtenberg", "map_longitude": 13.463991880416872, "map_latitude": 52.524537884509549, "start_date": "2026-07-16T00:00:00", "end_date": "2026-07-28T00:00:00", "start_year": 2026, "start_month": 7, "start_month_name": "July", "is_full_closure": false, "is_directional_closure": false, "is_active": true, "is_future_event": false }, "geometry": { "type": "GeometryCollection", "geometries": [ { "type": "Point", "coordinates": [ 13.463991880416872, 52.524537884509549 ] }, { "type": "LineString", "coordinates": [ [ 13.464635610580446, 52.524456288737909 ], [ 13.464018702507021, 52.524541148337264 ], [ 13.463578820228578, 52.524622743951277 ] ] } ] } },
{ "type": "Feature", "properties": { "id": "713/2026", "lms_id": "LMS-BR/r_LMS-BR/416453_LMS-BR/72", "tstore": "2026-07-20 07:49:27.590000+00:00", "object_state": "modified", "event_type": "Sperrung", "icon": "sperrung", "severity": "Fahrtrichtungssperrung", "direction": "Einseitig", "street": "Edisonstraße (Oberschöneweide)", "section": "Richtung Treskowallee zwischen Griechische Allee und An der Wuhlheide", "total_lanes": 1.0, "closed_lanes": 1.0, "content": "Straßenarbeiten, Fahrtrichtung für den Kfz-Verkehr gesperrt. Eine Umleitung ist ausgeschildert. Die Zeppelinstraße ist von der Edisonstraße abgehängt (Sackgasse)", "is_future": null, "geometry_type": "GeometryCollection", "start_time": "2026-07-20T07:00:00", "end_time": "2026-09-18T17:00:00", "duration_hours": 1450.0, "duration_days": 60.416666666666664, "event_status": "Active", "closure_ratio": 1.0, "closure_category": "Directional closure", "district_code": "009", "district_name": "Treptow-Köpenick", "map_longitude": 13.513328433036806, "map_latitude": 52.467416436571135, "start_date": "2026-07-20T00:00:00", "end_date": "2026-09-18T00:00:00", "start_year": 2026, "start_month": 7, "start_month_name": "July", "is_full_closure": false, "is_directional_closure": true, "is_active": true, "is_future_event": false }, "geometry": { "type": "GeometryCollection", "geometries": [ { "type": "Point", "coordinates": [ 13.513328433036806, 52.467416436571135 ] }, { "type": "LineString", "coordinates": [ [ 13.513693213462831, 52.464785561170181 ], [ 13.51322650909424, 52.466929491367928 ], [ 13.513247966766357, 52.467233424240696 ], [ 13.513505458831789, 52.467775922862039 ], [ 13.513779044151308, 52.468040633617434 ], [ 13.514074087142946, 52.468341290816099 ], [ 13.514417409896852, 52.468596194223636 ] ] }, { "type": "LineString", "coordinates": [ [ 13.513666391372682, 52.467135381607825 ], [ 13.513253331184387, 52.467226888071977 ] ] } ] } },
{ "type": "Feature", "properties": { "id": "714/2026", "lms_id": "LMS-BR/r_LMS-BR/416450_LMS-BR/72", "tstore": "2026-07-20 07:48:52.414000+00:00", "object_state": "modified", "event_type": "Baustelle", "icon": "baustelle", "severity": "keine Sperrung", "direction": "Beidseitig", "street": "Landsberger Allee (Alt-Hohenschönhausen)", "section": "in beiden Richtungen zwischen Am Wasserwerk und Siegfriedstraße", "total_lanes": 6.0, "closed_lanes": 2.0, "content": "Glasfaserausbau, Fahrbahn auf zwei Fahrstreifen je Richtung verengt", "is_future": null, "geometry_type": "GeometryCollection", "start_time": "2026-07-20T07:00:00", "end_time": "2026-08-03T17:00:00", "duration_hours": 346.0, "duration_days": 14.416666666666666, "event_status": "Active", "closure_ratio": 0.33333333333333331, "closure_category": "No closure", "district_code": "011", "district_name": "Lichtenberg", "map_longitude": 13.497433662414553, "map_latitude": 52.534207541855231, "start_date": "2026-07-20T00:00:00", "end_date": "2026-08-03T00:00:00", "start_year": 2026, "start_month": 7, "start_month_name": "July", "is_full_closure": false, "is_directional_closure": false, "is_active": true, "is_future_event": false }, "geometry": { "type": "GeometryCollection", "geometries": [ { "type": "Point", "coordinates": [ 13.497433662414553, 52.534207541855231 ] }, { "type": "LineString", "coordinates": [ [ 13.496720194816589, 52.53420101563615 ], [ 13.49775552749634, 52.534204278745818 ], [ 13.498388528823854, 52.534240172936109 ] ] } ] } },
{ "type": "Feature", "properties": { "id": "718/2026", "lms_id": "LMS-BR/r_LMS-BR/416456_LMS-BR/72", "tstore": "2026-07-22 14:33:31.508000+00:00", "object_state": "modified", "event_type": "Sperrung", "icon": "sperrung", "severity": "Vollsperrung", "direction": "Beidseitig", "street": "Wilhelmstraße (Wilhelmstadt)", "section": "in beiden Richtungen zwischen Heerstraße und Am Omnibushof", "total_lanes": 2.0, "closed_lanes": 2.0, "content": "Haltestellensanierung, Vollsperrung für den Kfz-Verkehr. Im Anschluss folgen weitere Arbeiten (bis Mitte August)", "is_future": null, "geometry_type": "GeometryCollection", "start_time": "2026-07-20T07:00:00", "end_time": "2026-07-31T17:00:00", "duration_hours": 274.0, "duration_days": 11.416666666666666, "event_status": "Active", "closure_ratio": 1.0, "closure_category": "Full closure", "district_code": "005", "district_name": "Spandau", "map_longitude": 13.179264664649965, "map_latitude": 52.516743172151706, "start_date": "2026-07-20T00:00:00", "end_date": "2026-07-31T00:00:00", "start_year": 2026, "start_month": 7, "start_month_name": "July", "is_full_closure": true, "is_directional_closure": false, "is_active": true, "is_future_event": false }, "geometry": { "type": "GeometryCollection", "geometries": [ { "type": "Point", "coordinates": [ 13.179264664649965, 52.516743172151706 ] }, { "type": "LineString", "coordinates": [ [ 13.179168105125429, 52.516700734840491 ], [ 13.179312944412233, 52.516795402632312 ], [ 13.179618716239931, 52.516935771741295 ] ] } ] } },
{ "type": "Feature", "properties": { "id": "719/2026", "lms_id": "LMS-BR/r_LMS-BR/416451_LMS-BR/72", "tstore": "2026-07-23 15:01:29.191000+00:00", "object_state": "modified", "event_type": "Baustelle", "icon": "baustelle", "severity": "keine Sperrung", "direction": "Beidseitig", "street": "Rauchstraße (Hakenfelde)", "section": "in beiden Richtungen, Kreuzung Goltzstraße", "total_lanes": 2.0, "closed_lanes": 0.0, "content": "Stromnetzarbeiten, Fahrbahn auf einen Fahrstreifen je Richtung verengt und verschwenkt. Das Linksabbiegen in die Goltzstraße (Richtung Streitstraße) ist nicht möglich", "is_future": null, "geometry_type": "GeometryCollection", "start_time": "2026-07-20T07:00:00", "end_time": "2026-07-27T13:00:00", "duration_hours": 174.0, "duration_days": 7.25, "event_status": "Active", "closure_ratio": 0.0, "closure_category": "No closure", "district_code": "005", "district_name": "Spandau", "map_longitude": 13.21259379386902, "map_latitude": 52.561077547525542, "start_date": "2026-07-20T00:00:00", "end_date": "2026-07-27T00:00:00", "start_year": 2026, "start_month": 7, "start_month_name": "July", "is_full_closure": false, "is_directional_closure": false, "is_active": true, "is_future_event": false }, "geometry": { "type": "GeometryCollection", "geometries": [ { "type": "Point", "coordinates": [ 13.21259379386902, 52.561077547525542 ] }, { "type": "LineString", "coordinates": [ [ 13.212497234344484, 52.561093853083243 ], [ 13.213436007499697, 52.560973191812757 ] ] } ] } },
{ "type": "Feature", "properties": { "id": "720/2026", "lms_id": "LMS-BR/r_LMS-BR/401270_LMS-BR/72", "tstore": "2026-07-16 19:50:40.500000+00:00", "object_state": "new", "event_type": "Sperrung", "icon": "sperrung", "severity": "Vollsperrung", "direction": "Beidseitig", "street": "Behrenstraße (Mitte)", "section": "in beiden Richtungen zwischen Glinkastraße und Wilhelmstraße", "total_lanes": 2.0, "closed_lanes": 2.0, "content": "Leitungsarbeiten, Vollsperrung für den Kfz-Verkehr", "is_future": null, "geometry_type": "GeometryCollection", "start_time": "2026-03-09T07:00:00", "end_time": "2027-01-17T17:00:00", "duration_hours": 7546.0, "duration_days": 314.41666666666669, "event_status": "Active", "closure_ratio": 1.0, "closure_category": "Full closure", "district_code": "001", "district_name": "Mitte", "map_longitude": 13.383976221084597, "map_latitude": 52.515306809604013, "start_date": "2026-03-09T00:00:00", "end_date": "2027-01-17T00:00:00", "start_year": 2026, "start_month": 3, "start_month_name": "March", "is_full_closure": true, "is_directional_closure": false, "is_active": true, "is_future_event": false }, "geometry": { "type": "GeometryCollection", "geometries": [ { "type": "Point", "coordinates": [ 13.383976221084597, 52.515306809604013 ] }, { "type": "LineString", "coordinates": [ [ 13.385961055755615, 52.515453712474653 ], [ 13.381524682044985, 52.515143583616208 ] ] } ] } },
{ "type": "Feature", "properties": { "id": "721/2026", "lms_id": "LMS-BR/r_LMS-BR/416452_LMS-BR/72", "tstore": "2026-07-20 07:45:38.847000+00:00", "object_state": "modified", "event_type": "Baustelle", "icon": "baustelle", "severity": "keine Sperrung", "direction": "Einseitig", "street": "Alt-Moabit (Moabit)", "section": "Richtung Beusselstraße zwischen Spenerstraße und Calvinstraße", "total_lanes": 2.0, "closed_lanes": 1.0, "content": "Sanierung einer Haltestelle, Fahrbahn auf einen Fahrstreifen verengt", "is_future": null, "geometry_type": "GeometryCollection", "start_time": "2026-07-20T07:00:00", "end_time": "2026-08-11T17:00:00", "duration_hours": 538.0, "duration_days": 22.416666666666668, "event_status": "Active", "closure_ratio": 0.5, "closure_category": "No closure", "district_code": "001", "district_name": "Mitte", "map_longitude": 13.353259563446047, "map_latitude": 52.524113584841864, "start_date": "2026-07-20T00:00:00", "end_date": "2026-08-11T00:00:00", "start_year": 2026, "start_month": 7, "start_month_name": "July", "is_full_closure": false, "is_directional_closure": false, "is_active": true, "is_future_event": false }, "geometry": { "type": "GeometryCollection", "geometries": [ { "type": "Point", "coordinates": [ 13.353259563446047, 52.524113584841864 ] }, { "type": "LineString", "coordinates": [ [ 13.353849649429323, 52.524045043741815 ], [ 13.35242807865143, 52.52423434747223 ] ] } ] } },
{ "type": "Feature", "properties": { "id": "722/2026", "lms_id": "LMS-BR/r_LMS-BR/416160_LMS-BR/72", "tstore": "2026-07-20 07:45:01.319000+00:00", "object_state": "modified", "event_type": "Sperrung", "icon": "sperrung", "severity": "Vollsperrung", "direction": "Beidseitig", "street": "Karwendelstraße (Lichterfelde)", "section": "in beiden Richtungen zwischen Drakestraße und Ringstraße", "total_lanes": 2.0, "closed_lanes": 2.0, "content": "Leitungsarbeiten, Vollsperrung für den Kfz- und Radverkehr", "is_future": null, "geometry_type": "GeometryCollection", "start_time": "2026-07-15T07:00:00", "end_time": "2026-09-04T17:00:00", "duration_hours": 1234.0, "duration_days": 51.416666666666664, "event_status": "Active", "closure_ratio": 1.0, "closure_category": "Full closure", "district_code": "006", "district_name": "Steglitz-Zehlendorf", "map_longitude": 13.310510516166689, "map_latitude": 52.434504473954803, "start_date": "2026-07-15T00:00:00", "end_date": "2026-09-04T00:00:00", "start_year": 2026, "start_month": 7, "start_month_name": "July", "is_full_closure": true, "is_directional_closure": false, "is_active": true, "is_future_event": false }, "geometry": { "type": "GeometryCollection", "geometries": [ { "type": "Point", "coordinates": [ 13.310510516166689, 52.434504473954803 ] }, { "type": "LineString", "coordinates": [ [ 13.31248998641968, 52.435269767492031 ], [ 13.309383988380434, 52.434085846225699 ] ] } ] } },
{ "type": "Feature", "properties": { "id": "723/2026", "lms_id": "LMS-BR/r_LMS-BR/416576_LMS-BR/72", "tstore": "2026-07-21 06:49:29.001000+00:00", "object_state": "modified", "event_type": "Sperrung", "icon": "sperrung", "severity": "Vollsperrung", "direction": "Beidseitig", "street": "An der Putlitzbrücke (Moabit)", "section": "in beiden Richtungen zwischen Birkenstraße und Westhafenstraße", "total_lanes": 6.0, "closed_lanes": 6.0, "content": "Kranarbeiten, Vollsperrung für den Kfz-Verkehr. Eine großräumige Umleitung ist ausgeschildert", "is_future": null, "geometry_type": "GeometryCollection", "start_time": "2026-07-21T06:00:00", "end_time": "2026-08-01T18:00:00", "duration_hours": 276.0, "duration_days": 11.5, "event_status": "Active", "closure_ratio": 1.0, "closure_category": "Full closure", "district_code": "001", "district_name": "Mitte", "map_longitude": 13.344070315361025, "map_latitude": 52.537326963534511, "start_date": "2026-07-21T00:00:00", "end_date": "2026-08-01T00:00:00", "start_year": 2026, "start_month": 7, "start_month_name": "July", "is_full_closure": true, "is_directional_closure": false, "is_active": true, "is_future_event": false }, "geometry": { "type": "GeometryCollection", "geometries": [ { "type": "Point", "coordinates": [ 13.344070315361025, 52.537326963534511 ] }, { "type": "LineString", "coordinates": [ [ 13.343265652656557, 52.531838460598394 ], [ 13.343399763107302, 52.534377223210917 ], [ 13.343490958213808, 52.535098361657354 ], [ 13.343587517738344, 52.535672653486991 ], [ 13.343812823295595, 52.536550391826715 ], [ 13.344279527664186, 52.537943643047242 ] ] } ] } },
{ "type": "Feature", "properties": { "id": "725/2026", "lms_id": "LMS-BR/r_LMS-BR/416587_LMS-BR/72", "tstore": "2026-07-21 09:02:59.185000+00:00", "object_state": "modified", "event_type": "Baustelle", "icon": "baustelle", "severity": "keine Sperrung", "direction": "Beidseitig", "street": "Josef-Orlopp-Straße (Lichtenberg)", "section": "in beiden Richtungen zwischen Möllendorffstraße und Vulkanstraße", "total_lanes": 2.0, "closed_lanes": 0.0, "content": "Stromnetzarbeiten, Fahrbahn verengt und verschwenkt", "is_future": null, "geometry_type": "GeometryCollection", "start_time": "2026-07-21T07:00:00", "end_time": "2026-08-14T17:00:00", "duration_hours": 586.0, "duration_days": 24.416666666666668, "event_status": "Active", "closure_ratio": 0.0, "closure_category": "No closure", "district_code": "011", "district_name": "Lichtenberg", "map_longitude": 13.482177257537844, "map_latitude": 52.523173583288276, "start_date": "2026-07-21T00:00:00", "end_date": "2026-08-14T00:00:00", "start_year": 2026, "start_month": 7, "start_month_name": "July", "is_full_closure": false, "is_directional_closure": false, "is_active": true, "is_future_event": false }, "geometry": { "type": "GeometryCollection", "geometries": [ { "type": "Point", "coordinates": [ 13.482177257537844, 52.523173583288276 ] }, { "type": "LineString", "coordinates": [ [ 13.480997085571291, 52.52312788825563 ], [ 13.483142852783205, 52.523238861823877 ], [ 13.484290838241579, 52.523212750421287 ] ] } ] } },
{ "type": "Feature", "properties": { "id": "726/2026", "lms_id": "LMS-BR/r_LMS-BR/416493_LMS-BR/72", "tstore": "2026-07-21 09:04:20.267000+00:00", "object_state": "modified", "event_type": "Sperrung", "icon": "sperrung", "severity": "Vollsperrung", "direction": "Beidseitig", "street": "Mühlenstraße/Bruchwitzstraße/Malteserstraße (Lankwitz)", "section": "gesamter Kreuzungsbereich", "total_lanes": 2.0, "closed_lanes": 2.0, "content": "Leitungsarbeiten, Vollsperrung für den Kfz-Verkehr", "is_future": null, "geometry_type": "GeometryCollection", "start_time": "2026-04-23T07:00:00", "end_time": "2026-08-14T17:00:00", "duration_hours": 2722.0, "duration_days": 113.41666666666667, "event_status": "Active", "closure_ratio": 1.0, "closure_category": "Full closure", "district_code": "006", "district_name": "Steglitz-Zehlendorf", "map_longitude": 13.352020382881166, "map_latitude": 52.435861716197749, "start_date": "2026-04-23T00:00:00", "end_date": "2026-08-14T00:00:00", "start_year": 2026, "start_month": 4, "start_month_name": "April", "is_full_closure": true, "is_directional_closure": false, "is_active": true, "is_future_event": false }, "geometry": { "type": "GeometryCollection", "geometries": [ { "type": "Point", "coordinates": [ 13.352020382881166, 52.435861716197749 ] }, { "type": "LineString", "coordinates": [ [ 13.351698517799379, 52.436028506938598 ], [ 13.35192918777466, 52.435950017256836 ], [ 13.352025747299194, 52.435858445784767 ], [ 13.352127671241762, 52.435622975411327 ] ] }, { "type": "LineString", "coordinates": [ [ 13.352256417274477, 52.436185485882703 ], [ 13.352057933807375, 52.43591731318152 ], [ 13.351961374282839, 52.435815930393751 ], [ 13.351752161979677, 52.435649138848305 ] ] } ] } },
{ "type": "Feature", "properties": { "id": "727/2026", "lms_id": "LMS-BR/r_LMS-BR/416598_LMS-BR/72", "tstore": "2026-07-21 11:29:09.745000+00:00", "object_state": "modified", "event_type": "Sperrung", "icon": "sperrung", "severity": "Fahrtrichtungssperrung", "direction": "Einseitig", "street": "Stauffenbergstraße (Tiergarten)", "section": "Richtung Reichpietschufer ab Sigismundstraße", "total_lanes": 1.0, "closed_lanes": 1.0, "content": "Schachtarbeiten, Fahrtrichtung für den Kfz-Verkehr gesperrt", "is_future": null, "geometry_type": "GeometryCollection", "start_time": "2026-07-21T07:00:00", "end_time": "2026-10-02T17:00:00", "duration_hours": 1762.0, "duration_days": 73.416666666666671, "event_status": "Active", "closure_ratio": 1.0, "closure_category": "Directional closure", "district_code": "001", "district_name": "Mitte", "map_longitude": 13.363221287727358, "map_latitude": 52.507340674197344, "start_date": "2026-07-21T00:00:00", "end_date": "2026-10-02T00:00:00", "start_year": 2026, "start_month": 7, "start_month_name": "July", "is_full_closure": false, "is_directional_closure": true, "is_active": true, "is_future_event": false }, "geometry": { "type": "GeometryCollection", "geometries": [ { "type": "Point", "coordinates": [ 13.363221287727358, 52.507340674197344 ] }, { "type": "LineString", "coordinates": [ [ 13.363602161407472, 52.508192858471418 ], [ 13.362604379653932, 52.505946452036454 ] ] } ] } },
{ "type": "Feature", "properties": { "id": "729/2026", "lms_id": "LMS-BR/r_LMS-BR/416694_LMS-BR/72", "tstore": "2026-07-22 12:16:23.963000+00:00", "object_state": "modified", "event_type": "Baustelle", "icon": "baustelle", "severity": "keine Sperrung", "direction": "Einseitig", "street": "Sickingenstraße (Moabit)", "section": "Richtung Sickingenbrücke in Höhe Wiebestraße", "total_lanes": 1.0, "closed_lanes": 0.0, "content": "Schachtarbeiten, Fahrbahnverengung", "is_future": null, "geometry_type": "GeometryCollection", "start_time": "2026-07-22T07:00:00", "end_time": "2026-08-14T17:00:00", "duration_hours": 562.0, "duration_days": 23.416666666666668, "event_status": "Active", "closure_ratio": 0.0, "closure_category": "No closure", "district_code": "001", "district_name": "Mitte", "map_longitude": 13.318997025489809, "map_latitude": 52.531221695336228, "start_date": "2026-07-22T00:00:00", "end_date": "2026-08-14T00:00:00", "start_year": 2026, "start_month": 7, "start_month_name": "July", "is_full_closure": false, "is_directional_closure": false, "is_active": true, "is_future_event": false }, "geometry": { "type": "GeometryCollection", "geometries": [ { "type": "Point", "coordinates": [ 13.318997025489809, 52.531221695336228 ] }, { "type": "LineString", "coordinates": [ [ 13.319275975227358, 52.531264118621102 ], [ 13.318632245063784, 52.531146638654917 ] ] } ] } },
{ "type": "Feature", "properties": { "id": "731/2026", "lms_id": "LMS-BR/r_LMS-BR/416895_LMS-BR/72", "tstore": "2026-07-24 08:43:17.321000+00:00", "object_state": "modified", "event_type": "Sperrung", "icon": "sperrung", "severity": "Vollsperrung", "direction": "Beidseitig", "street": "Hufelandstraße (Prenzlauer Berg)", "section": "in beiden Richtungen zwischen Greifswalder Straße und Am Friedrichshain", "total_lanes": 2.0, "closed_lanes": 2.0, "content": "Errichten von eine Fahrradstraße, Umsetzung von restlichen Schleifarbeiten, abschnittsweise Vollsperrung für Kfz- und Radverkehr", "is_future": null, "geometry_type": "GeometryCollection", "start_time": "2026-07-24T07:00:00", "end_time": "2026-09-10T17:00:00", "duration_hours": 1162.0, "duration_days": 48.416666666666664, "event_status": "Active", "closure_ratio": 1.0, "closure_category": "Full closure", "district_code": "003", "district_name": "Pankow", "map_longitude": 13.432534933090212, "map_latitude": 52.531668769432379, "start_date": "2026-07-24T00:00:00", "end_date": "2026-09-10T00:00:00", "start_year": 2026, "start_month": 7, "start_month_name": "July", "is_full_closure": true, "is_directional_closure": false, "is_active": true, "is_future_event": false }, "geometry": { "type": "GeometryCollection", "geometries": [ { "type": "Point", "coordinates": [ 13.432534933090212, 52.531668769432379 ] }, { "type": "LineString", "coordinates": [ [ 13.429627418518066, 52.532957753208478 ], [ 13.437137603759767, 52.529668322221561 ] ] }, { "type": "LineString", "coordinates": [ [ 13.436665534973146, 52.529570418714087 ], [ 13.436729907989504, 52.529831494248995 ] ] } ] } },
{ "type": "Feature", "properties": { "id": "735/2026", "lms_id": "LMS-BR/r_LMS-BR/416790_LMS-BR/72", "tstore": "2026-07-23 08:38:21.764000+00:00", "object_state": "modified", "event_type": "Baustelle", "icon": "baustelle", "severity": "keine Sperrung", "direction": "Einseitig", "street": "Zossener Straße (Hellersdorf)", "section": "Richtung Landsberger Chaussee zwischen Kaulsdorfer Straße und Alte Hellersdorfer Straße", "total_lanes": 2.0, "closed_lanes": 1.0, "content": "Gefahrenstellenbeseitigung, Fahrbahn auf einen Fahrstreifen verengt", "is_future": null, "geometry_type": "GeometryCollection", "start_time": "2026-07-23T07:00:00", "end_time": "2026-07-30T17:00:00", "duration_hours": 178.0, "duration_days": 7.416666666666667, "event_status": "Active", "closure_ratio": 0.5, "closure_category": "No closure", "district_code": "010", "district_name": "Marzahn-Hellersdorf", "map_longitude": 13.592593073844911, "map_latitude": 52.544860301248676, "start_date": "2026-07-23T00:00:00", "end_date": "2026-07-30T00:00:00", "start_year": 2026, "start_month": 7, "start_month_name": "July", "is_full_closure": false, "is_directional_closure": false, "is_active": true, "is_future_event": false }, "geometry": { "type": "GeometryCollection", "geometries": [ { "type": "Point", "coordinates": [ 13.592593073844911, 52.544860301248676 ] }, { "type": "LineString", "coordinates": [ [ 13.59362840652466, 52.544720021367631 ], [ 13.591681122779846, 52.54498426914251 ] ] } ] } },
{ "type": "Feature", "properties": { "id": "737/2026", "lms_id": "LMS-BR/r_LMS-BR/416792_LMS-BR/72", "tstore": "2026-07-23 08:37:20.966000+00:00", "object_state": "modified", "event_type": "Baustelle", "icon": "baustelle", "severity": "keine Sperrung", "direction": "Einseitig", "street": "Heerstraße (Staaken)", "section": "stadtauswärts zwischen Wiesenweg und Weidenweg", "total_lanes": 2.0, "closed_lanes": 1.0, "content": "Neubau Geh-und Radwege, Fahrbahn auf einen Fahrstreifen verengt", "is_future": null, "geometry_type": "GeometryCollection", "start_time": "2026-07-23T07:00:00", "end_time": "2026-08-28T17:00:00", "duration_hours": 874.0, "duration_days": 36.416666666666664, "event_status": "Active", "closure_ratio": 0.5, "closure_category": "No closure", "district_code": "005", "district_name": "Spandau", "map_longitude": 13.139514327049257, "map_latitude": 52.52500460941026, "start_date": "2026-07-23T00:00:00", "end_date": "2026-08-28T00:00:00", "start_year": 2026, "start_month": 7, "start_month_name": "July", "is_full_closure": false, "is_directional_closure": false, "is_active": true, "is_future_event": false }, "geometry": { "type": "GeometryCollection", "geometries": [ { "type": "Point", "coordinates": [ 13.139514327049257, 52.52500460941026 ] }, { "type": "LineString", "coordinates": [ [ 13.13963770866394, 52.524981762852242 ], [ 13.138017654418945, 52.52530814112491 ] ] } ] } },
{ "type": "Feature", "properties": { "id": "738/2026", "lms_id": "LMS-BR/r_LMS-BR/416736_LMS-BR/72", "tstore": "2026-07-22 15:21:10.024000+00:00", "object_state": "modified", "event_type": "Sperrung", "icon": "sperrung", "severity": "Vollsperrung", "direction": "Beidseitig", "street": "Crailsheimer Straße (Steglitz)", "section": "in beiden Richtungen zwischen Steglitzer Damm und Schünemannweg", "total_lanes": 2.0, "closed_lanes": 2.0, "content": "Fahrbahninstandsetzung, Vollsperrung für den Kfz- und Radverkehr", "is_future": null, "geometry_type": "GeometryCollection", "start_time": "2026-07-20T07:00:00", "end_time": "2026-07-31T17:00:00", "duration_hours": 274.0, "duration_days": 11.416666666666666, "event_status": "Active", "closure_ratio": 1.0, "closure_category": "Full closure", "district_code": "006", "district_name": "Steglitz-Zehlendorf", "map_longitude": 13.353538513183596, "map_latitude": 52.446597173702379, "start_date": "2026-07-20T00:00:00", "end_date": "2026-07-31T00:00:00", "start_year": 2026, "start_month": 7, "start_month_name": "July", "is_full_closure": true, "is_directional_closure": false, "is_active": true, "is_future_event": false }, "geometry": { "type": "GeometryCollection", "geometries": [ { "type": "Point", "coordinates": [ 13.353538513183596, 52.446597173702379 ] }, { "type": "LineString", "coordinates": [ [ 13.354863524436951, 52.44887930660709 ], [ 13.354251980781555, 52.448110979935109 ], [ 13.354150056838991, 52.447973660564998 ], [ 13.353549242019655, 52.447238013792557 ], [ 13.353468775749207, 52.447025491326499 ], [ 13.353474140167238, 52.446812967835115 ], [ 13.353769183158875, 52.445756874354949 ], [ 13.353908658027651, 52.445053887878508 ], [ 13.354026675224306, 52.444435904454586 ], [ 13.354058861732485, 52.444354159966238 ] ] } ] } },
{ "type": "Feature", "properties": { "id": "739/2026", "lms_id": null, "tstore": "2026-07-22 19:14:23.785000+00:00", "object_state": "new", "event_type": "Sperrung", "icon": "sperrung", "severity": "Vollsperrung", "direction": "Beidseitig", "street": "Kemberger Straße (Marzahn)", "section": "in beiden Richtungen zwischen Blumberger Damm und Belziger Ring", "total_lanes": 2.0, "closed_lanes": 2.0, "content": "Straßenarbeiten, Vollsperrung für den Kfz- und Radverkehr", "is_future": 1.0, "geometry_type": "GeometryCollection", "start_time": "2026-07-27T07:00:00", "end_time": "2026-07-31T12:00:00", "duration_hours": 101.0, "duration_days": 4.208333333333333, "event_status": "Future", "closure_ratio": 1.0, "closure_category": "Full closure", "district_code": "010", "district_name": "Marzahn-Hellersdorf", "map_longitude": 13.576054573059084, "map_latitude": 52.56099601964614, "start_date": "2026-07-27T00:00:00", "end_date": "2026-07-31T00:00:00", "start_year": 2026, "start_month": 7, "start_month_name": "July", "is_full_closure": true, "is_directional_closure": false, "is_active": false, "is_future_event": true }, "geometry": { "type": "GeometryCollection", "geometries": [ { "type": "Point", "coordinates": [ 13.576054573059084, 52.56099601964614 ] }, { "type": "LineString", "coordinates": [ [ 13.575024604797365, 52.560177471339628 ], [ 13.579418063163759, 52.563692881500891 ] ] } ] } },
{ "type": "Feature", "properties": { "id": "740/2026", "lms_id": null, "tstore": "2026-07-22 19:26:24.359000+00:00", "object_state": "new", "event_type": "Baustelle", "icon": "baustelle", "severity": "keine Sperrung", "direction": "Beidseitig", "street": "Königsheideweg (Johannisthal)", "section": "in beiden Richtungen zwischen Redwitzgang und Sterndamm", "total_lanes": 2.0, "closed_lanes": 1.0, "content": "Stromnetzarbeiten, eine Baustellenampel regelt den Verkehr", "is_future": 1.0, "geometry_type": "GeometryCollection", "start_time": "2026-07-27T07:00:00", "end_time": "2026-08-13T17:00:00", "duration_hours": 418.0, "duration_days": 17.416666666666668, "event_status": "Future", "closure_ratio": 0.5, "closure_category": "No closure", "district_code": "009", "district_name": "Treptow-Köpenick", "map_longitude": 13.506231307983398, "map_latitude": 52.446639678690914, "start_date": "2026-07-27T00:00:00", "end_date": "2026-08-13T00:00:00", "start_year": 2026, "start_month": 7, "start_month_name": "July", "is_full_closure": false, "is_directional_closure": false, "is_active": false, "is_future_event": true }, "geometry": { "type": "GeometryCollection", "geometries": [ { "type": "Point", "coordinates": [ 13.506231307983398, 52.446639678690914 ] }, { "type": "LineString", "coordinates": [ [ 13.506402969360352, 52.446613521779753 ], [ 13.505201339721681, 52.446793350230379 ] ] } ] } },
{ "type": "Feature", "properties": { "id": "741/2026", "lms_id": null, "tstore": "2026-07-22 19:34:11.620000+00:00", "object_state": "new", "event_type": "Baustelle", "icon": "baustelle", "severity": "keine Sperrung", "direction": "Beidseitig", "street": "Leipziger Straße (Mitte)", "section": "in beiden Richtungen in Höhe Friedrichstraße", "total_lanes": 4.0, "closed_lanes": 2.0, "content": "Fahrbahn auf einen Fahrstreifen je Richtung verengt und verschwenkt. Wegfall von mehreren Abbiegemöglichkeiten", "is_future": 1.0, "geometry_type": "GeometryCollection", "start_time": "2026-07-27T07:00:00", "end_time": "2026-09-01T17:00:00", "duration_hours": 874.0, "duration_days": 36.416666666666664, "event_status": "Future", "closure_ratio": 0.5, "closure_category": "No closure", "district_code": "001", "district_name": "Mitte", "map_longitude": 13.389962911605837, "map_latitude": 52.510354263256005, "start_date": "2026-07-27T00:00:00", "end_date": "2026-09-01T00:00:00", "start_year": 2026, "start_month": 7, "start_month_name": "July", "is_full_closure": false, "is_directional_closure": false, "is_active": false, "is_future_event": true }, "geometry": { "type": "GeometryCollection", "geometries": [ { "type": "Point", "coordinates": [ 13.389962911605837, 52.510354263256005 ] }, { "type": "LineString", "coordinates": [ [ 13.390644192695619, 52.510399971574998 ], [ 13.38912069797516, 52.510315084658998 ] ] } ] } },
{ "type": "Feature", "properties": { "id": "742/2026", "lms_id": null, "tstore": "2026-07-22 19:43:00.873000+00:00", "object_state": "new", "event_type": "Sperrung", "icon": "sperrung", "severity": "Vollsperrung", "direction": "Beidseitig", "street": "Staakener Weg (Dallgow-Döberitz)", "section": "in beiden Richtungen zwischen Stadtgrenze und Spandauer Sandweg", "total_lanes": 2.0, "closed_lanes": 2.0, "content": "Baustelle, Vollsperrung. Eine großräumige Umleitung über Heerstraße und Dallgower Chaussee (L20) ist ausgeschildert", "is_future": 1.0, "geometry_type": "GeometryCollection", "start_time": "2026-07-27T07:00:00", "end_time": "2026-08-14T17:00:00", "duration_hours": 442.0, "duration_days": 18.416666666666668, "event_status": "Future", "closure_ratio": 1.0, "closure_category": "Full closure", "district_code": null, "district_name": null, "map_longitude": 13.125153779983521, "map_latitude": 52.51235559012293, "start_date": "2026-07-27T00:00:00", "end_date": "2026-08-14T00:00:00", "start_year": 2026, "start_month": 7, "start_month_name": "July", "is_full_closure": true, "is_directional_closure": false, "is_active": false, "is_future_event": true }, "geometry": { "type": "GeometryCollection", "geometries": [ { "type": "Point", "coordinates": [ 13.125153779983521, 52.51235559012293 ] }, { "type": "LineString", "coordinates": [ [ 13.125422000885012, 52.513184824467722 ], [ 13.124896287918093, 52.511617754282739 ] ] } ] } },
{ "type": "Feature", "properties": { "id": "743/2026", "lms_id": null, "tstore": "2026-07-23 08:41:38.092000+00:00", "object_state": "new", "event_type": "Sperrung", "icon": "sperrung", "severity": "Fahrtrichtungssperrung", "direction": "Einseitig", "street": "Schloßstraße (Charlottenburg)", "section": "Richtung Kaiserdamm zwischen Spandauer Damm und Knobelsdorffstraße", "total_lanes": 1.0, "closed_lanes": 1.0, "content": "Fahrbahnsanierung, Fahrtrichtung für Kfz-Verkehr gesperrt", "is_future": 1.0, "geometry_type": "GeometryCollection", "start_time": "2026-07-27T07:00:00", "end_time": "2026-07-31T17:00:00", "duration_hours": 106.0, "duration_days": 4.416666666666667, "event_status": "Future", "closure_ratio": 1.0, "closure_category": "Directional closure", "district_code": "004", "district_name": "Charlottenburg-Wilmersdorf", "map_longitude": 13.296246748402048, "map_latitude": 52.516242099628144, "start_date": "2026-07-27T00:00:00", "end_date": "2026-07-31T00:00:00", "start_year": 2026, "start_month": 7, "start_month_name": "July", "is_full_closure": false, "is_directional_closure": true, "is_active": false, "is_future_event": true }, "geometry": { "type": "GeometryCollection", "geometries": [ { "type": "Point", "coordinates": [ 13.296246748402048, 52.516242099628144 ] }, { "type": "LineString", "coordinates": [ [ 13.295749214528346, 52.519214169496628 ], [ 13.296607169770677, 52.513616898615332 ] ] } ] } },
{ "type": "Feature", "properties": { "id": "744/2026", "lms_id": null, "tstore": "2026-07-23 10:03:48.598000+00:00", "object_state": "new", "event_type": "Sperrung", "icon": "sperrung", "severity": "Fahrtrichtungssperrung", "direction": "Einseitig", "street": "Budapester Straße (Charlottenburg)", "section": "Richtung Stülerstraße zwischen Joachimsthaler Straße und Nürnberger Straße", "total_lanes": 2.0, "closed_lanes": 2.0, "content": "Kraneinsatz, Fahrtrichtung gesperrt", "is_future": null, "geometry_type": "GeometryCollection", "start_time": "2026-07-26T01:00:00", "end_time": "2026-07-26T06:00:00", "duration_hours": 5.0, "duration_days": 0.20833333333333334, "event_status": "Expired", "closure_ratio": 1.0, "closure_category": "Directional closure", "district_code": "004", "district_name": "Charlottenburg-Wilmersdorf", "map_longitude": 13.334290981292726, "map_latitude": 52.505355445221447, "start_date": "2026-07-26T00:00:00", "end_date": "2026-07-26T00:00:00", "start_year": 2026, "start_month": 7, "start_month_name": "July", "is_full_closure": false, "is_directional_closure": true, "is_active": false, "is_future_event": false }, "geometry": { "type": "GeometryCollection", "geometries": [ { "type": "Point", "coordinates": [ 13.334290981292726, 52.505355445221447 ] }, { "type": "LineString", "coordinates": [ [ 13.332499265670778, 52.506034612592984 ], [ 13.33394765853882, 52.505394628239642 ], [ 13.337037563323976, 52.505081163115896 ], [ 13.337520360946657, 52.505041979818238 ], [ 13.338078260421755, 52.505068102020573 ], [ 13.338840007781984, 52.505179121207213 ] ] } ] } },
{ "type": "Feature", "properties": { "id": "745/2026", "lms_id": null, "tstore": "2026-07-23 10:14:05.161000+00:00", "object_state": "new", "event_type": "Baustelle", "icon": "baustelle", "severity": "keine Sperrung", "direction": "Beidseitig", "street": "Hermsdorfer Damm (Hermsdorf)", "section": "in beiden Richtungen Höhe Melanchthonstraße", "total_lanes": 2.0, "closed_lanes": 1.0, "content": "Tiefbauarbeiten der BWB, für beide Richtungen abwechselnd ein Fahrstreifen frei", "is_future": 1.0, "geometry_type": "GeometryCollection", "start_time": "2026-07-27T09:00:00", "end_time": "2026-08-22T17:00:00", "duration_hours": 632.0, "duration_days": 26.333333333333332, "event_status": "Future", "closure_ratio": 0.5, "closure_category": "No closure", "district_code": "012", "district_name": "Reinickendorf", "map_longitude": 13.296681046485903, "map_latitude": 52.611852998775497, "start_date": "2026-07-27T00:00:00", "end_date": "2026-08-22T00:00:00", "start_year": 2026, "start_month": 7, "start_month_name": "July", "is_full_closure": false, "is_directional_closure": false, "is_active": false, "is_future_event": true }, "geometry": { "type": "GeometryCollection", "geometries": [ { "type": "Point", "coordinates": [ 13.296681046485903, 52.611852998775497 ] }, { "type": "LineString", "coordinates": [ [ 13.296874165534975, 52.612054953155919 ], [ 13.296445012092592, 52.611605440522389 ] ] } ] } },
{ "type": "Feature", "properties": { "id": "746/2026", "lms_id": null, "tstore": "2026-07-23 10:26:05.337000+00:00", "object_state": "new", "event_type": "Sperrung", "icon": "sperrung", "severity": "Vollsperrung", "direction": "Beidseitig", "street": "Ottomar-Geschke-Straße (Köpenick)", "section": "in beiden Richtungen zwischen Oberspreestraße und Ernst-Grube-Straße", "total_lanes": 3.0, "closed_lanes": 3.0, "content": "Stromnetzarbeiten, Vollsperrung für Kfz-Verkehr, auf der Oberspreestraße Richtung Niederschöneweide steht nur ein Fahrstreifen zur Verfügung", "is_future": 1.0, "geometry_type": "GeometryCollection", "start_time": "2026-07-27T07:00:00", "end_time": "2026-08-05T17:00:00", "duration_hours": 226.0, "duration_days": 9.4166666666666661, "event_status": "Future", "closure_ratio": 1.0, "closure_category": "Full closure", "district_code": "009", "district_name": "Treptow-Köpenick", "map_longitude": 13.562707901000978, "map_latitude": 52.446106728560032, "start_date": "2026-07-27T00:00:00", "end_date": "2026-08-05T00:00:00", "start_year": 2026, "start_month": 7, "start_month_name": "July", "is_full_closure": true, "is_directional_closure": false, "is_active": false, "is_future_event": true }, "geometry": { "type": "GeometryCollection", "geometries": [ { "type": "Point", "coordinates": [ 13.562707901000978, 52.446106728560032 ] }, { "type": "LineString", "coordinates": [ [ 13.562761545181274, 52.446185200149763 ], [ 13.562702536582949, 52.446100189254601 ], [ 13.562713265419008, 52.446031526488717 ] ] }, { "type": "LineString", "coordinates": [ [ 13.563035130500795, 52.445972672604206 ], [ 13.562707901000978, 52.4460086388763 ] ] } ] } },
{ "type": "Feature", "properties": { "id": "747/2026", "lms_id": null, "tstore": "2026-07-23 10:42:12.518000+00:00", "object_state": "new", "event_type": "Baustelle", "icon": "baustelle", "severity": "keine Sperrung", "direction": "Einseitig", "street": "Wichertstraße (Prenzlauer Berg)", "section": "Richtung Schievelbeiner Straße zwischen Scherenbergstraße und Greifenhagener Straße", "total_lanes": 1.0, "closed_lanes": 0.0, "content": "Straßenbauarbeiten, Fahrbahnverschwenkung, Anbindung Greifenhagener Straße gesperrt", "is_future": null, "geometry_type": "GeometryCollection", "start_time": "2026-07-23T07:00:00", "end_time": "2026-08-12T17:00:00", "duration_hours": 490.0, "duration_days": 20.416666666666668, "event_status": "Active", "closure_ratio": 0.0, "closure_category": "No closure", "district_code": "003", "district_name": "Pankow", "map_longitude": 13.417772054672243, "map_latitude": 52.549825267807471, "start_date": "2026-07-23T00:00:00", "end_date": "2026-08-12T00:00:00", "start_year": 2026, "start_month": 7, "start_month_name": "July", "is_full_closure": false, "is_directional_closure": false, "is_active": true, "is_future_event": false }, "geometry": { "type": "GeometryCollection", "geometries": [ { "type": "Point", "coordinates": [ 13.417772054672243, 52.549825267807471 ] }, { "type": "LineString", "coordinates": [ [ 13.418673276901247, 52.549528429483232 ], [ 13.41734290122986, 52.549972055247892 ], [ 13.414156436920168, 52.550705985085266 ] ] }, { "type": "LineString", "coordinates": [ [ 13.417455554008484, 52.550112318343295 ], [ 13.417246341705324, 52.549857887281107 ] ] } ] } },
{ "type": "Feature", "properties": { "id": "748/2026", "lms_id": "LMS-BR/r_LMS-BR/416817_LMS-BR/72", "tstore": "2026-07-23 11:52:18.418000+00:00", "object_state": "modified", "event_type": "Baustelle", "icon": "baustelle", "severity": "keine Sperrung", "direction": "Beidseitig", "street": "Malteserstraße (Marienfelde)", "section": "in beiden Richtungen Höhe Symeonstraße", "total_lanes": 2.0, "closed_lanes": 1.0, "content": "Gasleitungsbauarbeiten, Fahrbahn auf einen gemeinsamen Fahrstreifen verengt", "is_future": null, "geometry_type": "GeometryCollection", "start_time": "2026-07-23T10:00:00", "end_time": "2026-08-06T17:00:00", "duration_hours": 343.0, "duration_days": 14.291666666666666, "event_status": "Active", "closure_ratio": 0.5, "closure_category": "No closure", "district_code": "007", "district_name": "Tempelhof-Schöneberg", "map_longitude": 13.360656199302612, "map_latitude": 52.417452252934801, "start_date": "2026-07-23T00:00:00", "end_date": "2026-08-06T00:00:00", "start_year": 2026, "start_month": 7, "start_month_name": "July", "is_full_closure": false, "is_directional_closure": false, "is_active": true, "is_future_event": false }, "geometry": { "type": "GeometryCollection", "geometries": [ { "type": "Point", "coordinates": [ 13.360656199302612, 52.417452252934801 ] }, { "type": "LineString", "coordinates": [ [ 13.360494230153519, 52.417708747613901 ], [ 13.360858808023931, 52.417127934570537 ] ] } ] } },
{ "type": "Feature", "properties": { "id": "749/2026", "lms_id": null, "tstore": "2026-07-23 11:39:05.757000+00:00", "object_state": "new", "event_type": "Baustelle", "icon": "baustelle", "severity": "keine Sperrung", "direction": "Einseitig", "street": "Stromstraße (Moabit)", "section": "Richtung Lessingstraße zwischen Bugenhagenstraße und Turmstraße", "total_lanes": 2.0, "closed_lanes": 1.0, "content": "Stromnetzarbeiten, Fahrbahn auf einen Fahrstreifen verengt", "is_future": 1.0, "geometry_type": "GeometryCollection", "start_time": "2026-07-27T08:00:00", "end_time": "2026-09-18T17:00:00", "duration_hours": 1281.0, "duration_days": 53.375, "event_status": "Future", "closure_ratio": 0.5, "closure_category": "No closure", "district_code": "001", "district_name": "Mitte", "map_longitude": 13.34319591522217, "map_latitude": 52.528052886439113, "start_date": "2026-07-27T00:00:00", "end_date": "2026-09-18T00:00:00", "start_year": 2026, "start_month": 7, "start_month_name": "July", "is_full_closure": false, "is_directional_closure": false, "is_active": false, "is_future_event": true }, "geometry": { "type": "GeometryCollection", "geometries": [ { "type": "Point", "coordinates": [ 13.34319591522217, 52.528052886439113 ] }, { "type": "LineString", "coordinates": [ [ 13.3432012796402, 52.528108367037142 ], [ 13.34318518638611, 52.526832295551166 ], [ 13.343099355697634, 52.526388435908999 ] ] } ] } },
{ "type": "Feature", "properties": { "id": "750/2026", "lms_id": null, "tstore": "2026-07-23 17:03:12.527000+00:00", "object_state": "modified", "event_type": "Baustelle", "icon": "baustelle", "severity": "keine Sperrung", "direction": "Einseitig", "street": "Breite Straße (Schmargendorf)", "section": "Richtung Hundekehlestraße zwischen Oeynhauser Straße und Cunostraße", "total_lanes": 3.0, "closed_lanes": 2.0, "content": "Kraneinsatz, Fahrbahn auf einen Fahrstreifen verengt", "is_future": 1.0, "geometry_type": "GeometryCollection", "start_time": "2026-07-27T05:00:00", "end_time": "2026-07-28T20:00:00", "duration_hours": 39.0, "duration_days": 1.625, "event_status": "Future", "closure_ratio": 0.66666666666666663, "closure_category": "No closure", "district_code": "004", "district_name": "Charlottenburg-Wilmersdorf", "map_longitude": 13.297399878501894, "map_latitude": 52.473599191741187, "start_date": "2026-07-27T00:00:00", "end_date": "2026-07-28T00:00:00", "start_year": 2026, "start_month": 7, "start_month_name": "July", "is_full_closure": false, "is_directional_closure": false, "is_active": false, "is_future_event": true }, "geometry": { "type": "GeometryCollection", "geometries": [ { "type": "Point", "coordinates": [ 13.297399878501894, 52.473599191741187 ] }, { "type": "LineString", "coordinates": [ [ 13.29798996448517, 52.473478289950819 ], [ 13.296825885772707, 52.473726628403888 ] ] } ] } },
{ "type": "Feature", "properties": { "id": "751/2026", "lms_id": null, "tstore": "2026-07-23 17:18:38.996000+00:00", "object_state": "new", "event_type": "Baustelle", "icon": "baustelle", "severity": "keine Sperrung", "direction": "Einseitig", "street": "Lützowplatz (Tiergarten)", "section": "Richtung Kurfürstenstraße in Höhe Lützowufer", "total_lanes": 4.0, "closed_lanes": 2.0, "content": "Beseitigung von Gefahrenstellen, zwei Fahrstreifen gesperrt", "is_future": 1.0, "geometry_type": "GeometryCollection", "start_time": "2026-07-27T07:00:00", "end_time": "2026-08-07T17:00:00", "duration_hours": 274.0, "duration_days": 11.416666666666666, "event_status": "Future", "closure_ratio": 0.5, "closure_category": "No closure", "district_code": "001", "district_name": "Mitte", "map_longitude": 13.351704390228482, "map_latitude": 52.505454446473628, "start_date": "2026-07-27T00:00:00", "end_date": "2026-08-07T00:00:00", "start_year": 2026, "start_month": 7, "start_month_name": "July", "is_full_closure": false, "is_directional_closure": false, "is_active": false, "is_future_event": true }, "geometry": { "type": "GeometryCollection", "geometries": [ { "type": "Point", "coordinates": [ 13.351704390228482, 52.505454446473628 ] }, { "type": "LineString", "coordinates": [ [ 13.351727984128555, 52.505575877922276 ], [ 13.351727984128555, 52.505468809325961 ], [ 13.351616449685235, 52.505244225734614 ] ] } ] } },
{ "type": "Feature", "properties": { "id": "752/2026", "lms_id": null, "tstore": "2026-07-23 17:58:11.524000+00:00", "object_state": "new", "event_type": "Sperrung", "icon": "sperrung", "severity": "Fahrtrichtungssperrung", "direction": "Einseitig", "street": "A115", "section": "Richtung Dreieck Nuthetal im Kreuz Zehlendorf", "total_lanes": 1.0, "closed_lanes": 1.0, "content": "Bauarbeiten, Einfahrt von der B1 aus Richtung Potsdam auf die A115 Richtung Dreieck Nuthetal gesperrt. Umleitung: Über die A115 in Richtung Dreieck Funkturm und wenden an der Anschlussstelle Hüttenweg", "is_future": 1.0, "geometry_type": "GeometryCollection", "start_time": "2026-07-27T07:30:00", "end_time": "2026-10-09T16:00:00", "duration_hours": 1784.5, "duration_days": 74.354166666666671, "event_status": "Future", "closure_ratio": 1.0, "closure_category": "Directional closure", "district_code": "006", "district_name": "Steglitz-Zehlendorf", "map_longitude": 13.193970261258638, "map_latitude": 52.419168681413908, "start_date": "2026-07-27T00:00:00", "end_date": "2026-10-09T00:00:00", "start_year": 2026, "start_month": 7, "start_month_name": "July", "is_full_closure": false, "is_directional_closure": true, "is_active": false, "is_future_event": true }, "geometry": { "type": "GeometryCollection", "geometries": [ { "type": "Point", "coordinates": [ 13.193970261258638, 52.419168681413908 ] }, { "type": "LineString", "coordinates": [ [ 13.192563214530347, 52.419425018413413 ], [ 13.19281202168151, 52.419404093018251 ], [ 13.193138044935424, 52.419372704857004 ], [ 13.193687135766828, 52.419262846166554 ], [ 13.195428785170563, 52.418640308649948 ], [ 13.195720490083829, 52.418504290733829 ], [ 13.196020774418667, 52.418274105934572 ], [ 13.196252422726804, 52.41801776214443 ] ] } ] } },
{ "type": "Feature", "properties": { "id": "753/2026", "lms_id": "LMS-BR/r_LMS-BR/416905_LMS-BR/72", "tstore": "2026-07-24 19:51:41.158000+00:00", "object_state": "modified", "event_type": "Baustelle", "icon": "baustelle", "severity": "keine Sperrung", "direction": "Einseitig", "street": "Siegfriedstraße (Lichtenberg)", "section": "Richtung Landsberger Allee Kreuzung Herzbergstraße", "total_lanes": 2.0, "closed_lanes": 1.0, "content": "Wasserleitungsbauarbeiten, Fahrbahn auf einen Fahrstreifen verengt", "is_future": null, "geometry_type": "GeometryCollection", "start_time": "2026-07-24T08:00:00", "end_time": "2026-08-31T17:00:00", "duration_hours": 921.0, "duration_days": 38.375, "event_status": "Active", "closure_ratio": 0.5, "closure_category": "No closure", "district_code": "011", "district_name": "Lichtenberg", "map_longitude": 13.499767184257509, "map_latitude": 52.526130603616153, "start_date": "2026-07-24T00:00:00", "end_date": "2026-08-31T00:00:00", "start_year": 2026, "start_month": 7, "start_month_name": "July", "is_full_closure": false, "is_directional_closure": false, "is_active": true, "is_future_event": false }, "geometry": { "type": "GeometryCollection", "geometries": [ { "type": "Point", "coordinates": [ 13.499767184257509, 52.526130603616153 ] }, { "type": "LineString", "coordinates": [ [ 13.499767184257509, 52.526111021354886 ], [ 13.499777913093569, 52.526339480526765 ] ] } ] } },
{ "type": "Feature", "properties": { "id": "754/2026", "lms_id": null, "tstore": "2026-07-24 09:56:26.303000+00:00", "object_state": "new", "event_type": "Sperrung", "icon": "sperrung", "severity": "Vollsperrung", "direction": "Beidseitig", "street": "Glienicker Straße (Hermsdorf)", "section": "in beiden Richtungen zwischen Ulmenstraße und Waldseeweg", "total_lanes": 2.0, "closed_lanes": 2.0, "content": "Straßenbau, Vollsperrung für Kfz-Verkehr", "is_future": 1.0, "geometry_type": "GeometryCollection", "start_time": "2026-07-27T07:00:00", "end_time": "2026-08-07T17:00:00", "duration_hours": 274.0, "duration_days": 11.416666666666666, "event_status": "Future", "closure_ratio": 1.0, "closure_category": "Full closure", "district_code": "012", "district_name": "Reinickendorf", "map_longitude": 13.309496641159058, "map_latitude": 52.617168648812424, "start_date": "2026-07-27T00:00:00", "end_date": "2026-08-07T00:00:00", "start_year": 2026, "start_month": 7, "start_month_name": "July", "is_full_closure": true, "is_directional_closure": false, "is_active": false, "is_future_event": true }, "geometry": { "type": "GeometryCollection", "geometries": [ { "type": "Point", "coordinates": [ 13.309496641159058, 52.617168648812424 ] }, { "type": "LineString", "coordinates": [ [ 13.309196233749391, 52.617432460220847 ], [ 13.309861421585085, 52.616869009235103 ] ] } ] } },
{ "type": "Feature", "properties": { "id": "755/2026", "lms_id": null, "tstore": "2026-07-24 10:21:25.518000+00:00", "object_state": "new", "event_type": "Baustelle", "icon": "baustelle", "severity": "keine Sperrung", "direction": "Beidseitig", "street": "An der Wuhlheide und Rummelsburger Straße (Oberschöneweide)", "section": "in beiden Richtungen Höhe Treskowallee/Edisonstraße", "total_lanes": 4.0, "closed_lanes": 2.0, "content": "Rückbau Rampenbauwerke der Brücke An der Wuhlheide, Fahrbahn auf jeweils einen Fahrstreifen verengt", "is_future": 1.0, "geometry_type": "GeometryCollection", "start_time": "2026-07-27T07:00:00", "end_time": "2026-11-11T17:00:00", "duration_hours": 2578.0, "duration_days": 107.41666666666667, "event_status": "Future", "closure_ratio": 0.5, "closure_category": "No closure", "district_code": "009", "district_name": "Treptow-Köpenick", "map_longitude": 13.514497876167299, "map_latitude": 52.468736717265799, "start_date": "2026-07-27T00:00:00", "end_date": "2026-11-11T00:00:00", "start_year": 2026, "start_month": 7, "start_month_name": "July", "is_full_closure": false, "is_directional_closure": false, "is_active": false, "is_future_event": true }, "geometry": { "type": "GeometryCollection", "geometries": [ { "type": "Point", "coordinates": [ 13.514497876167299, 52.468736717265799 ] }, { "type": "LineString", "coordinates": [ [ 13.513301610946657, 52.469769384463788 ], [ 13.514492511749269, 52.468746521182254 ], [ 13.515956997871399, 52.468145210267295 ] ] } ] } }
]
}
