{
"type": "FeatureCollection",
"name": "roadworks_map_points",
"crs": { "type": "name", "properties": { "name": "urn:ogc:def:crs:OGC:1.3:CRS84" } },
"features": [
{ "type": "Feature", "properties": { "id": "8/2025", "event_type": "Baustelle", "severity": "keine Sperrung", "closure_category": "No closure", "street": "Wolfensteindamm (Steglitz)", "section": "in beiden Richtungen Schloßstraße/Aus- u. Einfahrt A103 und Neuchateller Straße", "start_time": "2025-07-23T07:00:00", "end_time": "2026-08-17T17:00:00", "duration_days": 390.41666666666669, "event_status": "Active", "total_lanes": null, "closed_lanes": null, "closure_ratio": null, "district_code": "006", "district_name": "Steglitz-Zehlendorf", "map_longitude": 13.318904591788835, "map_latitude": 52.452100870266122 }, "geometry": { "type": "Point", "coordinates": [ 13.318904591788835, 52.452100870266122 ] } },
{ "type": "Feature", "properties": { "id": "17/2025", "event_type": "Sperrung", "severity": "Vollsperrung", "closure_category": "Full closure", "street": "Schiffbauerdamm (Mitte)", "section": "in beiden Richtungen zwischen Luisenstraße und Albrechtstraße", "start_time": "2025-07-09T07:00:00", "end_time": "2026-10-28T17:00:00", "duration_days": 476.41666666666669, "event_status": "Active", "total_lanes": 2.0, "closed_lanes": 2.0, "closure_ratio": 1.0, "district_code": "001", "district_name": "Mitte", "map_longitude": 13.381610512733461, "map_latitude": 52.519788758303029 }, "geometry": { "type": "Point", "coordinates": [ 13.381610512733461, 52.519788758303029 ] } },
{ "type": "Feature", "properties": { "id": "30/2025", "event_type": "Sperrung", "severity": "Fahrtrichtungssperrung", "closure_category": "Directional closure", "street": "Goltzstraße (Lichtenrade)", "section": "Richtung Wolziger Zeile zwischen Bahnofstraße und Briesinger Straße", "start_time": "2025-07-16T07:00:00", "end_time": "2026-12-31T17:00:00", "duration_days": 533.41666666666663, "event_status": "Active", "total_lanes": null, "closed_lanes": null, "closure_ratio": null, "district_code": "007", "district_name": "Tempelhof-Schöneberg", "map_longitude": 13.408003284924323, "map_latitude": 52.386615180646366 }, "geometry": { "type": "Point", "coordinates": [ 13.408003284924323, 52.386615180646366 ] } },
{ "type": "Feature", "properties": { "id": "44/2025", "event_type": "Sperrung", "severity": "Fahrtrichtungssperrung", "closure_category": "Directional closure", "street": "A117", "section": "stadtauswärts zwsichen AD Treptow und AS Waltersdorf", "start_time": "2025-07-24T08:00:00", "end_time": "2026-08-21T17:00:00", "duration_days": 393.375, "event_status": "Active", "total_lanes": null, "closed_lanes": null, "closure_ratio": null, "district_code": "009", "district_name": "Treptow-Köpenick", "map_longitude": 13.554468154907228, "map_latitude": 52.402209408241909 }, "geometry": { "type": "Point", "coordinates": [ 13.554468154907228, 52.402209408241909 ] } },
{ "type": "Feature", "properties": { "id": "105/2025", "event_type": "Baustelle", "severity": "keine Sperrung", "closure_category": "No closure", "street": "Heidestraße (Moabit)", "section": "Richtung Fennstraße in Höhe Hedwig-Porschütz-Straße", "start_time": "2025-08-15T12:00:00", "end_time": "2027-07-30T12:00:00", "duration_days": 714.0, "event_status": "Active", "total_lanes": null, "closed_lanes": null, "closure_ratio": null, "district_code": "001", "district_name": "Mitte", "map_longitude": 13.365007638931276, "map_latitude": 52.5338856515462 }, "geometry": { "type": "Point", "coordinates": [ 13.365007638931276, 52.5338856515462 ] } },
{ "type": "Feature", "properties": { "id": "131/2025", "event_type": "Baustelle", "severity": "keine Sperrung", "closure_category": "No closure", "street": "Argentinische Allee (Zehlendorf)", "section": "in beiden Richtungen Höhe Fischerhüttenstraße", "start_time": "2025-08-20T10:00:00", "end_time": "2026-08-14T17:00:00", "duration_days": 359.29166666666669, "event_status": "Active", "total_lanes": 4.0, "closed_lanes": 2.0, "closure_ratio": 0.5, "district_code": "006", "district_name": "Steglitz-Zehlendorf", "map_longitude": 13.240156173706056, "map_latitude": 52.44279444607114 }, "geometry": { "type": "Point", "coordinates": [ 13.240156173706056, 52.44279444607114 ] } },
{ "type": "Feature", "properties": { "id": "196/2025", "event_type": "Sperrung", "severity": "Fahrtrichtungssperrung", "closure_category": "Directional closure", "street": "Finckensteinallee (Lichterfelde)", "section": "Richtung Dahlemer Weg zwischen Paulinenstraße und Kommandantenstraße", "start_time": "2025-09-08T07:00:00", "end_time": "2026-09-04T17:00:00", "duration_days": 361.41666666666669, "event_status": "Active", "total_lanes": null, "closed_lanes": null, "closure_ratio": null, "district_code": "006", "district_name": "Steglitz-Zehlendorf", "map_longitude": 13.294637203216555, "map_latitude": 52.43267361622955 }, "geometry": { "type": "Point", "coordinates": [ 13.294637203216555, 52.43267361622955 ] } },
{ "type": "Feature", "properties": { "id": "197/2025", "event_type": "Sperrung", "severity": "Fahrtrichtungssperrung", "closure_category": "Directional closure", "street": "A111 (ehem. A105)", "section": "Richtung Oranienburg zwischen Ausfahrt Eichborndamm und Seidelstraße", "start_time": "2024-05-14T12:00:00", "end_time": null, "duration_days": null, "event_status": "Active", "total_lanes": null, "closed_lanes": null, "closure_ratio": null, "district_code": "012", "district_name": "Reinickendorf", "map_longitude": 13.311801581031864, "map_latitude": 52.565059095535659 }, "geometry": { "type": "Point", "coordinates": [ 13.311801581031864, 52.565059095535659 ] } },
{ "type": "Feature", "properties": { "id": "205/2025", "event_type": "Baustelle", "severity": "keine Sperrung", "closure_category": "No closure", "street": "Hindenburgdamm (Lichterfelde)", "section": "in beiden Richtungen zwischen Bäkestraße/Karwendelstraße und Moltkestraße", "start_time": "2025-09-08T07:00:00", "end_time": "2026-11-26T17:00:00", "duration_days": 444.41666666666669, "event_status": "Active", "total_lanes": null, "closed_lanes": null, "closure_ratio": null, "district_code": "006", "district_name": "Steglitz-Zehlendorf", "map_longitude": 13.315142265589049, "map_latitude": 52.437024111556006 }, "geometry": { "type": "Point", "coordinates": [ 13.315142265589049, 52.437024111556006 ] } },
{ "type": "Feature", "properties": { "id": "235/2025", "event_type": "Baustelle", "severity": "keine Sperrung", "closure_category": "No closure", "street": "Tempelhofer Weg (Britz)", "section": "in beiden Richtungen zwischen Gradestraße und Waldkraiburger Straße", "start_time": "2025-09-17T08:00:00", "end_time": "2026-09-08T17:00:00", "duration_days": 356.375, "event_status": "Active", "total_lanes": null, "closed_lanes": null, "closure_ratio": null, "district_code": "008", "district_name": "Neukölln", "map_longitude": 13.433980689921265, "map_latitude": 52.451707626889338 }, "geometry": { "type": "Point", "coordinates": [ 13.433980689921265, 52.451707626889338 ] } },
{ "type": "Feature", "properties": { "id": "239/2025", "event_type": "Sperrung", "severity": "Vollsperrung", "closure_category": "Full closure", "street": "Frohnauer Straße (Frohnau/Hermsdorf)", "section": "in beiden Richtungen zwischen Welfenallee und Falkentaler Steig", "start_time": "2025-09-15T09:00:00", "end_time": "2027-02-28T17:00:00", "duration_days": 531.33333333333337, "event_status": "Active", "total_lanes": 2.0, "closed_lanes": 2.0, "closure_ratio": 1.0, "district_code": "012", "district_name": "Reinickendorf", "map_longitude": 13.290688991546633, "map_latitude": 52.62651323653229 }, "geometry": { "type": "Point", "coordinates": [ 13.290688991546633, 52.62651323653229 ] } },
{ "type": "Feature", "properties": { "id": "273/2025", "event_type": "Baustelle", "severity": "keine Sperrung", "closure_category": "No closure", "street": "Theodor-Heuss-Platz (Westend)", "section": "Richtung Heerstraße zwischen Ahornallee und Reichsstraße (innerer Kreisverkehr)", "start_time": "2025-09-22T08:00:00", "end_time": "2027-03-31T17:00:00", "duration_days": 555.375, "event_status": "Active", "total_lanes": null, "closed_lanes": null, "closure_ratio": null, "district_code": "004", "district_name": "Charlottenburg-Wilmersdorf", "map_longitude": 13.272728919982912, "map_latitude": 52.509842447576155 }, "geometry": { "type": "Point", "coordinates": [ 13.272728919982912, 52.509842447576155 ] } },
{ "type": "Feature", "properties": { "id": "310/2025", "event_type": "Baustelle", "severity": "keine Sperrung", "closure_category": "No closure", "street": "Treskowallee (Karlshorst)", "section": "in beiden Richtungen Höhe Traberweg", "start_time": "2026-07-08T10:00:00", "end_time": "2026-08-31T17:00:00", "duration_days": 54.291666666666664, "event_status": "Active", "total_lanes": 4.0, "closed_lanes": 2.0, "closure_ratio": 0.5, "district_code": "011", "district_name": "Lichtenberg", "map_longitude": 13.522303104400637, "map_latitude": 52.475948541671563 }, "geometry": { "type": "Point", "coordinates": [ 13.522303104400637, 52.475948541671563 ] } },
{ "type": "Feature", "properties": { "id": "312/2025", "event_type": "Sperrung", "severity": "keine Sperrung", "closure_category": "No closure", "street": "Tempelhofer Weg (Britz)", "section": "in beiden Richtungen zwischen Treseburger Ufer und Gradestraße", "start_time": "2025-10-06T07:00:00", "end_time": "2026-07-29T17:00:00", "duration_days": 296.41666666666669, "event_status": "Active", "total_lanes": null, "closed_lanes": null, "closure_ratio": null, "district_code": "008", "district_name": "Neukölln", "map_longitude": 13.42982053756714, "map_latitude": 52.454818737899743 }, "geometry": { "type": "Point", "coordinates": [ 13.42982053756714, 52.454818737899743 ] } },
{ "type": "Feature", "properties": { "id": "317/2025", "event_type": "Sperrung", "severity": "Vollsperrung", "closure_category": "Full closure", "street": "Charlottenburger Ufer (Charlottenburg)", "section": "in beiden Richtungen zwischen Luisenplatz und Lohmeyerstraße", "start_time": "2024-02-06T07:00:00", "end_time": "2026-10-09T17:00:00", "duration_days": 976.41666666666663, "event_status": "Active", "total_lanes": 2.0, "closed_lanes": 2.0, "closure_ratio": 1.0, "district_code": "004", "district_name": "Charlottenburg-Wilmersdorf", "map_longitude": 13.300300598493779, "map_latitude": 52.521281325581896 }, "geometry": { "type": "Point", "coordinates": [ 13.300300598493779, 52.521281325581896 ] } },
{ "type": "Feature", "properties": { "id": "323/2025", "event_type": "Baustelle", "severity": "keine Sperrung", "closure_category": "No closure", "street": "Kurt-Schumacher-Damm (Tegel)", "section": "Richtung A111 im Einfahrbereich zur Autobahn", "start_time": "2025-10-08T07:00:00", "end_time": "2026-07-31T17:00:00", "duration_days": 296.41666666666669, "event_status": "Active", "total_lanes": null, "closed_lanes": null, "closure_ratio": null, "district_code": "012", "district_name": "Reinickendorf", "map_longitude": 13.310205459420105, "map_latitude": 52.558403183563989 }, "geometry": { "type": "Point", "coordinates": [ 13.310205459420105, 52.558403183563989 ] } },
{ "type": "Feature", "properties": { "id": "332/2025", "event_type": "Baustelle", "severity": "keine Sperrung", "closure_category": "No closure", "street": "A100 (Stadtring)", "section": "Richtung Dreieck Funkturm Höhe Detmolder Straße (Brücke über die Mecklenburgische Straße)", "start_time": "2025-11-04T11:00:00", "end_time": null, "duration_days": null, "event_status": "Active", "total_lanes": null, "closed_lanes": null, "closure_ratio": null, "district_code": "004", "district_name": "Charlottenburg-Wilmersdorf", "map_longitude": 13.320016957805374, "map_latitude": 52.478077190730659 }, "geometry": { "type": "Point", "coordinates": [ 13.320016957805374, 52.478077190730659 ] } },
{ "type": "Feature", "properties": { "id": "346/2025", "event_type": "Sperrung", "severity": "Fahrtrichtungssperrung", "closure_category": "Directional closure", "street": "A100 (Stadtring)", "section": "Richtung Wedding Auffahrt Detmolder Straße", "start_time": "2025-10-10T10:00:00", "end_time": "2030-12-01T17:00:00", "duration_days": 1878.2916666666667, "event_status": "Active", "total_lanes": null, "closed_lanes": null, "closure_ratio": null, "district_code": "004", "district_name": "Charlottenburg-Wilmersdorf", "map_longitude": 13.3156263829369, "map_latitude": 52.479088339446783 }, "geometry": { "type": "Point", "coordinates": [ 13.3156263829369, 52.479088339446783 ] } },
{ "type": "Feature", "properties": { "id": "436/2025", "event_type": "Sperrung", "severity": "Vollsperrung", "closure_category": "Full closure", "street": "Margarete-Sommer-Straße (Prenzlauer Berg)", "section": "in beiden Richtungen zwischen Virchowstraße und Danziger Straße", "start_time": "2025-11-03T06:00:00", "end_time": "2026-10-23T17:00:00", "duration_days": 354.45833333333331, "event_status": "Active", "total_lanes": null, "closed_lanes": null, "closure_ratio": null, "district_code": "003", "district_name": "Pankow", "map_longitude": 13.44052679937904, "map_latitude": 52.530053815311447 }, "geometry": { "type": "Point", "coordinates": [ 13.44052679937904, 52.530053815311447 ] } },
{ "type": "Feature", "properties": { "id": "442/2025", "event_type": "Baustelle", "severity": "keine Sperrung", "closure_category": "No closure", "street": "Invalidenstraße (Mitte)", "section": "Richtung Prenzlauer Berg zwischen Clara-Jaschke-Straße und Tiergartentunnel", "start_time": "2025-11-03T09:00:00", "end_time": "2027-02-21T17:00:00", "duration_days": 475.33333333333331, "event_status": "Active", "total_lanes": null, "closed_lanes": null, "closure_ratio": null, "district_code": "001", "district_name": "Mitte", "map_longitude": 13.366992803473986, "map_latitude": 52.525594907513515 }, "geometry": { "type": "Point", "coordinates": [ 13.366992803473986, 52.525594907513515 ] } },
{ "type": "Feature", "properties": { "id": "449/2025", "event_type": "Sperrung", "severity": "Fahrtrichtungssperrung", "closure_category": "Directional closure", "street": "A115", "section": "Im Dreieck Funkturm, Überfahrt auf die A100 Richtung Wedding", "start_time": "2025-03-24T12:00:00", "end_time": null, "duration_days": null, "event_status": "Active", "total_lanes": null, "closed_lanes": null, "closure_ratio": null, "district_code": "004", "district_name": "Charlottenburg-Wilmersdorf", "map_longitude": 13.280839204635415, "map_latitude": 52.501166322399619 }, "geometry": { "type": "Point", "coordinates": [ 13.280839204635415, 52.501166322399619 ] } },
{ "type": "Feature", "properties": { "id": "453/2025", "event_type": "Sperrung", "severity": "Fahrtrichtungssperrung", "closure_category": "Directional closure", "street": "Karl-Kunger-Straße (Alt-Treptow)", "section": "Richtung Lohmühlenstraße zwischen Wildenbruchstraße und Bouchéstraße", "start_time": "2025-06-02T07:00:00", "end_time": "2026-07-31T17:00:00", "duration_days": 424.41666666666669, "event_status": "Active", "total_lanes": null, "closed_lanes": null, "closure_ratio": null, "district_code": "009", "district_name": "Treptow-Köpenick", "map_longitude": 13.449850558099572, "map_latitude": 52.489633211854269 }, "geometry": { "type": "Point", "coordinates": [ 13.449850558099572, 52.489633211854269 ] } },
{ "type": "Feature", "properties": { "id": "461/2025", "event_type": "Sperrung", "severity": "Vollsperrung", "closure_category": "Full closure", "street": "Westerwaldstraße (Falkenhagener Feld)", "section": "in beiden Richtungen zwischen Erzgebirgsweg und Hermann-Schmidt-Weg", "start_time": "2025-11-04T07:00:00", "end_time": "2026-08-04T17:00:00", "duration_days": 273.41666666666669, "event_status": "Active", "total_lanes": null, "closed_lanes": null, "closure_ratio": null, "district_code": "005", "district_name": "Spandau", "map_longitude": 13.178517937922155, "map_latitude": 52.550247958383792 }, "geometry": { "type": "Point", "coordinates": [ 13.178517937922155, 52.550247958383792 ] } },
{ "type": "Feature", "properties": { "id": "478/2025", "event_type": "Baustelle", "severity": "keine Sperrung", "closure_category": "No closure", "street": "Nonnendammallee (Siemensstadt)", "section": "in beiden Richtungen zwischen Otternbuchtstraße und Rohrdamm", "start_time": "2025-11-10T07:00:00", "end_time": "2026-08-31T17:00:00", "duration_days": 294.41666666666669, "event_status": "Active", "total_lanes": null, "closed_lanes": null, "closure_ratio": null, "district_code": "005", "district_name": "Spandau", "map_longitude": 13.255498409271242, "map_latitude": 52.537500800388621 }, "geometry": { "type": "Point", "coordinates": [ 13.255498409271242, 52.537500800388621 ] } },
{ "type": "Feature", "properties": { "id": "489/2025", "event_type": "Baustelle", "severity": "keine Sperrung", "closure_category": "No closure", "street": "Lietzenburger Straße (Charlottenburg)", "section": "in beiden Richtungen zwischen Joachimsthaler Straße und Meineckestraße", "start_time": "2025-11-12T07:00:00", "end_time": "2026-11-30T17:00:00", "duration_days": 383.41666666666669, "event_status": "Active", "total_lanes": null, "closed_lanes": null, "closure_ratio": null, "district_code": "004", "district_name": "Charlottenburg-Wilmersdorf", "map_longitude": 13.329720497131349, "map_latitude": 52.50041901478194 }, "geometry": { "type": "Point", "coordinates": [ 13.329720497131349, 52.50041901478194 ] } },
{ "type": "Feature", "properties": { "id": "515/2025", "event_type": "Baustelle", "severity": "keine Sperrung", "closure_category": "No closure", "street": "Hindenburgdamm (Lichterfelde)", "section": "in beiden Richtungen zwischen Moltkestraße und Augustastraße", "start_time": "2025-11-18T07:00:00", "end_time": "2026-09-26T17:00:00", "duration_days": 312.41666666666669, "event_status": "Active", "total_lanes": null, "closed_lanes": null, "closure_ratio": null, "district_code": "006", "district_name": "Steglitz-Zehlendorf", "map_longitude": 13.315837383270265, "map_latitude": 52.441490949878975 }, "geometry": { "type": "Point", "coordinates": [ 13.315837383270265, 52.441490949878975 ] } },
{ "type": "Feature", "properties": { "id": "532/2025", "event_type": "Baustelle", "severity": "keine Sperrung", "closure_category": "No closure", "street": "Sonnenallee (Neukölln)", "section": "Richtung Hermannplatz zwischen Saalestraße und Mareschstraße", "start_time": "2026-07-08T09:00:00", "end_time": "2026-08-10T17:00:00", "duration_days": 33.333333333333336, "event_status": "Active", "total_lanes": 2.0, "closed_lanes": 1.0, "closure_ratio": 0.5, "district_code": "008", "district_name": "Neukölln", "map_longitude": 13.455903683952487, "map_latitude": 52.473964466701865 }, "geometry": { "type": "Point", "coordinates": [ 13.455903683952487, 52.473964466701865 ] } },
{ "type": "Feature", "properties": { "id": "534/2025", "event_type": "Baustelle", "severity": "keine Sperrung", "closure_category": "No closure", "street": "Roedernallee (Reinickendorf)", "section": "in beiden Richtungen zwischen Alt-Wittenau und Am Nordgraben", "start_time": "2025-11-20T08:00:00", "end_time": "2026-08-31T17:00:00", "duration_days": 284.375, "event_status": "Active", "total_lanes": 4.0, "closed_lanes": 2.0, "closure_ratio": 0.5, "district_code": "012", "district_name": "Reinickendorf", "map_longitude": 13.339065834109622, "map_latitude": 52.589189295751645 }, "geometry": { "type": "Point", "coordinates": [ 13.339065834109622, 52.589189295751645 ] } },
{ "type": "Feature", "properties": { "id": "543/2025", "event_type": "Sperrung", "severity": "Fahrtrichtungssperrung", "closure_category": "Directional closure", "street": "Ida-von-Arnim-Straße (Mitte)", "section": "Richtung Scharnhorststraße", "start_time": "2023-08-24T12:00:00", "end_time": "2026-08-31T17:00:00", "duration_days": 1103.2083333333333, "event_status": "Active", "total_lanes": null, "closed_lanes": null, "closure_ratio": null, "district_code": "001", "district_name": "Mitte", "map_longitude": 13.374298810958864, "map_latitude": 52.535385009748666 }, "geometry": { "type": "Point", "coordinates": [ 13.374298810958864, 52.535385009748666 ] } },
{ "type": "Feature", "properties": { "id": "549/2025", "event_type": "Baustelle", "severity": "keine Sperrung", "closure_category": "No closure", "street": "Märkische Allee (Marzahn)", "section": "Richtung Ahrensfelde Höhe Landsberger Allee", "start_time": "2025-11-25T08:00:00", "end_time": "2026-12-31T17:00:00", "duration_days": 401.375, "event_status": "Active", "total_lanes": 3.0, "closed_lanes": 2.0, "closure_ratio": 0.66666666666666663, "district_code": "010", "district_name": "Marzahn-Hellersdorf", "map_longitude": 13.53889646223301, "map_latitude": 52.538629390042551 }, "geometry": { "type": "Point", "coordinates": [ 13.53889646223301, 52.538629390042551 ] } },
{ "type": "Feature", "properties": { "id": "555/2025", "event_type": "Baustelle", "severity": "keine Sperrung", "closure_category": "No closure", "street": "Paulsternstraße (Haselhorst)", "section": "Richtung Nonnendammallee hinter Gartenfelder Straße", "start_time": "2025-11-26T07:00:00", "end_time": "2026-08-07T17:00:00", "duration_days": 254.41666666666666, "event_status": "Active", "total_lanes": 2.0, "closed_lanes": 1.0, "closure_ratio": 0.5, "district_code": "005", "district_name": "Spandau", "map_longitude": 13.246924639752255, "map_latitude": 52.543539145254648 }, "geometry": { "type": "Point", "coordinates": [ 13.246924639752255, 52.543539145254648 ] } },
{ "type": "Feature", "properties": { "id": "560/2025", "event_type": "Sperrung", "severity": "Fahrtrichtungssperrung", "closure_category": "Directional closure", "street": "Eichborndamm (Wittenau)", "section": "stadteinwärts Ri. A111 zwischen Am Nordgraben und Im Hufenschlag", "start_time": "2025-11-25T12:00:00", "end_time": "2026-07-31T17:00:00", "duration_days": 248.20833333333334, "event_status": "Active", "total_lanes": null, "closed_lanes": null, "closure_ratio": null, "district_code": "012", "district_name": "Reinickendorf", "map_longitude": 13.31997871398926, "map_latitude": 52.583100419809483 }, "geometry": { "type": "Point", "coordinates": [ 13.31997871398926, 52.583100419809483 ] } },
{ "type": "Feature", "properties": { "id": "576/2025", "event_type": "Baustelle", "severity": "keine Sperrung", "closure_category": "No closure", "street": "Wollankstraße (Pankow)", "section": "in beiden Richtungen zwischen Schulzestraße und Kattegatstraße", "start_time": "2025-12-01T12:00:00", "end_time": "2026-12-31T17:00:00", "duration_days": 395.20833333333331, "event_status": "Active", "total_lanes": null, "closed_lanes": null, "closure_ratio": null, "district_code": "003", "district_name": "Pankow", "map_longitude": 13.393356800515907, "map_latitude": 52.564569131025813 }, "geometry": { "type": "Point", "coordinates": [ 13.393356800515907, 52.564569131025813 ] } },
{ "type": "Feature", "properties": { "id": "591/2025", "event_type": "Sperrung", "severity": "Vollsperrung", "closure_category": "Full closure", "street": "Kietzer Straße - Kirchstraße (Alt-Köpenick)", "section": "in beiden Richtungen zwischen Grünstraße und Alt-Köpenick", "start_time": "2025-12-01T07:00:00", "end_time": "2026-08-24T17:00:00", "duration_days": 266.41666666666669, "event_status": "Active", "total_lanes": null, "closed_lanes": null, "closure_ratio": null, "district_code": "009", "district_name": "Treptow-Köpenick", "map_longitude": 13.57694916776228, "map_latitude": 52.445475788111722 }, "geometry": { "type": "Point", "coordinates": [ 13.57694916776228, 52.445475788111722 ] } },
{ "type": "Feature", "properties": { "id": "593/2025", "event_type": "Baustelle", "severity": "keine Sperrung", "closure_category": "No closure", "street": "Teltower Damm (Zehlendorf)", "section": "Richtung B1/Berliner Straße zwischen Beeskowdamm und Am Rehwechsel", "start_time": "2025-12-05T07:00:00", "end_time": "2026-08-21T17:00:00", "duration_days": 259.41666666666669, "event_status": "Active", "total_lanes": 2.0, "closed_lanes": 1.0, "closure_ratio": 0.5, "district_code": "006", "district_name": "Steglitz-Zehlendorf", "map_longitude": 13.26707675169167, "map_latitude": 52.410889331730125 }, "geometry": { "type": "Point", "coordinates": [ 13.26707675169167, 52.410889331730125 ] } },
{ "type": "Feature", "properties": { "id": "610/2025", "event_type": "Baustelle", "severity": "keine Sperrung", "closure_category": "No closure", "street": "Clayallee (Zehlendorf)", "section": "Richtung B1/Potsdamer Straße zwischen Scharfestraße und Potsdamer Straße", "start_time": "2025-12-17T07:00:00", "end_time": "2027-01-15T17:00:00", "duration_days": 394.41666666666669, "event_status": "Active", "total_lanes": null, "closed_lanes": null, "closure_ratio": null, "district_code": "006", "district_name": "Steglitz-Zehlendorf", "map_longitude": 13.261619747208901, "map_latitude": 52.437237922847643 }, "geometry": { "type": "Point", "coordinates": [ 13.261619747208901, 52.437237922847643 ] } },
{ "type": "Feature", "properties": { "id": "613/2025", "event_type": "Sperrung", "severity": "Vollsperrung", "closure_category": "Full closure", "street": "A111 (Reinickendorf-Zubringer)", "section": "Richtung Dreieck Charlottenburg Einfahrt Antonienstraße", "start_time": "2023-03-20T12:00:00", "end_time": "2026-12-31T17:00:00", "duration_days": 1382.2083333333333, "event_status": "Active", "total_lanes": null, "closed_lanes": null, "closure_ratio": null, "district_code": "012", "district_name": "Reinickendorf", "map_longitude": 13.31021266381263, "map_latitude": 52.567169627116598 }, "geometry": { "type": "Point", "coordinates": [ 13.31021266381263, 52.567169627116598 ] } },
{ "type": "Feature", "properties": { "id": "614/2025", "event_type": "Sperrung", "severity": "Vollsperrung", "closure_category": "Full closure", "street": "Straße des 17. Juni, Y.-Rabin-Staße und Ebertstraße (Tiergarten)", "section": "in beiden Richtungen zwischen Großer Stern und Behrenstraße bzw. Dorotheenstraße", "start_time": "2026-07-22T06:00:00", "end_time": "2026-07-27T12:00:00", "duration_days": 5.25, "event_status": "Active", "total_lanes": 6.0, "closed_lanes": 6.0, "closure_ratio": 1.0, "district_code": "001", "district_name": "Mitte", "map_longitude": 13.376065849734008, "map_latitude": 52.516179846993971 }, "geometry": { "type": "Point", "coordinates": [ 13.376065849734008, 52.516179846993971 ] } },
{ "type": "Feature", "properties": { "id": "619/2025", "event_type": "Baustelle", "severity": "keine Sperrung", "closure_category": "No closure", "street": "Kantstraße (Charlottenburg)", "section": "Richtung Breitscheidplatz zwischen Leibnizstraße und Wielandstraße", "start_time": "2026-01-05T07:00:00", "end_time": "2026-12-31T17:00:00", "duration_days": 360.41666666666669, "event_status": "Active", "total_lanes": null, "closed_lanes": null, "closure_ratio": null, "district_code": "004", "district_name": "Charlottenburg-Wilmersdorf", "map_longitude": 13.314228804106074, "map_latitude": 52.506198414367546 }, "geometry": { "type": "Point", "coordinates": [ 13.314228804106074, 52.506198414367546 ] } },
{ "type": "Feature", "properties": { "id": "620/2025", "event_type": "Baustelle", "severity": "keine Sperrung", "closure_category": "No closure", "street": "Mehringdamm (Kreuzberg)", "section": "stadteinwärts zwischen Blücherstraße und Gneisenaustraße", "start_time": "2026-01-05T07:00:00", "end_time": "2026-08-30T17:00:00", "duration_days": 237.41666666666666, "event_status": "Active", "total_lanes": null, "closed_lanes": null, "closure_ratio": null, "district_code": "002", "district_name": "Friedrichshain-Kreuzberg", "map_longitude": 13.388370394204687, "map_latitude": 52.493764613038955 }, "geometry": { "type": "Point", "coordinates": [ 13.388370394204687, 52.493764613038955 ] } },
{ "type": "Feature", "properties": { "id": "5/2026", "event_type": "Baustelle", "severity": "keine Sperrung", "closure_category": "No closure", "street": "Fürstenwalder Damm (Friedrichshagen)", "section": "in beiden Richtungen zwischen Bölschestraße und Wasserwerk Friedrichshagen", "start_time": "2026-01-06T07:00:00", "end_time": "2026-07-31T17:00:00", "duration_days": 206.41666666666666, "event_status": "Active", "total_lanes": null, "closed_lanes": null, "closure_ratio": null, "district_code": "009", "district_name": "Treptow-Köpenick", "map_longitude": 13.63347959413659, "map_latitude": 52.456682887874642 }, "geometry": { "type": "Point", "coordinates": [ 13.63347959413659, 52.456682887874642 ] } },
{ "type": "Feature", "properties": { "id": "7/2026", "event_type": "Sperrung", "severity": "Vollsperrung", "closure_category": "Full closure", "street": "Mühlenstraße (Pankow)", "section": "in beiden Richtungen zwischen Florastraße und Dolomitenstraße", "start_time": "2026-01-27T07:00:00", "end_time": "2026-08-07T17:00:00", "duration_days": 192.41666666666666, "event_status": "Active", "total_lanes": 2.0, "closed_lanes": 2.0, "closure_ratio": 1.0, "district_code": "003", "district_name": "Pankow", "map_longitude": 13.407486855721801, "map_latitude": 52.564246694682538 }, "geometry": { "type": "Point", "coordinates": [ 13.407486855721801, 52.564246694682538 ] } },
{ "type": "Feature", "properties": { "id": "20/2026", "event_type": "Baustelle", "severity": "keine Sperrung", "closure_category": "No closure", "street": "Bornholmer Straße (Prenzlauer Berg)", "section": "Richtung Osloer Straße zwischen Schönhauser Allee und Gotlandstraße", "start_time": "2026-01-13T07:00:00", "end_time": "2027-08-27T17:00:00", "duration_days": 591.41666666666663, "event_status": "Active", "total_lanes": null, "closed_lanes": null, "closure_ratio": null, "district_code": "003", "district_name": "Pankow", "map_longitude": 13.412547111511232, "map_latitude": 52.554001515933507 }, "geometry": { "type": "Point", "coordinates": [ 13.412547111511232, 52.554001515933507 ] } },
{ "type": "Feature", "properties": { "id": "21/2026", "event_type": "Baustelle", "severity": "keine Sperrung", "closure_category": "No closure", "street": "Alfred-Kowalke-Straße (Friedrichsfelde)", "section": "in beiden Richtungen zwischen Einbecker Straße und Kurze Straße", "start_time": "2026-01-15T09:00:00", "end_time": "2026-07-29T17:00:00", "duration_days": 195.33333333333334, "event_status": "Active", "total_lanes": null, "closed_lanes": null, "closure_ratio": null, "district_code": "011", "district_name": "Lichtenberg", "map_longitude": 13.514870792605508, "map_latitude": 52.505572398201259 }, "geometry": { "type": "Point", "coordinates": [ 13.514870792605508, 52.505572398201259 ] } },
{ "type": "Feature", "properties": { "id": "46/2026", "event_type": "Baustelle", "severity": "keine Sperrung", "closure_category": "No closure", "street": "Michael-Brückner-Straße (Niederschöneweide)", "section": "stadteinwärts in Höhe Sterndamm", "start_time": "2026-02-02T08:00:00", "end_time": "2026-08-28T17:00:00", "duration_days": 207.375, "event_status": "Active", "total_lanes": null, "closed_lanes": null, "closure_ratio": null, "district_code": "009", "district_name": "Treptow-Köpenick", "map_longitude": 13.511746523338532, "map_latitude": 52.455246827326746 }, "geometry": { "type": "Point", "coordinates": [ 13.511746523338532, 52.455246827326746 ] } },
{ "type": "Feature", "properties": { "id": "53/2026", "event_type": "Sperrung", "severity": "Fahrtrichtungssperrung", "closure_category": "Directional closure", "street": "Altdorfer Straße (Lichterfelde)", "section": "Richtung Goerzallee zwischen Carstennstraße und Theklastraße", "start_time": "2025-09-08T12:00:00", "end_time": "2026-09-04T17:00:00", "duration_days": 361.20833333333331, "event_status": "Active", "total_lanes": null, "closed_lanes": null, "closure_ratio": null, "district_code": "006", "district_name": "Steglitz-Zehlendorf", "map_longitude": 13.289313443700005, "map_latitude": 52.429488916619277 }, "geometry": { "type": "Point", "coordinates": [ 13.289313443700005, 52.429488916619277 ] } },
{ "type": "Feature", "properties": { "id": "56/2026", "event_type": "Sperrung", "severity": "Fahrtrichtungssperrung", "closure_category": "Directional closure", "street": "A115", "section": "Richtung Dreieck Nuthetal, Einfahrt Spanische Allee", "start_time": "2025-03-17T07:00:00", "end_time": "2026-07-31T12:00:00", "duration_days": 501.20833333333331, "event_status": "Active", "total_lanes": null, "closed_lanes": null, "closure_ratio": null, "district_code": "006", "district_name": "Steglitz-Zehlendorf", "map_longitude": 13.19193211180391, "map_latitude": 52.433420299666039 }, "geometry": { "type": "Point", "coordinates": [ 13.19193211180391, 52.433420299666039 ] } },
{ "type": "Feature", "properties": { "id": "60/2026", "event_type": "Baustelle", "severity": "keine Sperrung", "closure_category": "No closure", "street": "Stromstraße (Moabit)", "section": "Richtung Turmstraße vor Perleberger Straße", "start_time": "2026-02-10T07:00:00", "end_time": "2026-09-18T17:00:00", "duration_days": 220.41666666666666, "event_status": "Active", "total_lanes": null, "closed_lanes": null, "closure_ratio": null, "district_code": "001", "district_name": "Mitte", "map_longitude": 13.34317204382387, "map_latitude": 52.52919473236247 }, "geometry": { "type": "Point", "coordinates": [ 13.34317204382387, 52.52919473236247 ] } },
{ "type": "Feature", "properties": { "id": "70/2026", "event_type": "Sperrung", "severity": "Vollsperrung", "closure_category": "Full closure", "street": "Anton-Saefkow-Straße (Prenzlauer Berg)", "section": "in beiden Richtungen zwischen Eugen-Schönhaar-Straße und Bötzowstraße", "start_time": "2026-02-18T07:00:00", "end_time": "2026-08-31T17:00:00", "duration_days": 194.41666666666666, "event_status": "Active", "total_lanes": null, "closed_lanes": null, "closure_ratio": null, "district_code": "003", "district_name": "Pankow", "map_longitude": 13.440249949453575, "map_latitude": 52.537176743261298 }, "geometry": { "type": "Point", "coordinates": [ 13.440249949453575, 52.537176743261298 ] } },
{ "type": "Feature", "properties": { "id": "72/2026", "event_type": "Sperrung", "severity": "Fahrtrichtungssperrung", "closure_category": "Directional closure", "street": "Röblingstraße (Tempelhof)", "section": "Richtung Attilastraße zwischen Prellerweg und Marienhöher Weg", "start_time": "2026-02-18T07:00:00", "end_time": "2026-11-13T17:00:00", "duration_days": 268.41666666666669, "event_status": "Active", "total_lanes": null, "closed_lanes": null, "closure_ratio": null, "district_code": "007", "district_name": "Tempelhof-Schöneberg", "map_longitude": 13.359523773542607, "map_latitude": 52.454739708055243 }, "geometry": { "type": "Point", "coordinates": [ 13.359523773542607, 52.454739708055243 ] } },
{ "type": "Feature", "properties": { "id": "79/2026", "event_type": "Baustelle", "severity": "keine Sperrung", "closure_category": "No closure", "street": "An der Wuhlheide (Köpenick)", "section": "in beiden Richtungen zwischen Cardinalstraße und Rudolf-Rühl-Allee", "start_time": "2026-02-20T07:00:00", "end_time": "2026-08-07T17:00:00", "duration_days": 168.41666666666666, "event_status": "Active", "total_lanes": null, "closed_lanes": null, "closure_ratio": null, "district_code": "009", "district_name": "Treptow-Köpenick", "map_longitude": 13.565250635147095, "map_latitude": 52.456166300396674 }, "geometry": { "type": "Point", "coordinates": [ 13.565250635147095, 52.456166300396674 ] } },
{ "type": "Feature", "properties": { "id": "83/2026", "event_type": "Baustelle", "severity": "keine Sperrung", "closure_category": "No closure", "street": "Sonnenallee (Neukölln)", "section": "Richtung Baumschulenweg hinter Ziegrastraße", "start_time": "2026-02-23T07:00:00", "end_time": "2026-07-31T17:00:00", "duration_days": 158.41666666666666, "event_status": "Active", "total_lanes": null, "closed_lanes": null, "closure_ratio": null, "district_code": "008", "district_name": "Neukölln", "map_longitude": 13.458427459045199, "map_latitude": 52.472537236677617 }, "geometry": { "type": "Point", "coordinates": [ 13.458427459045199, 52.472537236677617 ] } },
{ "type": "Feature", "properties": { "id": "89/2026", "event_type": "Baustelle", "severity": "keine Sperrung", "closure_category": "No closure", "street": "Neuköllner Straße (Rudow)", "section": "in beiden Richtungen zwischen Bildhauerweg und Groß-Ziethener Chaussee", "start_time": "2026-03-16T07:00:00", "end_time": "2026-08-02T17:00:00", "duration_days": 139.41666666666666, "event_status": "Active", "total_lanes": null, "closed_lanes": null, "closure_ratio": null, "district_code": "008", "district_name": "Neukölln", "map_longitude": 13.493025362840857, "map_latitude": 52.417592547345869 }, "geometry": { "type": "Point", "coordinates": [ 13.493025362840857, 52.417592547345869 ] } },
{ "type": "Feature", "properties": { "id": "90/2026", "event_type": "Baustelle", "severity": "keine Sperrung", "closure_category": "No closure", "street": "Chausseestraße (Mitte)", "section": "Richtung Müllerstraße zwischen Torstraße und Tieckstraße", "start_time": "2026-02-24T07:00:00", "end_time": "2027-12-10T17:00:00", "duration_days": 654.41666666666663, "event_status": "Active", "total_lanes": null, "closed_lanes": null, "closure_ratio": null, "district_code": "001", "district_name": "Mitte", "map_longitude": 13.386254667275354, "map_latitude": 52.528045381616863 }, "geometry": { "type": "Point", "coordinates": [ 13.386254667275354, 52.528045381616863 ] } },
{ "type": "Feature", "properties": { "id": "100/2026", "event_type": "Baustelle", "severity": "keine Sperrung", "closure_category": "No closure", "street": "Mollstraße (Mitte)", "section": "Richtung Landsberger Allee Höhe Büschingstraße", "start_time": "2026-02-25T07:00:00", "end_time": "2026-10-01T17:00:00", "duration_days": 218.41666666666666, "event_status": "Active", "total_lanes": 2.0, "closed_lanes": 1.0, "closure_ratio": 0.5, "district_code": "001", "district_name": "Mitte", "map_longitude": 13.425603772481672, "map_latitude": 52.523143916654838 }, "geometry": { "type": "Point", "coordinates": [ 13.425603772481672, 52.523143916654838 ] } },
{ "type": "Feature", "properties": { "id": "127/2026", "event_type": "Baustelle", "severity": "keine Sperrung", "closure_category": "No closure", "street": "Warschauer Straße (Friedrichshain)", "section": "Richtung Oberbaumstraße zwischen Boxhagener Straße und Grünberger Straße", "start_time": "2026-03-02T07:00:00", "end_time": "2027-08-31T17:00:00", "duration_days": 547.41666666666663, "event_status": "Active", "total_lanes": null, "closed_lanes": null, "closure_ratio": null, "district_code": "002", "district_name": "Friedrichshain-Kreuzberg", "map_longitude": 13.45282763199066, "map_latitude": 52.513603537714616 }, "geometry": { "type": "Point", "coordinates": [ 13.45282763199066, 52.513603537714616 ] } },
{ "type": "Feature", "properties": { "id": "141/2026", "event_type": "Baustelle", "severity": "keine Sperrung", "closure_category": "No closure", "street": "Sellerstraße (Moabit)", "section": "in beiden Richtungen im Bereich Nordhafenbrücke", "start_time": "2026-03-03T05:00:00", "end_time": "2027-03-03T17:00:00", "duration_days": 365.5, "event_status": "Active", "total_lanes": null, "closed_lanes": null, "closure_ratio": null, "district_code": "001", "district_name": "Mitte", "map_longitude": 13.364852875602086, "map_latitude": 52.53672679689339 }, "geometry": { "type": "Point", "coordinates": [ 13.364852875602086, 52.53672679689339 ] } },
{ "type": "Feature", "properties": { "id": "153/2026", "event_type": "Sperrung", "severity": "Fahrtrichtungssperrung", "closure_category": "Directional closure", "street": "Chausseestraße (Mitte)", "section": "Richtung Müllerstraße zwischen  Zinnowitzer Straße und Habersaathstraße", "start_time": "2026-03-05T07:00:00", "end_time": "2028-05-11T17:00:00", "duration_days": 798.41666666666663, "event_status": "Active", "total_lanes": null, "closed_lanes": null, "closure_ratio": null, "district_code": "001", "district_name": "Mitte", "map_longitude": 13.382093678965925, "map_latitude": 52.531327601416777 }, "geometry": { "type": "Point", "coordinates": [ 13.382093678965925, 52.531327601416777 ] } },
{ "type": "Feature", "properties": { "id": "155/2026", "event_type": "Baustelle", "severity": "keine Sperrung", "closure_category": "No closure", "street": "Hämmerlingstraße/Am Bahndamm (Köpenick)", "section": "im Einmündungsbereich", "start_time": "2026-04-30T11:00:00", "end_time": "2027-01-06T17:00:00", "duration_days": 251.25, "event_status": "Active", "total_lanes": null, "closed_lanes": null, "closure_ratio": null, "district_code": "009", "district_name": "Treptow-Köpenick", "map_longitude": 13.572969675151398, "map_latitude": 52.460590328794815 }, "geometry": { "type": "Point", "coordinates": [ 13.572969675151398, 52.460590328794815 ] } },
{ "type": "Feature", "properties": { "id": "156/2026", "event_type": "Baustelle", "severity": "keine Sperrung", "closure_category": "No closure", "street": "Antonienstraße (Reinickendorf)", "section": "Richtung A111 zwischen Zobeltitzstraße und  Scharnweberstraße", "start_time": "2026-03-05T07:00:00", "end_time": "2026-12-14T17:00:00", "duration_days": 284.41666666666669, "event_status": "Active", "total_lanes": null, "closed_lanes": null, "closure_ratio": null, "district_code": "012", "district_name": "Reinickendorf", "map_longitude": 13.31123266461505, "map_latitude": 52.569764677230062 }, "geometry": { "type": "Point", "coordinates": [ 13.31123266461505, 52.569764677230062 ] } },
{ "type": "Feature", "properties": { "id": "157/2026", "event_type": "Baustelle", "severity": "keine Sperrung", "closure_category": "No closure", "street": "Tegeler Weg (Charlottenburg-Nord)", "section": "in beiden Richtungen zwischen Max-Dohrn-Straße und Abfahrt A100", "start_time": "2026-03-04T12:00:00", "end_time": "2026-08-10T17:00:00", "duration_days": 159.20833333333334, "event_status": "Active", "total_lanes": 3.0, "closed_lanes": 1.0, "closure_ratio": 0.33333333333333331, "district_code": "004", "district_name": "Charlottenburg-Wilmersdorf", "map_longitude": 13.294614581609046, "map_latitude": 52.532677497089921 }, "geometry": { "type": "Point", "coordinates": [ 13.294614581609046, 52.532677497089921 ] } },
{ "type": "Feature", "properties": { "id": "159/2026", "event_type": "Baustelle", "severity": "keine Sperrung", "closure_category": "No closure", "street": "Lichtenrader Damm (Lichtenrade)", "section": "in beiden Richtungen zwischen Barnetstraße und Grimmstraße", "start_time": "2025-05-11T12:00:00", "end_time": "2026-09-30T17:00:00", "duration_days": 507.20833333333331, "event_status": "Active", "total_lanes": 6.0, "closed_lanes": 4.0, "closure_ratio": 0.66666666666666663, "district_code": "007", "district_name": "Tempelhof-Schöneberg", "map_longitude": 13.406482858913472, "map_latitude": 52.396332955498345 }, "geometry": { "type": "Point", "coordinates": [ 13.406482858913472, 52.396332955498345 ] } },
{ "type": "Feature", "properties": { "id": "163/2026", "event_type": "Sperrung", "severity": "Fahrtrichtungssperrung", "closure_category": "Directional closure", "street": "Glinkastraße (Mitte)", "section": "Richtung Unter den Linden zwischen Französische Straße und Unter den Linden", "start_time": "2026-03-09T07:00:00", "end_time": "2026-07-31T17:00:00", "duration_days": 144.41666666666666, "event_status": "Active", "total_lanes": 1.0, "closed_lanes": 1.0, "closure_ratio": 1.0, "district_code": "001", "district_name": "Mitte", "map_longitude": 13.38611085328248, "map_latitude": 52.515033406033297 }, "geometry": { "type": "Point", "coordinates": [ 13.38611085328248, 52.515033406033297 ] } },
{ "type": "Feature", "properties": { "id": "166/2026", "event_type": "Sperrung", "severity": "Fahrtrichtungssperrung", "closure_category": "Directional closure", "street": "Schottstraße/Rüdigerstraße (Lichtenberg)", "section": "Richtung Gotlindestraße zwischen Roedeliusplatz und Atzpodienstraße (an der Rüdigerstraße)", "start_time": "2026-03-09T07:00:00", "end_time": "2026-08-14T17:00:00", "duration_days": 158.41666666666666, "event_status": "Active", "total_lanes": null, "closed_lanes": null, "closure_ratio": null, "district_code": "011", "district_name": "Lichtenberg", "map_longitude": 13.492288649213151, "map_latitude": 52.516282976732235 }, "geometry": { "type": "Point", "coordinates": [ 13.492288649213151, 52.516282976732235 ] } },
{ "type": "Feature", "properties": { "id": "172/2026", "event_type": "Sperrung", "severity": "Vollsperrung", "closure_category": "Full closure", "street": "Seydlitzstraße/Charlottenstraße (Lankwitz)", "section": "gesamter Kreuzungsbereich", "start_time": "2026-02-05T07:00:00", "end_time": "2026-08-04T17:00:00", "duration_days": 180.41666666666666, "event_status": "Active", "total_lanes": 4.0, "closed_lanes": 4.0, "closure_ratio": 1.0, "district_code": "006", "district_name": "Steglitz-Zehlendorf", "map_longitude": 13.335744738578798, "map_latitude": 52.43328526235959 }, "geometry": { "type": "Point", "coordinates": [ 13.335744738578798, 52.43328526235959 ] } },
{ "type": "Feature", "properties": { "id": "173/2026", "event_type": "Sperrung", "severity": "Fahrtrichtungssperrung", "closure_category": "Directional closure", "street": "Behrenstraße (Mitte)", "section": "Richtung Ebertstraße zwischen Friedrichstraße und Glinkastraße", "start_time": "2026-03-09T07:00:00", "end_time": "2026-07-31T17:00:00", "duration_days": 144.41666666666666, "event_status": "Active", "total_lanes": 1.0, "closed_lanes": 1.0, "closure_ratio": 1.0, "district_code": "001", "district_name": "Mitte", "map_longitude": 13.386233925666604, "map_latitude": 52.515461381642979 }, "geometry": { "type": "Point", "coordinates": [ 13.386233925666604, 52.515461381642979 ] } },
{ "type": "Feature", "properties": { "id": "184/2026", "event_type": "Baustelle", "severity": "keine Sperrung", "closure_category": "No closure", "street": "Hansastraße (Lichtenberg)", "section": "in beiden Richtungen zwischen Indira-Gandhi-Straße und Buschallee", "start_time": "2026-03-13T10:00:00", "end_time": "2026-12-31T17:00:00", "duration_days": 293.29166666666669, "event_status": "Active", "total_lanes": null, "closed_lanes": null, "closure_ratio": null, "district_code": "003", "district_name": "Pankow", "map_longitude": 13.472806693171155, "map_latitude": 52.548140920616731 }, "geometry": { "type": "Point", "coordinates": [ 13.472806693171155, 52.548140920616731 ] } },
{ "type": "Feature", "properties": { "id": "185/2026", "event_type": "Baustelle", "severity": "keine Sperrung", "closure_category": "No closure", "street": "Alexanderstraße (Mitte)", "section": "Richtung Otto-Braun-Straße vor Bernhard-Weiß-Straße", "start_time": "2026-03-09T09:00:00", "end_time": "2027-07-31T17:00:00", "duration_days": 509.33333333333331, "event_status": "Active", "total_lanes": null, "closed_lanes": null, "closure_ratio": null, "district_code": "001", "district_name": "Mitte", "map_longitude": 13.414660870985246, "map_latitude": 52.522776301660933 }, "geometry": { "type": "Point", "coordinates": [ 13.414660870985246, 52.522776301660933 ] } },
{ "type": "Feature", "properties": { "id": "189/2026", "event_type": "Baustelle", "severity": "keine Sperrung", "closure_category": "No closure", "street": "Berliner Allee (Weißensee)", "section": "stadtauswärts zwischen Wegnerstraße und Buschallee", "start_time": "2026-03-09T09:00:00", "end_time": "2026-07-31T17:00:00", "duration_days": 144.33333333333334, "event_status": "Active", "total_lanes": 3.0, "closed_lanes": 1.0, "closure_ratio": 0.33333333333333331, "district_code": "003", "district_name": "Pankow", "map_longitude": 13.466596750154343, "map_latitude": 52.552435328609846 }, "geometry": { "type": "Point", "coordinates": [ 13.466596750154343, 52.552435328609846 ] } },
{ "type": "Feature", "properties": { "id": "191/2026", "event_type": "Baustelle", "severity": "keine Sperrung", "closure_category": "No closure", "street": "Gaußstraße (Charlottenurg)", "section": "in beiden Richtungen zwischen Goslarer Ufer und Lise-Meitner-Straße", "start_time": "2026-03-12T12:00:00", "end_time": "2026-09-30T17:00:00", "duration_days": 202.20833333333334, "event_status": "Active", "total_lanes": null, "closed_lanes": null, "closure_ratio": null, "district_code": "004", "district_name": "Charlottenburg-Wilmersdorf", "map_longitude": 13.310659734288308, "map_latitude": 52.529446987856353 }, "geometry": { "type": "Point", "coordinates": [ 13.310659734288308, 52.529446987856353 ] } },
{ "type": "Feature", "properties": { "id": "200/2026", "event_type": "Sperrung", "severity": "Fahrtrichtungssperrung", "closure_category": "Directional closure", "street": "Edinburger Straße - Ungarnstraße (Wedding)", "section": "Richtung Müllerstraße von Türkenstraße bis Müllerstraße", "start_time": "2026-03-16T07:00:00", "end_time": "2026-09-12T17:00:00", "duration_days": 180.41666666666666, "event_status": "Active", "total_lanes": null, "closed_lanes": null, "closure_ratio": null, "district_code": "001", "district_name": "Mitte", "map_longitude": 13.352202772439341, "map_latitude": 52.553781377588024 }, "geometry": { "type": "Point", "coordinates": [ 13.352202772439341, 52.553781377588024 ] } },
{ "type": "Feature", "properties": { "id": "204/2026", "event_type": "Baustelle", "severity": "keine Sperrung", "closure_category": "No closure", "street": "Mariendorfer Damm (Mariendorf)", "section": "in beiden Richtungen zwischen Körtingstraße und Kruckenbergstraße", "start_time": "2026-04-14T07:00:00", "end_time": "2026-10-16T17:00:00", "duration_days": 185.41666666666666, "event_status": "Active", "total_lanes": 4.0, "closed_lanes": 2.0, "closure_ratio": 0.5, "district_code": "007", "district_name": "Tempelhof-Schöneberg", "map_longitude": 13.390693903274951, "map_latitude": 52.432983206421824 }, "geometry": { "type": "Point", "coordinates": [ 13.390693903274951, 52.432983206421824 ] } },
{ "type": "Feature", "properties": { "id": "210/2026", "event_type": "Baustelle", "severity": "keine Sperrung", "closure_category": "No closure", "street": "Kantstraße (Charlottenburg)", "section": "in beiden Richtungen zwischen Fasanenstraße und Joachimsthaler Straße", "start_time": "2025-08-13T07:00:00", "end_time": "2027-12-13T17:00:00", "duration_days": 852.41666666666663, "event_status": "Active", "total_lanes": null, "closed_lanes": null, "closure_ratio": null, "district_code": "004", "district_name": "Charlottenburg-Wilmersdorf", "map_longitude": 13.329455048151431, "map_latitude": 52.50542038300776 }, "geometry": { "type": "Point", "coordinates": [ 13.329455048151431, 52.50542038300776 ] } },
{ "type": "Feature", "properties": { "id": "212/2026", "event_type": "Baustelle", "severity": "keine Sperrung", "closure_category": "No closure", "street": "Gartenfelder Straße (Siemensstadt)", "section": "in beiden Richtungen in Höhe Gewerbepark", "start_time": "2026-03-17T06:00:00", "end_time": "2026-09-30T17:00:00", "duration_days": 197.45833333333334, "event_status": "Active", "total_lanes": null, "closed_lanes": null, "closure_ratio": null, "district_code": "005", "district_name": "Spandau", "map_longitude": 13.247986971982757, "map_latitude": 52.548968196447269 }, "geometry": { "type": "Point", "coordinates": [ 13.247986971982757, 52.548968196447269 ] } },
{ "type": "Feature", "properties": { "id": "225/2026", "event_type": "Baustelle", "severity": "keine Sperrung", "closure_category": "No closure", "street": "Falkenhagener Straße (Spandau)", "section": "in beiden Richtungen in Höhe Ackerstraße", "start_time": "2026-03-19T07:00:00", "end_time": "2026-08-14T17:00:00", "duration_days": 148.41666666666666, "event_status": "Active", "total_lanes": null, "closed_lanes": null, "closure_ratio": null, "district_code": "005", "district_name": "Spandau", "map_longitude": 13.19781589547347, "map_latitude": 52.547144749571082 }, "geometry": { "type": "Point", "coordinates": [ 13.19781589547347, 52.547144749571082 ] } },
{ "type": "Feature", "properties": { "id": "251/2026", "event_type": "Baustelle", "severity": "keine Sperrung", "closure_category": "No closure", "street": "Sachsendamm (Schöneberg)", "section": "Richtung Hauptstraße in Höhe Kreuzung Gotenstraße/Vorarlberger Damm.", "start_time": "2026-03-23T07:00:00", "end_time": "2026-07-31T17:00:00", "duration_days": 130.41666666666666, "event_status": "Active", "total_lanes": null, "closed_lanes": null, "closure_ratio": null, "district_code": "007", "district_name": "Tempelhof-Schöneberg", "map_longitude": 13.359930217266085, "map_latitude": 52.475436649861223 }, "geometry": { "type": "Point", "coordinates": [ 13.359930217266085, 52.475436649861223 ] } },
{ "type": "Feature", "properties": { "id": "255/2026", "event_type": "Baustelle", "severity": "keine Sperrung", "closure_category": "No closure", "street": "Schönhauser Allee (Prenzlauer Berg)", "section": "stadteinwärts in Höhe Milastraße", "start_time": "2026-03-26T07:00:00", "end_time": "2026-09-10T17:00:00", "duration_days": 168.41666666666666, "event_status": "Active", "total_lanes": null, "closed_lanes": null, "closure_ratio": null, "district_code": "003", "district_name": "Pankow", "map_longitude": 13.412556320472504, "map_latitude": 52.545232409666987 }, "geometry": { "type": "Point", "coordinates": [ 13.412556320472504, 52.545232409666987 ] } },
{ "type": "Feature", "properties": { "id": "258/2026", "event_type": "Sperrung", "severity": "Fahrtrichtungssperrung", "closure_category": "Directional closure", "street": "Pichelswerderstraße (Spandau)", "section": "Richtung Ruhlebener Straße zwischen Freiheit und Heidereuterstraße", "start_time": "2026-03-24T12:00:00", "end_time": "2026-08-04T17:00:00", "duration_days": 133.20833333333334, "event_status": "Active", "total_lanes": null, "closed_lanes": null, "closure_ratio": null, "district_code": "005", "district_name": "Spandau", "map_longitude": 13.213761295573494, "map_latitude": 52.531736877363016 }, "geometry": { "type": "Point", "coordinates": [ 13.213761295573494, 52.531736877363016 ] } },
{ "type": "Feature", "properties": { "id": "259/2026", "event_type": "Baustelle", "severity": "keine Sperrung", "closure_category": "No closure", "street": "A117", "section": "stadteinwärts zwischen Waltersdorf und Dreieck Treptow", "start_time": "2025-05-24T12:00:00", "end_time": "2026-08-21T17:00:00", "duration_days": 454.20833333333331, "event_status": "Active", "total_lanes": null, "closed_lanes": null, "closure_ratio": null, "district_code": null, "district_name": null, "map_longitude": 13.556735360259445, "map_latitude": 52.3699433748356 }, "geometry": { "type": "Point", "coordinates": [ 13.556735360259445, 52.3699433748356 ] } },
{ "type": "Feature", "properties": { "id": "272/2026", "event_type": "Sperrung", "severity": "Vollsperrung", "closure_category": "Full closure", "street": "Preysingstraße (Marienfelde)", "section": "in beiden Richtungen zwischen Weygerweg und Wichurastraße", "start_time": "2026-03-30T07:00:00", "end_time": "2026-08-28T17:00:00", "duration_days": 151.41666666666666, "event_status": "Active", "total_lanes": 2.0, "closed_lanes": 2.0, "closure_ratio": 1.0, "district_code": "006", "district_name": "Steglitz-Zehlendorf", "map_longitude": 13.360619306374058, "map_latitude": 52.425297240123683 }, "geometry": { "type": "Point", "coordinates": [ 13.360619306374058, 52.425297240123683 ] } },
{ "type": "Feature", "properties": { "id": "280/2026", "event_type": "Baustelle", "severity": "keine Sperrung", "closure_category": "No closure", "street": "Karl-Liebknecht-Straße (Mitte)", "section": "Richtung Brandenburger Tor in Höhe Spandauer Straße", "start_time": "2026-03-26T10:00:00", "end_time": "2027-09-30T17:00:00", "duration_days": 553.29166666666663, "event_status": "Active", "total_lanes": null, "closed_lanes": null, "closure_ratio": null, "district_code": "001", "district_name": "Mitte", "map_longitude": 13.404603749841046, "map_latitude": 52.520022839788801 }, "geometry": { "type": "Point", "coordinates": [ 13.404603749841046, 52.520022839788801 ] } },
{ "type": "Feature", "properties": { "id": "284/2026", "event_type": "Baustelle", "severity": "keine Sperrung", "closure_category": "No closure", "street": "Alt-Moabit (Moabit)", "section": "in beiden Richtungen zwischen Rahel-Hirsch-Straße und Eisenbahnbrücke", "start_time": "2026-04-01T07:00:00", "end_time": "2026-07-31T17:00:00", "duration_days": 121.41666666666667, "event_status": "Active", "total_lanes": null, "closed_lanes": null, "closure_ratio": null, "district_code": "001", "district_name": "Mitte", "map_longitude": 13.367730259196836, "map_latitude": 52.522346380391745 }, "geometry": { "type": "Point", "coordinates": [ 13.367730259196836, 52.522346380391745 ] } },
{ "type": "Feature", "properties": { "id": "285/2026", "event_type": "Sperrung", "severity": "Vollsperrung", "closure_category": "Full closure", "street": "Dunckerstraße (Prenzlauer Berg)", "section": "in beiden Richtungen zwischen Ahlbecker Straße und Wichertstraße", "start_time": "2026-04-01T07:00:00", "end_time": "2028-06-14T17:00:00", "duration_days": 805.41666666666663, "event_status": "Active", "total_lanes": null, "closed_lanes": null, "closure_ratio": null, "district_code": "003", "district_name": "Pankow", "map_longitude": 13.423812030523553, "map_latitude": 52.545907670453865 }, "geometry": { "type": "Point", "coordinates": [ 13.423812030523553, 52.545907670453865 ] } },
{ "type": "Feature", "properties": { "id": "287/2026", "event_type": "Sperrung", "severity": "Vollsperrung", "closure_category": "Full closure", "street": "Koloniestraße (Gesundbrunnen)", "section": "in beiden Richtungen zwischen Badstraße/Schwedenstraße und Osloer Straße", "start_time": "2025-01-08T08:00:00", "end_time": "2026-10-31T17:00:00", "duration_days": 661.375, "event_status": "Active", "total_lanes": null, "closed_lanes": null, "closure_ratio": null, "district_code": "001", "district_name": "Mitte", "map_longitude": 13.377163410186769, "map_latitude": 52.554288402029918 }, "geometry": { "type": "Point", "coordinates": [ 13.377163410186769, 52.554288402029918 ] } },
{ "type": "Feature", "properties": { "id": "290/2026", "event_type": "Baustelle", "severity": "keine Sperrung", "closure_category": "No closure", "street": "Nalepastraße (Oberschöneweide)", "section": "in beiden Richtungen zwischen Kunheimstraße und Siemensstraße", "start_time": "2026-04-07T07:00:00", "end_time": "2026-08-28T17:00:00", "duration_days": 143.41666666666666, "event_status": "Active", "total_lanes": 2.0, "closed_lanes": 1.0, "closure_ratio": 0.5, "district_code": "009", "district_name": "Treptow-Köpenick", "map_longitude": 13.507448763048163, "map_latitude": 52.464937175692263 }, "geometry": { "type": "Point", "coordinates": [ 13.507448763048163, 52.464937175692263 ] } },
{ "type": "Feature", "properties": { "id": "293/2026", "event_type": "Baustelle", "severity": "keine Sperrung", "closure_category": "No closure", "street": "Torstraße (Mitte)", "section": "Richtung Chausseestraße in Höhe Borsigstraße", "start_time": "2026-04-07T07:00:00", "end_time": "2026-08-07T17:00:00", "duration_days": 122.41666666666667, "event_status": "Active", "total_lanes": 2.0, "closed_lanes": 1.0, "closure_ratio": 0.5, "district_code": "001", "district_name": "Mitte", "map_longitude": 13.3913791179657, "map_latitude": 52.528049993931667 }, "geometry": { "type": "Point", "coordinates": [ 13.3913791179657, 52.528049993931667 ] } },
{ "type": "Feature", "properties": { "id": "299/2026", "event_type": "Baustelle", "severity": "keine Sperrung", "closure_category": "No closure", "street": "Indira-Gandhi-Straße (Weißensee)", "section": "Richtung Weißenseer Weg zwischen Berliner Allee und Bizetstraße", "start_time": "2026-04-07T08:00:00", "end_time": "2027-06-30T17:00:00", "duration_days": 449.375, "event_status": "Active", "total_lanes": null, "closed_lanes": null, "closure_ratio": null, "district_code": "003", "district_name": "Pankow", "map_longitude": 13.466092650939169, "map_latitude": 52.551032075348715 }, "geometry": { "type": "Point", "coordinates": [ 13.466092650939169, 52.551032075348715 ] } },
{ "type": "Feature", "properties": { "id": "307/2026", "event_type": "Baustelle", "severity": "Vollsperrung", "closure_category": "Full closure", "street": "Osdorfer Straße (Lichterfelde)", "section": "in beiden Richtungen Höhe Woltmannweg", "start_time": "2026-04-07T09:00:00", "end_time": "2026-07-31T17:00:00", "duration_days": 115.33333333333333, "event_status": "Active", "total_lanes": null, "closed_lanes": null, "closure_ratio": null, "district_code": "006", "district_name": "Steglitz-Zehlendorf", "map_longitude": 13.31782154125394, "map_latitude": 52.414409356366647 }, "geometry": { "type": "Point", "coordinates": [ 13.31782154125394, 52.414409356366647 ] } },
{ "type": "Feature", "properties": { "id": "317/2026", "event_type": "Baustelle", "severity": "keine Sperrung", "closure_category": "No closure", "street": "Siemensdamm (Siemensstadt)", "section": "stadteinwärts zwischen Wohlrabedamm und Nikolaus-Groß-Weg", "start_time": "2026-04-13T07:00:00", "end_time": "2026-07-30T17:00:00", "duration_days": 108.41666666666667, "event_status": "Active", "total_lanes": null, "closed_lanes": null, "closure_ratio": null, "district_code": "005", "district_name": "Spandau", "map_longitude": 13.277092667636376, "map_latitude": 52.535092054263671 }, "geometry": { "type": "Point", "coordinates": [ 13.277092667636376, 52.535092054263671 ] } },
{ "type": "Feature", "properties": { "id": "332/2026", "event_type": "Baustelle", "severity": "keine Sperrung", "closure_category": "No closure", "street": "Paulsborner Straße (Schmargendorf)", "section": "in beiden Richtungen Höhe Salzbrunner Straße", "start_time": "2026-01-30T12:00:00", "end_time": "2026-08-03T17:00:00", "duration_days": 185.20833333333334, "event_status": "Active", "total_lanes": 2.0, "closed_lanes": 1.0, "closure_ratio": 0.5, "district_code": "004", "district_name": "Charlottenburg-Wilmersdorf", "map_longitude": 13.293794372098299, "map_latitude": 52.491243691317067 }, "geometry": { "type": "Point", "coordinates": [ 13.293794372098299, 52.491243691317067 ] } },
{ "type": "Feature", "properties": { "id": "344/2026", "event_type": "Baustelle", "severity": "keine Sperrung", "closure_category": "No closure", "street": "Blumberger Damm (Marzahn)", "section": "Richtung Wuhletalstraße in Höhe Krummenseer Straße", "start_time": "2026-04-20T07:00:00", "end_time": "2026-07-31T16:00:00", "duration_days": 102.375, "event_status": "Active", "total_lanes": 2.0, "closed_lanes": 1.0, "closure_ratio": 0.5, "district_code": "010", "district_name": "Marzahn-Hellersdorf", "map_longitude": 13.570271730422975, "map_latitude": 52.542012205585415 }, "geometry": { "type": "Point", "coordinates": [ 13.570271730422975, 52.542012205585415 ] } },
{ "type": "Feature", "properties": { "id": "353/2026", "event_type": "Baustelle", "severity": "keine Sperrung", "closure_category": "No closure", "street": "Gneisenaustraße (Kreuzberg)", "section": "in beiden Richtungen zwischen Südstern und Mittenwalder Straße", "start_time": "2026-04-14T07:00:00", "end_time": "2026-12-31T17:00:00", "duration_days": 261.41666666666669, "event_status": "Active", "total_lanes": null, "closed_lanes": null, "closure_ratio": null, "district_code": "002", "district_name": "Friedrichshain-Kreuzberg", "map_longitude": 13.398964405059814, "map_latitude": 52.490646285452925 }, "geometry": { "type": "Point", "coordinates": [ 13.398964405059814, 52.490646285452925 ] } },
{ "type": "Feature", "properties": { "id": "355/2026", "event_type": "Baustelle", "severity": "keine Sperrung", "closure_category": "No closure", "street": "Mehringdamm (Kreuzberg)", "section": "Richtung Platz der Luftbrücke zwischen Tempelhofer Ufer und Obentrautstraße", "start_time": "2026-04-21T07:00:00", "end_time": "2026-10-20T17:00:00", "duration_days": 182.41666666666666, "event_status": "Active", "total_lanes": null, "closed_lanes": null, "closure_ratio": null, "district_code": "002", "district_name": "Friedrichshain-Kreuzberg", "map_longitude": 13.389190435409546, "map_latitude": 52.49664941877483 }, "geometry": { "type": "Point", "coordinates": [ 13.389190435409546, 52.49664941877483 ] } },
{ "type": "Feature", "properties": { "id": "358/2026", "event_type": "Baustelle", "severity": "keine Sperrung", "closure_category": "No closure", "street": "Nachodstraße (Wilmersdorf)", "section": "Richtung Bundesallee zwischen Bamberger Straße und Grainauer Straße", "start_time": "2026-04-21T07:00:00", "end_time": "2026-08-28T17:00:00", "duration_days": 129.41666666666666, "event_status": "Active", "total_lanes": 2.0, "closed_lanes": 1.0, "closure_ratio": 0.5, "district_code": "004", "district_name": "Charlottenburg-Wilmersdorf", "map_longitude": 13.335471153259279, "map_latitude": 52.495042566783269 }, "geometry": { "type": "Point", "coordinates": [ 13.335471153259279, 52.495042566783269 ] } },
{ "type": "Feature", "properties": { "id": "359/2026", "event_type": "Baustelle", "severity": "keine Sperrung", "closure_category": "No closure", "street": "An der Wuhlheide (Oberschöneweide)", "section": "Richtung Köpenick zwischen Firlstraße und Rathenaustraße", "start_time": "2026-04-22T07:00:00", "end_time": "2027-03-31T17:00:00", "duration_days": 343.41666666666669, "event_status": "Active", "total_lanes": null, "closed_lanes": null, "closure_ratio": null, "district_code": "009", "district_name": "Treptow-Köpenick", "map_longitude": 13.525827527046205, "map_latitude": 52.464504489408426 }, "geometry": { "type": "Point", "coordinates": [ 13.525827527046205, 52.464504489408426 ] } },
{ "type": "Feature", "properties": { "id": "360/2026", "event_type": "Baustelle", "severity": "keine Sperrung", "closure_category": "No closure", "street": "Lindenstraße bis Alt-Köpenick (Köpenick)", "section": "in beiden Richtungen zwischen Dammbrücke und Kirchstraße", "start_time": "2026-05-20T11:00:00", "end_time": "2026-09-02T17:00:00", "duration_days": 105.25, "event_status": "Active", "total_lanes": 4.0, "closed_lanes": 3.0, "closure_ratio": 0.75, "district_code": "009", "district_name": "Treptow-Köpenick", "map_longitude": 13.574804550776241, "map_latitude": 52.448111985855547 }, "geometry": { "type": "Point", "coordinates": [ 13.574804550776241, 52.448111985855547 ] } },
{ "type": "Feature", "properties": { "id": "361/2026", "event_type": "Baustelle", "severity": "keine Sperrung", "closure_category": "No closure", "street": "Schönhauser Allee (Prenzlauer Berg)", "section": "stadtauswärts in Höhe Buchholzer Straße", "start_time": "2026-04-22T07:00:00", "end_time": "2026-09-10T17:00:00", "duration_days": 141.41666666666666, "event_status": "Active", "total_lanes": null, "closed_lanes": null, "closure_ratio": null, "district_code": "003", "district_name": "Pankow", "map_longitude": 13.412853157794988, "map_latitude": 52.545036502730817 }, "geometry": { "type": "Point", "coordinates": [ 13.412853157794988, 52.545036502730817 ] } },
{ "type": "Feature", "properties": { "id": "362/2026", "event_type": "Sperrung", "severity": "Fahrtrichtungssperrung", "closure_category": "Directional closure", "street": "Gärtnerstraße (Lichterfelde)", "section": "Richtung Siemensstraße zwischen Marienstraße und Hartmanstraße", "start_time": "2026-01-30T12:00:00", "end_time": "2026-07-31T17:00:00", "duration_days": 182.20833333333334, "event_status": "Active", "total_lanes": null, "closed_lanes": null, "closure_ratio": null, "district_code": "006", "district_name": "Steglitz-Zehlendorf", "map_longitude": 13.328913162870025, "map_latitude": 52.436359466348577 }, "geometry": { "type": "Point", "coordinates": [ 13.328913162870025, 52.436359466348577 ] } },
{ "type": "Feature", "properties": { "id": "367/2026", "event_type": "Baustelle", "severity": "keine Sperrung", "closure_category": "No closure", "street": "Tauentzienstraße (Charlottenburg)", "section": "Richtung Wittenbergplatz zwischen Joachimsthaler Straße und Marburger Straße", "start_time": "2026-04-27T12:00:00", "end_time": "2026-11-20T17:00:00", "duration_days": 207.20833333333334, "event_status": "Active", "total_lanes": 2.0, "closed_lanes": 1.0, "closure_ratio": 0.5, "district_code": "004", "district_name": "Charlottenburg-Wilmersdorf", "map_longitude": 13.33564163096759, "map_latitude": 52.50433718268085 }, "geometry": { "type": "Point", "coordinates": [ 13.33564163096759, 52.50433718268085 ] } },
{ "type": "Feature", "properties": { "id": "385/2026", "event_type": "Baustelle", "severity": "keine Sperrung", "closure_category": "No closure", "street": "Charlottenburger Chaussee (Spandau)", "section": "in beiden Richtungen Höhe Stendelweg", "start_time": "2026-04-28T07:00:00", "end_time": "2026-09-04T17:00:00", "duration_days": 129.41666666666666, "event_status": "Active", "total_lanes": null, "closed_lanes": null, "closure_ratio": null, "district_code": "005", "district_name": "Spandau", "map_longitude": 13.24023876090026, "map_latitude": 52.526302523565327 }, "geometry": { "type": "Point", "coordinates": [ 13.24023876090026, 52.526302523565327 ] } },
{ "type": "Feature", "properties": { "id": "386/2026", "event_type": "Baustelle", "severity": "keine Sperrung", "closure_category": "No closure", "street": "Otto-Braun-Straße (Mitte)", "section": "in beiden Richtungen zwischen Alexanderstraße und Karl-Marx-Allee", "start_time": "2026-06-01T10:00:00", "end_time": "2026-07-31T17:00:00", "duration_days": 60.291666666666664, "event_status": "Active", "total_lanes": 8.0, "closed_lanes": 5.0, "closure_ratio": 0.625, "district_code": "001", "district_name": "Mitte", "map_longitude": 13.415422439575197, "map_latitude": 52.520826755503052 }, "geometry": { "type": "Point", "coordinates": [ 13.415422439575197, 52.520826755503052 ] } },
{ "type": "Feature", "properties": { "id": "390/2026", "event_type": "Baustelle", "severity": "keine Sperrung", "closure_category": "No closure", "street": "Schöneberger Straße (Tempelhof)", "section": "gesamter Kreuzungsbereich Alboinstraße", "start_time": "2026-04-29T07:00:00", "end_time": "2026-08-20T17:00:00", "duration_days": 113.41666666666667, "event_status": "Active", "total_lanes": null, "closed_lanes": null, "closure_ratio": null, "district_code": "007", "district_name": "Tempelhof-Schöneberg", "map_longitude": 13.372077961955087, "map_latitude": 52.469821747201834 }, "geometry": { "type": "Point", "coordinates": [ 13.372077961955087, 52.469821747201834 ] } },
{ "type": "Feature", "properties": { "id": "392/2026", "event_type": "Sperrung", "severity": "Fahrtrichtungssperrung", "closure_category": "Directional closure", "street": "Am Friedrichshain (Prenzlauer Berg)", "section": "Richtung Volkspark Friedrichshain zwischen Otto-Braun-Straße und Friedenstraße", "start_time": "2026-04-30T10:00:00", "end_time": "2026-07-31T17:00:00", "duration_days": 92.291666666666671, "event_status": "Active", "total_lanes": null, "closed_lanes": null, "closure_ratio": null, "district_code": "003", "district_name": "Pankow", "map_longitude": 13.424020958536124, "map_latitude": 52.528170545699858 }, "geometry": { "type": "Point", "coordinates": [ 13.424020958536124, 52.528170545699858 ] } },
{ "type": "Feature", "properties": { "id": "396/2026", "event_type": "Baustelle", "severity": "keine Sperrung", "closure_category": "No closure", "street": "Holzmarktstraße (Friedrichshain)", "section": "Richtung Stralauer Platz zwischen Krautstraße und Andreasstraße", "start_time": "2024-11-04T07:00:00", "end_time": "2027-04-30T17:00:00", "duration_days": 907.41666666666663, "event_status": "Active", "total_lanes": null, "closed_lanes": null, "closure_ratio": null, "district_code": "002", "district_name": "Friedrichshain-Kreuzberg", "map_longitude": 13.427132964134218, "map_latitude": 52.51154919368625 }, "geometry": { "type": "Point", "coordinates": [ 13.427132964134218, 52.51154919368625 ] } },
{ "type": "Feature", "properties": { "id": "415/2026", "event_type": "Baustelle", "severity": "keine Sperrung", "closure_category": "No closure", "street": "Sewanstraße (Friedrichsfelde)", "section": "Richtung Am Tierpark zwischen Ontarioseestraße und Am Tierpark", "start_time": "2026-05-05T07:00:00", "end_time": "2027-05-31T17:00:00", "duration_days": 391.41666666666669, "event_status": "Active", "total_lanes": null, "closed_lanes": null, "closure_ratio": null, "district_code": "011", "district_name": "Lichtenberg", "map_longitude": 13.5234135389328, "map_latitude": 52.495614116394968 }, "geometry": { "type": "Point", "coordinates": [ 13.5234135389328, 52.495614116394968 ] } },
{ "type": "Feature", "properties": { "id": "417/2026", "event_type": "Sperrung", "severity": "Fahrtrichtungssperrung", "closure_category": "Directional closure", "street": "Gustav-Adolf-Straße (Weißensee)", "section": "Richtung Rennbahnstraße zwischen Gäblerstraße und Großer See", "start_time": "2025-10-22T07:00:00", "end_time": "2026-11-13T17:00:00", "duration_days": 387.41666666666669, "event_status": "Active", "total_lanes": 1.0, "closed_lanes": 1.0, "closure_ratio": 1.0, "district_code": "003", "district_name": "Pankow", "map_longitude": 13.445270060838087, "map_latitude": 52.558222726932776 }, "geometry": { "type": "Point", "coordinates": [ 13.445270060838087, 52.558222726932776 ] } },
{ "type": "Feature", "properties": { "id": "427/2026", "event_type": "Baustelle", "severity": "keine Sperrung", "closure_category": "No closure", "street": "Haselhorster Damm (Haselhorst)", "section": "in beiden Richtungen zwischen Burscheider Weg und Saatwinkler Weg", "start_time": "2026-05-07T07:00:00", "end_time": "2026-08-21T17:00:00", "duration_days": 106.41666666666667, "event_status": "Active", "total_lanes": null, "closed_lanes": null, "closure_ratio": null, "district_code": "005", "district_name": "Spandau", "map_longitude": 13.237827582476578, "map_latitude": 52.545597219324847 }, "geometry": { "type": "Point", "coordinates": [ 13.237827582476578, 52.545597219324847 ] } },
{ "type": "Feature", "properties": { "id": "437/2026", "event_type": "Baustelle", "severity": "keine Sperrung", "closure_category": "No closure", "street": "Bucher Chaussee (Karow)", "section": "stadtauswärts in Höhe Achillesstraße", "start_time": "2026-05-08T08:00:00", "end_time": "2026-07-31T17:00:00", "duration_days": 84.375, "event_status": "Active", "total_lanes": null, "closed_lanes": null, "closure_ratio": null, "district_code": "003", "district_name": "Pankow", "map_longitude": 13.48746106343466, "map_latitude": 52.617856506905312 }, "geometry": { "type": "Point", "coordinates": [ 13.48746106343466, 52.617856506905312 ] } },
{ "type": "Feature", "properties": { "id": "441/2026", "event_type": "Baustelle", "severity": "keine Sperrung", "closure_category": "No closure", "street": "Schnellerstraße (Niederschöneweide)", "section": "stadteinwärts zwischen Karlshorster Straße und Minna-Todenhagen-Straße", "start_time": "2026-05-22T10:00:00", "end_time": "2026-08-31T17:00:00", "duration_days": 101.29166666666667, "event_status": "Active", "total_lanes": 3.0, "closed_lanes": 1.0, "closure_ratio": 0.33333333333333331, "district_code": "009", "district_name": "Treptow-Köpenick", "map_longitude": 13.502528387604878, "map_latitude": 52.461598952039559 }, "geometry": { "type": "Point", "coordinates": [ 13.502528387604878, 52.461598952039559 ] } },
{ "type": "Feature", "properties": { "id": "444/2026", "event_type": "Baustelle", "severity": "keine Sperrung", "closure_category": "No closure", "street": "Südostallee (Johannisthal)", "section": "in beiden Richtungen zwischen Radenzer Straße und Kiefholzstraße", "start_time": "2026-05-11T07:00:00", "end_time": "2026-10-15T17:00:00", "duration_days": 157.41666666666666, "event_status": "Active", "total_lanes": null, "closed_lanes": null, "closure_ratio": null, "district_code": "009", "district_name": "Treptow-Köpenick", "map_longitude": 13.485878705978395, "map_latitude": 52.459784830382681 }, "geometry": { "type": "Point", "coordinates": [ 13.485878705978395, 52.459784830382681 ] } },
{ "type": "Feature", "properties": { "id": "455/2026", "event_type": "Sperrung", "severity": "Fahrtrichtungssperrung", "closure_category": "Directional closure", "street": "Tauentzienstraße (Charlottenburg)", "section": "Richtung Kurfürstendamm zwischen Nürnberger Straße und Joachimthaler Straße", "start_time": "2026-05-12T09:00:00", "end_time": "2026-12-31T17:00:00", "duration_days": 233.33333333333334, "event_status": "Active", "total_lanes": 2.0, "closed_lanes": 2.0, "closure_ratio": 1.0, "district_code": "004", "district_name": "Charlottenburg-Wilmersdorf", "map_longitude": 13.339273453020727, "map_latitude": 52.503263649039958 }, "geometry": { "type": "Point", "coordinates": [ 13.339273453020727, 52.503263649039958 ] } },
{ "type": "Feature", "properties": { "id": "456/2026", "event_type": "Sperrung", "severity": "Fahrtrichtungssperrung", "closure_category": "Directional closure", "street": "Möckernstraße (Kreuzberg)", "section": "Richtung Kreuzbergstraße zwischen Tempelhofer Ufer und Obentrautstraße", "start_time": "2025-05-12T07:00:00", "end_time": "2026-08-01T17:00:00", "duration_days": 446.41666666666669, "event_status": "Active", "total_lanes": null, "closed_lanes": null, "closure_ratio": null, "district_code": "002", "district_name": "Friedrichshain-Kreuzberg", "map_longitude": 13.380028009414673, "map_latitude": 52.498145175376408 }, "geometry": { "type": "Point", "coordinates": [ 13.380028009414673, 52.498145175376408 ] } },
{ "type": "Feature", "properties": { "id": "457/2026", "event_type": "Sperrung", "severity": "Fahrtrichtungssperrung", "closure_category": "Directional closure", "street": "Großbeerenstraße (Kreuzberg)", "section": "Richtung Kreuzbergstraße zwischen Tempelhofer Ufer und Obentrautstraße", "start_time": "2026-04-30T07:00:00", "end_time": "2026-08-31T17:00:00", "duration_days": 123.41666666666667, "event_status": "Active", "total_lanes": 1.0, "closed_lanes": 1.0, "closure_ratio": 1.0, "district_code": "002", "district_name": "Friedrichshain-Kreuzberg", "map_longitude": 13.385055541730255, "map_latitude": 52.498106381715985 }, "geometry": { "type": "Point", "coordinates": [ 13.385055541730255, 52.498106381715985 ] } },
{ "type": "Feature", "properties": { "id": "461/2026", "event_type": "Baustelle", "severity": "keine Sperrung", "closure_category": "No closure", "street": "Ruhlebener Straße (Spandau)", "section": "in beiden Richtungen in Höhe Grunewaldstraße", "start_time": "2026-05-08T07:00:00", "end_time": "2026-08-18T17:00:00", "duration_days": 102.41666666666667, "event_status": "Active", "total_lanes": null, "closed_lanes": null, "closure_ratio": null, "district_code": "005", "district_name": "Spandau", "map_longitude": 13.204767107963564, "map_latitude": 52.53016109989526 }, "geometry": { "type": "Point", "coordinates": [ 13.204767107963564, 52.53016109989526 ] } },
{ "type": "Feature", "properties": { "id": "462/2026", "event_type": "Sperrung", "severity": "Vollsperrung", "closure_category": "Full closure", "street": "Felixstraße (Tempelhof)", "section": "in beiden Richtungen zwischen Albrechtstraße und Götzstraße", "start_time": "2026-05-12T07:00:00", "end_time": "2026-08-14T17:00:00", "duration_days": 94.416666666666671, "event_status": "Active", "total_lanes": null, "closed_lanes": null, "closure_ratio": null, "district_code": "007", "district_name": "Tempelhof-Schöneberg", "map_longitude": 13.394210244403826, "map_latitude": 52.461062970978098 }, "geometry": { "type": "Point", "coordinates": [ 13.394210244403826, 52.461062970978098 ] } },
{ "type": "Feature", "properties": { "id": "467/2026", "event_type": "Baustelle", "severity": "keine Sperrung", "closure_category": "No closure", "street": "Greifswalder Straße (Prenzlauer Berg)", "section": "stadtauswärts zwischen Käthe-Niederkirchner-Straße und Hufelandstraße", "start_time": "2026-05-18T12:00:00", "end_time": "2026-08-31T17:00:00", "duration_days": 105.20833333333333, "event_status": "Active", "total_lanes": null, "closed_lanes": null, "closure_ratio": null, "district_code": "003", "district_name": "Pankow", "map_longitude": 13.428496845739671, "map_latitude": 52.532085118911361 }, "geometry": { "type": "Point", "coordinates": [ 13.428496845739671, 52.532085118911361 ] } },
{ "type": "Feature", "properties": { "id": "493/2026", "event_type": "Sperrung", "severity": "Fahrtrichtungssperrung", "closure_category": "Directional closure", "street": "Wittekindstraße (Tempelhof)", "section": "Richtung Tankredstraße ab Arnulfstraße", "start_time": "2026-02-18T07:00:00", "end_time": "2026-11-13T17:00:00", "duration_days": 268.41666666666669, "event_status": "Active", "total_lanes": null, "closed_lanes": null, "closure_ratio": null, "district_code": "007", "district_name": "Tempelhof-Schöneberg", "map_longitude": 13.372185230255129, "map_latitude": 52.455394831880056 }, "geometry": { "type": "Point", "coordinates": [ 13.372185230255129, 52.455394831880056 ] } },
{ "type": "Feature", "properties": { "id": "494/2026", "event_type": "Sperrung", "severity": "Fahrtrichtungssperrung", "closure_category": "Directional closure", "street": "Paul-Schmidt-Straße (Tempelhof)", "section": "Richtung Attilastraße zwischen Arnulfstraße und Gerdsmeyerweg", "start_time": "2026-02-18T07:00:00", "end_time": "2026-11-13T17:00:00", "duration_days": 268.41666666666669, "event_status": "Active", "total_lanes": null, "closed_lanes": null, "closure_ratio": null, "district_code": "007", "district_name": "Tempelhof-Schöneberg", "map_longitude": 13.367502093315126, "map_latitude": 52.45547328692286 }, "geometry": { "type": "Point", "coordinates": [ 13.367502093315126, 52.45547328692286 ] } },
{ "type": "Feature", "properties": { "id": "495/2026", "event_type": "Sperrung", "severity": "Vollsperrung", "closure_category": "Full closure", "street": "Senheimer Straße (Frohnau)", "section": "in beiden Richtungen zwischen Königsbacher Zeile und Schönfließer Straße", "start_time": "2026-05-21T07:00:00", "end_time": "2026-08-21T17:00:00", "duration_days": 92.416666666666671, "event_status": "Active", "total_lanes": null, "closed_lanes": null, "closure_ratio": null, "district_code": "012", "district_name": "Reinickendorf", "map_longitude": 13.291976451873781, "map_latitude": 52.640273800708783 }, "geometry": { "type": "Point", "coordinates": [ 13.291976451873781, 52.640273800708783 ] } },
{ "type": "Feature", "properties": { "id": "496/2026", "event_type": "Baustelle", "severity": "keine Sperrung", "closure_category": "No closure", "street": "Müllerstraße (Wedding)", "section": "Kreuzung Luxemburger Straße/Schulstraße", "start_time": "2026-05-21T07:00:00", "end_time": "2026-07-31T17:00:00", "duration_days": 71.416666666666671, "event_status": "Active", "total_lanes": 4.0, "closed_lanes": 2.0, "closure_ratio": 0.5, "district_code": "001", "district_name": "Mitte", "map_longitude": 13.359219431877138, "map_latitude": 52.546370728309832 }, "geometry": { "type": "Point", "coordinates": [ 13.359219431877138, 52.546370728309832 ] } },
{ "type": "Feature", "properties": { "id": "499/2026", "event_type": "Sperrung", "severity": "Vollsperrung", "closure_category": "Full closure", "street": "Weserstraße (Neukölln)", "section": "in beiden Richtungen zwischen Innstraße und Treptower Straße", "start_time": "2026-05-09T12:00:00", "end_time": "2026-08-28T17:00:00", "duration_days": 111.20833333333333, "event_status": "Active", "total_lanes": null, "closed_lanes": null, "closure_ratio": null, "district_code": "008", "district_name": "Neukölln", "map_longitude": 13.446587463009918, "map_latitude": 52.48056480735827 }, "geometry": { "type": "Point", "coordinates": [ 13.446587463009918, 52.48056480735827 ] } },
{ "type": "Feature", "properties": { "id": "505/2026", "event_type": "Sperrung", "severity": "Vollsperrung", "closure_category": "Full closure", "street": "Ehrlichstraße (Karlshorst)", "section": "in beiden Richtungen zwischen Müritzstraße und Heiligenberger Straße", "start_time": "2026-05-26T07:00:00", "end_time": "2026-09-06T17:00:00", "duration_days": 103.41666666666667, "event_status": "Active", "total_lanes": 2.0, "closed_lanes": 2.0, "closure_ratio": 1.0, "district_code": "011", "district_name": "Lichtenberg", "map_longitude": 13.518762588500978, "map_latitude": 52.481035647023461 }, "geometry": { "type": "Point", "coordinates": [ 13.518762588500978, 52.481035647023461 ] } },
{ "type": "Feature", "properties": { "id": "509/2026", "event_type": "Sperrung", "severity": "Vollsperrung", "closure_category": "Full closure", "street": "Blockdammweg - Ehrlichstraße (Karlshorst)", "section": "gesamter Einmündungsbereich", "start_time": "2026-05-26T07:00:00", "end_time": "2026-09-06T17:00:00", "duration_days": 103.41666666666667, "event_status": "Active", "total_lanes": null, "closed_lanes": null, "closure_ratio": null, "district_code": "011", "district_name": "Lichtenberg", "map_longitude": 13.511198759078979, "map_latitude": 52.48419477989853 }, "geometry": { "type": "Point", "coordinates": [ 13.511198759078979, 52.48419477989853 ] } },
{ "type": "Feature", "properties": { "id": "513/2026", "event_type": "Baustelle", "severity": "keine Sperrung", "closure_category": "No closure", "street": "Nonnendammallee (Siemensstadt)", "section": "stadteinwärts zwischen Otternbuchtstraße und Rohrdamm", "start_time": "2026-05-26T07:00:00", "end_time": "2026-10-30T17:00:00", "duration_days": 157.41666666666666, "event_status": "Active", "total_lanes": null, "closed_lanes": null, "closure_ratio": null, "district_code": "005", "district_name": "Spandau", "map_longitude": 13.249275684356691, "map_latitude": 52.53791101471861 }, "geometry": { "type": "Point", "coordinates": [ 13.249275684356691, 52.53791101471861 ] } },
{ "type": "Feature", "properties": { "id": "516/2026", "event_type": "Baustelle", "severity": "keine Sperrung", "closure_category": "No closure", "street": "Axel-Springer-Straße (Mitte)", "section": "Richtung Leipziger Straße in Höhe Krausenstraße", "start_time": "2026-05-27T07:00:00", "end_time": "2026-08-14T17:00:00", "duration_days": 79.416666666666671, "event_status": "Active", "total_lanes": 2.0, "closed_lanes": 1.0, "closure_ratio": 0.5, "district_code": "001", "district_name": "Mitte", "map_longitude": 13.400514721870424, "map_latitude": 52.509959210803586 }, "geometry": { "type": "Point", "coordinates": [ 13.400514721870424, 52.509959210803586 ] } },
{ "type": "Feature", "properties": { "id": "523/2026", "event_type": "Sperrung", "severity": "Vollsperrung", "closure_category": "Full closure", "street": "Manteuffelstraße (Kreuzberg)", "section": "in beiden Richtungen zwischen Reichenberger Straße und Skalitzer Straße", "start_time": "2026-06-01T07:00:00", "end_time": "2026-08-08T17:00:00", "duration_days": 68.416666666666671, "event_status": "Active", "total_lanes": 2.0, "closed_lanes": 2.0, "closure_ratio": 1.0, "district_code": "002", "district_name": "Friedrichshain-Kreuzberg", "map_longitude": 13.425303697586061, "map_latitude": 52.498047201610504 }, "geometry": { "type": "Point", "coordinates": [ 13.425303697586061, 52.498047201610504 ] } },
{ "type": "Feature", "properties": { "id": "524/2026", "event_type": "Baustelle", "severity": "keine Sperrung", "closure_category": "No closure", "street": "Schönhauser Allee (Prenzlauer Berg)", "section": "Richtung Wisbyer Straße zwischen Sredzkistraße und Danziger Straße", "start_time": "2026-06-01T07:00:00", "end_time": "2026-09-25T12:00:00", "duration_days": 116.20833333333333, "event_status": "Active", "total_lanes": 2.0, "closed_lanes": 1.0, "closure_ratio": 0.5, "district_code": "003", "district_name": "Pankow", "map_longitude": 13.412321805953981, "map_latitude": 52.540005704223539 }, "geometry": { "type": "Point", "coordinates": [ 13.412321805953981, 52.540005704223539 ] } },
{ "type": "Feature", "properties": { "id": "525/2026", "event_type": "Sperrung", "severity": "Vollsperrung", "closure_category": "Full closure", "street": "Westfälische Straße (Wilmersdorf)", "section": "Richtung Halensee zwischen Brandenburgische Straße und Konstanzer Straße", "start_time": "2026-05-28T07:00:00", "end_time": "2026-10-27T17:00:00", "duration_days": 152.41666666666666, "event_status": "Active", "total_lanes": 2.0, "closed_lanes": 2.0, "closure_ratio": 1.0, "district_code": "004", "district_name": "Charlottenburg-Wilmersdorf", "map_longitude": 13.312521877772717, "map_latitude": 52.491354892321993 }, "geometry": { "type": "Point", "coordinates": [ 13.312521877772717, 52.491354892321993 ] } },
{ "type": "Feature", "properties": { "id": "526/2026", "event_type": "Sperrung", "severity": "keine Sperrung", "closure_category": "No closure", "street": "Gertraudenstraße (Mitte)", "section": "in beiden Richtungen zwischen Spittelmarkt und Fischerinsel", "start_time": "2023-04-27T12:00:00", "end_time": "2028-03-31T17:00:00", "duration_days": 1800.2083333333333, "event_status": "Active", "total_lanes": 3.0, "closed_lanes": 2.0, "closure_ratio": 0.66666666666666663, "district_code": "001", "district_name": "Mitte", "map_longitude": 13.403000218903014, "map_latitude": 52.512105964832706 }, "geometry": { "type": "Point", "coordinates": [ 13.403000218903014, 52.512105964832706 ] } },
{ "type": "Feature", "properties": { "id": "527/2026", "event_type": "Sperrung", "severity": "Fahrtrichtungssperrung", "closure_category": "Directional closure", "street": "Buckower Damm (Buckow)", "section": "stadteinwärts zwischen Ringslebenstraße und Möllnerweg", "start_time": "2026-06-01T07:00:00", "end_time": "2026-07-31T17:00:00", "duration_days": 60.416666666666664, "event_status": "Active", "total_lanes": 1.0, "closed_lanes": 1.0, "closure_ratio": 1.0, "district_code": "008", "district_name": "Neukölln", "map_longitude": 13.438162502610476, "map_latitude": 52.417523548950406 }, "geometry": { "type": "Point", "coordinates": [ 13.438162502610476, 52.417523548950406 ] } },
{ "type": "Feature", "properties": { "id": "528/2026", "event_type": "Baustelle", "severity": "keine Sperrung", "closure_category": "No closure", "street": "Kiefholzstraße (Baumschulenweg)", "section": "in beiden Richtungen zwischen Baumschulenstraße und Rinkartstraße", "start_time": "2026-06-01T09:00:00", "end_time": "2026-08-21T17:00:00", "duration_days": 81.333333333333329, "event_status": "Active", "total_lanes": 2.0, "closed_lanes": 1.0, "closure_ratio": 0.5, "district_code": "009", "district_name": "Treptow-Köpenick", "map_longitude": 13.485457725853275, "map_latitude": 52.466717063920562 }, "geometry": { "type": "Point", "coordinates": [ 13.485457725853275, 52.466717063920562 ] } },
{ "type": "Feature", "properties": { "id": "530/2026", "event_type": "Sperrung", "severity": "Vollsperrung", "closure_category": "Full closure", "street": "Pölnitzweg (Buch)", "section": "in beiden Richtungen zwischen Alt-Buch und Röbellweg", "start_time": "2026-06-01T06:00:00", "end_time": "2026-08-14T17:00:00", "duration_days": 74.458333333333329, "event_status": "Active", "total_lanes": 2.0, "closed_lanes": 2.0, "closure_ratio": 1.0, "district_code": "003", "district_name": "Pankow", "map_longitude": 13.498313426971437, "map_latitude": 52.640231482807543 }, "geometry": { "type": "Point", "coordinates": [ 13.498313426971437, 52.640231482807543 ] } },
{ "type": "Feature", "properties": { "id": "551/2026", "event_type": "Baustelle", "severity": "keine Sperrung", "closure_category": "No closure", "street": "Blumberger Damm (Marzahn)", "section": "Richtung zwischen Hirschfelder Weg und Zinndorfer Straße", "start_time": "2026-06-04T09:00:00", "end_time": "2026-07-31T17:00:00", "duration_days": 57.333333333333336, "event_status": "Active", "total_lanes": 2.0, "closed_lanes": 1.0, "closure_ratio": 0.5, "district_code": "010", "district_name": "Marzahn-Hellersdorf", "map_longitude": 13.570801629895595, "map_latitude": 52.544273503796518 }, "geometry": { "type": "Point", "coordinates": [ 13.570801629895595, 52.544273503796518 ] } },
{ "type": "Feature", "properties": { "id": "554/2026", "event_type": "Sperrung", "severity": "keine Sperrung", "closure_category": "No closure", "street": "Max-Dohrn-Straße (Charlottenburg-Nord)", "section": "in beiden Richtungen zwischen Tegeler Weg und Lise-Meitner-Straße", "start_time": "2026-06-04T10:00:00", "end_time": "2026-08-10T17:00:00", "duration_days": 67.291666666666671, "event_status": "Active", "total_lanes": 2.0, "closed_lanes": 1.0, "closure_ratio": 0.5, "district_code": "004", "district_name": "Charlottenburg-Wilmersdorf", "map_longitude": 13.303301627902638, "map_latitude": 52.531496583457695 }, "geometry": { "type": "Point", "coordinates": [ 13.303301627902638, 52.531496583457695 ] } },
{ "type": "Feature", "properties": { "id": "556/2026", "event_type": "Baustelle", "severity": "keine Sperrung", "closure_category": "No closure", "street": "Dahlemer Weg (Zehlendorf)", "section": "in beiden Richtungen zwischen Curtiusstraße und Bolchener Straße", "start_time": "2026-06-08T10:00:00", "end_time": "2026-07-31T17:00:00", "duration_days": 53.291666666666664, "event_status": "Active", "total_lanes": 2.0, "closed_lanes": 1.0, "closure_ratio": 0.5, "district_code": "006", "district_name": "Steglitz-Zehlendorf", "map_longitude": 13.280560019326662, "map_latitude": 52.434740307044272 }, "geometry": { "type": "Point", "coordinates": [ 13.280560019326662, 52.434740307044272 ] } },
{ "type": "Feature", "properties": { "id": "557/2026", "event_type": "Baustelle", "severity": "keine Sperrung", "closure_category": "No closure", "street": "Brandenburgische Straße (Wilmersdorf)", "section": "in beiden Richtungen zwischen Konstanzer Straße und Westfälische Straße", "start_time": "2026-06-08T10:00:00", "end_time": "2026-10-27T17:00:00", "duration_days": 141.29166666666666, "event_status": "Active", "total_lanes": 5.0, "closed_lanes": 2.0, "closure_ratio": 0.4, "district_code": "004", "district_name": "Charlottenburg-Wilmersdorf", "map_longitude": 13.31108287530877, "map_latitude": 52.492547085572859 }, "geometry": { "type": "Point", "coordinates": [ 13.31108287530877, 52.492547085572859 ] } },
{ "type": "Feature", "properties": { "id": "558/2026", "event_type": "Baustelle", "severity": "keine Sperrung", "closure_category": "No closure", "street": "Bulgarische Straße (Plänterwald)", "section": "Richtung Puschkinallee zwischen Erwin-Bennewitz-Weg und Neue Krugallee", "start_time": "2026-06-09T07:00:00", "end_time": "2026-09-15T17:00:00", "duration_days": 98.416666666666671, "event_status": "Active", "total_lanes": 2.0, "closed_lanes": 1.0, "closure_ratio": 0.5, "district_code": "009", "district_name": "Treptow-Köpenick", "map_longitude": 13.477443611303853, "map_latitude": 52.483532547010128 }, "geometry": { "type": "Point", "coordinates": [ 13.477443611303853, 52.483532547010128 ] } },
{ "type": "Feature", "properties": { "id": "559/2026", "event_type": "Sperrung", "severity": "Fahrtrichtungssperrung", "closure_category": "Directional closure", "street": "Vulkanstraße (Fennpfuhl)", "section": "Richtung Landsberger Allee zwischen Josef-Orlopp-Straße und Herzbergstraße", "start_time": "2026-06-08T09:00:00", "end_time": "2026-08-04T17:00:00", "duration_days": 57.333333333333336, "event_status": "Active", "total_lanes": 1.0, "closed_lanes": 1.0, "closure_ratio": 1.0, "district_code": "011", "district_name": "Lichtenberg", "map_longitude": 13.485534538804355, "map_latitude": 52.523324069520108 }, "geometry": { "type": "Point", "coordinates": [ 13.485534538804355, 52.523324069520108 ] } },
{ "type": "Feature", "properties": { "id": "561/2026", "event_type": "Sperrung", "severity": "Vollsperrung", "closure_category": "Full closure", "street": "Dahmestraße (Bohnsdorf)", "section": "in beiden Richtungen zwischen Buntzelstraße und Hundsfelder Straße", "start_time": "2026-05-26T07:00:00", "end_time": "2026-10-30T17:00:00", "duration_days": 157.41666666666666, "event_status": "Active", "total_lanes": 2.0, "closed_lanes": 2.0, "closure_ratio": 1.0, "district_code": "009", "district_name": "Treptow-Köpenick", "map_longitude": 13.566071391105654, "map_latitude": 52.40150572701851 }, "geometry": { "type": "Point", "coordinates": [ 13.566071391105654, 52.40150572701851 ] } },
{ "type": "Feature", "properties": { "id": "562/2026", "event_type": "Baustelle", "severity": "keine Sperrung", "closure_category": "No closure", "street": "Kantstraße (Charlottenburg)", "section": "stadteinwärts zwischen Krumme Straße und Weimarer Straße", "start_time": "2026-06-08T07:00:00", "end_time": "2026-08-10T17:00:00", "duration_days": 63.416666666666664, "event_status": "Active", "total_lanes": 2.0, "closed_lanes": 1.0, "closure_ratio": 0.5, "district_code": "004", "district_name": "Charlottenburg-Wilmersdorf", "map_longitude": 13.310102820396423, "map_latitude": 52.506419904801888 }, "geometry": { "type": "Point", "coordinates": [ 13.310102820396423, 52.506419904801888 ] } },
{ "type": "Feature", "properties": { "id": "565/2026", "event_type": "Baustelle", "severity": "keine Sperrung", "closure_category": "No closure", "street": "Residenzstraße (Reinickendorf)", "section": "in beiden Richtungen zwischen Simmelstraße und Walderseestraße", "start_time": "2026-06-08T07:00:00", "end_time": "2026-08-05T17:00:00", "duration_days": 58.416666666666664, "event_status": "Active", "total_lanes": 4.0, "closed_lanes": 2.0, "closure_ratio": 0.5, "district_code": "012", "district_name": "Reinickendorf", "map_longitude": 13.364428281784059, "map_latitude": 52.563301569629189 }, "geometry": { "type": "Point", "coordinates": [ 13.364428281784059, 52.563301569629189 ] } },
{ "type": "Feature", "properties": { "id": "569/2026", "event_type": "Baustelle", "severity": "keine Sperrung", "closure_category": "No closure", "street": "Lichtenberger Straße (Friedrichshain)", "section": "Richtung Holzmarktstraße zwischen Weydemeyerstraße und Strausberger Platz", "start_time": "2026-06-08T07:00:00", "end_time": "2026-08-31T17:00:00", "duration_days": 84.416666666666671, "event_status": "Active", "total_lanes": 3.0, "closed_lanes": 2.0, "closure_ratio": 0.66666666666666663, "district_code": "002", "district_name": "Friedrichshain-Kreuzberg", "map_longitude": 13.428463339805605, "map_latitude": 52.519220787189937 }, "geometry": { "type": "Point", "coordinates": [ 13.428463339805605, 52.519220787189937 ] } },
{ "type": "Feature", "properties": { "id": "571/2026", "event_type": "Baustelle", "severity": "keine Sperrung", "closure_category": "No closure", "street": "Neue Filandastraße (Steglitz)", "section": "in beiden Richtungen zwischen Albrechtstraße und Südendstraße", "start_time": "2026-06-10T07:00:00", "end_time": "2026-10-31T17:00:00", "duration_days": 143.41666666666666, "event_status": "Active", "total_lanes": 4.0, "closed_lanes": 2.0, "closure_ratio": 0.5, "district_code": "006", "district_name": "Steglitz-Zehlendorf", "map_longitude": 13.331748247146608, "map_latitude": 52.453838777987215 }, "geometry": { "type": "Point", "coordinates": [ 13.331748247146608, 52.453838777987215 ] } },
{ "type": "Feature", "properties": { "id": "578/2026", "event_type": "Baustelle", "severity": "keine Sperrung", "closure_category": "No closure", "street": "Warschauer Straße (Friedrichshain)", "section": "Richtung Frankfurter Tor zwischen Grünberger Straße und Boxhagener Straße", "start_time": "2026-06-10T07:00:00", "end_time": "2027-04-30T17:00:00", "duration_days": 324.41666666666669, "event_status": "Active", "total_lanes": 2.0, "closed_lanes": 1.0, "closure_ratio": 0.5, "district_code": "002", "district_name": "Friedrichshain-Kreuzberg", "map_longitude": 13.453310292233432, "map_latitude": 52.513570636240942 }, "geometry": { "type": "Point", "coordinates": [ 13.453310292233432, 52.513570636240942 ] } },
{ "type": "Feature", "properties": { "id": "581/2026", "event_type": "Baustelle", "severity": "keine Sperrung", "closure_category": "No closure", "street": "Alt-Moabit (Moabit)", "section": "in beiden Richtungen Höhe Lüneburger Straße (Bahnbrücke)", "start_time": "2026-06-11T07:00:00", "end_time": "2026-12-31T17:00:00", "duration_days": 203.41666666666666, "event_status": "Active", "total_lanes": 4.0, "closed_lanes": 2.0, "closure_ratio": 0.5, "district_code": "001", "district_name": "Mitte", "map_longitude": 13.363536146747053, "map_latitude": 52.522899554789525 }, "geometry": { "type": "Point", "coordinates": [ 13.363536146747053, 52.522899554789525 ] } },
{ "type": "Feature", "properties": { "id": "584/2026", "event_type": "Baustelle", "severity": "keine Sperrung", "closure_category": "No closure", "street": "Sandhauser Straße (Heiligensee)", "section": "in beiden Richtungen Höhe Elsterstraße", "start_time": "2026-06-16T07:00:00", "end_time": "2026-08-10T17:00:00", "duration_days": 55.416666666666664, "event_status": "Active", "total_lanes": 2.0, "closed_lanes": 1.0, "closure_ratio": 0.5, "district_code": "012", "district_name": "Reinickendorf", "map_longitude": 13.224641213304556, "map_latitude": 52.589655603949367 }, "geometry": { "type": "Point", "coordinates": [ 13.224641213304556, 52.589655603949367 ] } },
{ "type": "Feature", "properties": { "id": "586/2026", "event_type": "Baustelle", "severity": "keine Sperrung", "closure_category": "No closure", "street": "Petersburger Straße (Friedrichshain)", "section": "Richtung Prenzlauer Berg zwischen Frankfurter Allee und Bersarinplatz", "start_time": "2026-06-15T07:00:00", "end_time": "2026-08-26T17:00:00", "duration_days": 72.416666666666671, "event_status": "Active", "total_lanes": 2.0, "closed_lanes": 1.0, "closure_ratio": 0.5, "district_code": "002", "district_name": "Friedrichshain-Kreuzberg", "map_longitude": 13.453706438263772, "map_latitude": 52.517288672730089 }, "geometry": { "type": "Point", "coordinates": [ 13.453706438263772, 52.517288672730089 ] } },
{ "type": "Feature", "properties": { "id": "587/2026", "event_type": "Baustelle", "severity": "keine Sperrung", "closure_category": "No closure", "street": "Provinzstraße (Niederschönhausen)", "section": "in beiden Richtungen zwischen Frühlingstraße und Herbststraße", "start_time": "2026-06-15T08:00:00", "end_time": "2026-09-04T17:00:00", "duration_days": 81.375, "event_status": "Active", "total_lanes": 2.0, "closed_lanes": 1.0, "closure_ratio": 0.5, "district_code": "003", "district_name": "Pankow", "map_longitude": 13.380332733569624, "map_latitude": 52.573220460090006 }, "geometry": { "type": "Point", "coordinates": [ 13.380332733569624, 52.573220460090006 ] } },
{ "type": "Feature", "properties": { "id": "594/2026", "event_type": "Sperrung", "severity": "Fahrtrichtungssperrung", "closure_category": "Directional closure", "street": "A100 (Stadtring)", "section": "Richtung Treptow Auffahrt Alboinstraße", "start_time": "2026-06-16T09:00:00", "end_time": "2026-08-06T17:00:00", "duration_days": 51.333333333333336, "event_status": "Active", "total_lanes": 2.0, "closed_lanes": 2.0, "closure_ratio": 1.0, "district_code": "007", "district_name": "Tempelhof-Schöneberg", "map_longitude": 13.372311016625289, "map_latitude": 52.469828945918614 }, "geometry": { "type": "Point", "coordinates": [ 13.372311016625289, 52.469828945918614 ] } },
{ "type": "Feature", "properties": { "id": "595/2026", "event_type": "Baustelle", "severity": "keine Sperrung", "closure_category": "No closure", "street": "Schorfheidestraße (Reinickendorf)", "section": "in beiden Richtungen Höhe Drebkauer Straße", "start_time": "2026-06-16T07:00:00", "end_time": "2026-08-07T17:00:00", "duration_days": 52.416666666666664, "event_status": "Active", "total_lanes": 2.0, "closed_lanes": 1.0, "closure_ratio": 0.5, "district_code": "012", "district_name": "Reinickendorf", "map_longitude": 13.346744776506691, "map_latitude": 52.592992478280578 }, "geometry": { "type": "Point", "coordinates": [ 13.346744776506691, 52.592992478280578 ] } },
{ "type": "Feature", "properties": { "id": "598/2026", "event_type": "Baustelle", "severity": "keine Sperrung", "closure_category": "No closure", "street": "Alt-Mahlsdorf (Mahlsdorf)", "section": "stadteinwärts vor Neuenhagener Straße", "start_time": "2026-06-16T09:00:00", "end_time": "2026-07-31T14:00:00", "duration_days": 45.208333333333336, "event_status": "Active", "total_lanes": 2.0, "closed_lanes": 1.0, "closure_ratio": 0.5, "district_code": "010", "district_name": "Marzahn-Hellersdorf", "map_longitude": 13.608116503950868, "map_latitude": 52.504941307651706 }, "geometry": { "type": "Point", "coordinates": [ 13.608116503950868, 52.504941307651706 ] } },
{ "type": "Feature", "properties": { "id": "604/2026", "event_type": "Baustelle", "severity": "keine Sperrung", "closure_category": "No closure", "street": "Karl-Marx-Straße (Neukölln)", "section": "Richtung Hermannplatz zwischen Hobrechtstraße und Hermannplatz", "start_time": "2026-06-22T08:00:00", "end_time": "2026-08-14T17:00:00", "duration_days": 53.375, "event_status": "Active", "total_lanes": 2.0, "closed_lanes": 1.0, "closure_ratio": 0.5, "district_code": "008", "district_name": "Neukölln", "map_longitude": 13.425732703192621, "map_latitude": 52.485802826604342 }, "geometry": { "type": "Point", "coordinates": [ 13.425732703192621, 52.485802826604342 ] } },
{ "type": "Feature", "properties": { "id": "605/2026", "event_type": "Baustelle", "severity": "keine Sperrung", "closure_category": "No closure", "street": "Landsberger Allee (Fennpfuhl)", "section": "stadtauswärts Höhe S-Bhf. Landsberger Allee", "start_time": "2026-06-22T12:00:00", "end_time": "2026-10-09T17:00:00", "duration_days": 109.20833333333333, "event_status": "Active", "total_lanes": 3.0, "closed_lanes": 2.0, "closure_ratio": 0.66666666666666663, "district_code": "003", "district_name": "Pankow", "map_longitude": 13.455087432253055, "map_latitude": 52.528194155471233 }, "geometry": { "type": "Point", "coordinates": [ 13.455087432253055, 52.528194155471233 ] } },
{ "type": "Feature", "properties": { "id": "607/2026", "event_type": "Sperrung", "severity": "Vollsperrung", "closure_category": "Full closure", "street": "Hämmerlingstraße (Köpenick)", "section": "Eisenbahnbrücke Hämmerlingstraße", "start_time": "2026-06-22T07:00:00", "end_time": "2026-08-07T17:00:00", "duration_days": 46.416666666666664, "event_status": "Active", "total_lanes": 2.0, "closed_lanes": 2.0, "closure_ratio": 1.0, "district_code": "009", "district_name": "Treptow-Köpenick", "map_longitude": 13.573216795921327, "map_latitude": 52.459634472818074 }, "geometry": { "type": "Point", "coordinates": [ 13.573216795921327, 52.459634472818074 ] } },
{ "type": "Feature", "properties": { "id": "609/2026", "event_type": "Bauarbeiten", "severity": "keine Sperrung", "closure_category": "No closure", "street": "Mariannenstraße (Lichterfelde)", "section": "in beiden Richtungen zwischen Kiesstraße und Geraer Straße", "start_time": "2026-06-22T07:00:00", "end_time": "2026-08-07T17:00:00", "duration_days": 46.416666666666664, "event_status": "Active", "total_lanes": 2.0, "closed_lanes": 1.0, "closure_ratio": 0.5, "district_code": "006", "district_name": "Steglitz-Zehlendorf", "map_longitude": 13.33485490660749, "map_latitude": 52.421112273211037 }, "geometry": { "type": "Point", "coordinates": [ 13.33485490660749, 52.421112273211037 ] } },
{ "type": "Feature", "properties": { "id": "611/2026", "event_type": "Baustelle", "severity": "keine Sperrung", "closure_category": "No closure", "street": "A100 (Stadtring)", "section": "in beiden Richtungen zwischen Innsbrucker Platz und Alboinstraße", "start_time": "2026-06-21T06:00:00", "end_time": "2026-11-11T20:00:00", "duration_days": 143.58333333333334, "event_status": "Active", "total_lanes": 6.0, "closed_lanes": 4.0, "closure_ratio": 0.66666666666666663, "district_code": "007", "district_name": "Tempelhof-Schöneberg", "map_longitude": 13.362881761765612, "map_latitude": 52.473948202799754 }, "geometry": { "type": "Point", "coordinates": [ 13.362881761765612, 52.473948202799754 ] } },
{ "type": "Feature", "properties": { "id": "618/2026", "event_type": "Baustelle", "severity": "keine Sperrung", "closure_category": "No closure", "street": "Bahnhofstraße (Karow)", "section": "in beiden Richtungen zwischen Schräger Weg und Lanker Straße", "start_time": "2026-06-22T07:00:00", "end_time": "2026-07-31T17:00:00", "duration_days": 39.416666666666664, "event_status": "Active", "total_lanes": 2.0, "closed_lanes": 1.0, "closure_ratio": 0.5, "district_code": "003", "district_name": "Pankow", "map_longitude": 13.479127000431786, "map_latitude": 52.609957799054563 }, "geometry": { "type": "Point", "coordinates": [ 13.479127000431786, 52.609957799054563 ] } },
{ "type": "Feature", "properties": { "id": "623/2026", "event_type": "Sperrung", "severity": "Vollsperrung", "closure_category": "Full closure", "street": "Leibnizstraße (Charlottenburg)", "section": "in beiden Richtungen zwischen Kurfürstendamm und Sybelstraße", "start_time": "2026-06-21T12:00:00", "end_time": "2026-08-11T17:00:00", "duration_days": 51.208333333333336, "event_status": "Active", "total_lanes": 2.0, "closed_lanes": 2.0, "closure_ratio": 1.0, "district_code": "004", "district_name": "Charlottenburg-Wilmersdorf", "map_longitude": 13.313199518615358, "map_latitude": 52.50167095159614 }, "geometry": { "type": "Point", "coordinates": [ 13.313199518615358, 52.50167095159614 ] } },
{ "type": "Feature", "properties": { "id": "624/2026", "event_type": "Sperrung", "severity": "Fahrtrichtungssperrung", "closure_category": "Directional closure", "street": "Olbersstraße (Charlottenburg)", "section": "Richtung Gaußstraße zwischen Tegeler Weg und Lise-Meitner-Straße", "start_time": "2026-06-22T12:00:00", "end_time": "2026-07-31T17:00:00", "duration_days": 39.208333333333336, "event_status": "Active", "total_lanes": 1.0, "closed_lanes": 1.0, "closure_ratio": 1.0, "district_code": "004", "district_name": "Charlottenburg-Wilmersdorf", "map_longitude": 13.296676499352355, "map_latitude": 52.529362710961387 }, "geometry": { "type": "Point", "coordinates": [ 13.296676499352355, 52.529362710961387 ] } },
{ "type": "Feature", "properties": { "id": "629/2026", "event_type": "Baustelle", "severity": "keine Sperrung", "closure_category": "No closure", "street": "Luisenstraße (Mitte)", "section": "in beiden Richtungen Höhe Schiffbauerdamm", "start_time": "2025-08-11T12:00:00", "end_time": "2026-10-28T17:00:00", "duration_days": 443.20833333333331, "event_status": "Active", "total_lanes": 2.0, "closed_lanes": 1.0, "closure_ratio": 0.5, "district_code": "001", "district_name": "Mitte", "map_longitude": 13.380128676511852, "map_latitude": 52.519756485748985 }, "geometry": { "type": "Point", "coordinates": [ 13.380128676511852, 52.519756485748985 ] } },
{ "type": "Feature", "properties": { "id": "633/2026", "event_type": "Baustelle", "severity": "keine Sperrung", "closure_category": "No closure", "street": "Roelckestraße (Weißensee)", "section": "Richtung Prenzlauer Berg vor Rennbahnstraße", "start_time": "2026-06-25T07:00:00", "end_time": "2026-07-29T17:00:00", "duration_days": 34.416666666666664, "event_status": "Active", "total_lanes": 2.0, "closed_lanes": 1.0, "closure_ratio": 0.5, "district_code": "003", "district_name": "Pankow", "map_longitude": 13.458331923360875, "map_latitude": 52.561956771618611 }, "geometry": { "type": "Point", "coordinates": [ 13.458331923360875, 52.561956771618611 ] } },
{ "type": "Feature", "properties": { "id": "639/2026", "event_type": "Baustelle", "severity": "keine Sperrung", "closure_category": "No closure", "street": "Wisbyer Straße (Prenzlauer Berg)", "section": "Kreuzung Stahlheimer Straße/Neumannstraße", "start_time": "2026-06-29T07:00:00", "end_time": "2026-09-07T17:00:00", "duration_days": 70.416666666666671, "event_status": "Active", "total_lanes": 2.0, "closed_lanes": 1.0, "closure_ratio": 0.5, "district_code": "003", "district_name": "Pankow", "map_longitude": 13.424386382102968, "map_latitude": 52.552493460626046 }, "geometry": { "type": "Point", "coordinates": [ 13.424386382102968, 52.552493460626046 ] } },
{ "type": "Feature", "properties": { "id": "640/2026", "event_type": "Baustelle", "severity": "keine Sperrung", "closure_category": "No closure", "street": "Klingsorstraße (Steglitz)", "section": "in beiden Richtungen  zwischen Mittelstraße und Beymestraße", "start_time": "2026-06-29T06:00:00", "end_time": "2026-07-31T17:00:00", "duration_days": 32.458333333333336, "event_status": "Active", "total_lanes": 2.0, "closed_lanes": 1.0, "closure_ratio": 0.5, "district_code": "006", "district_name": "Steglitz-Zehlendorf", "map_longitude": 13.330069184303285, "map_latitude": 52.451772671885081 }, "geometry": { "type": "Point", "coordinates": [ 13.330069184303285, 52.451772671885081 ] } },
{ "type": "Feature", "properties": { "id": "641/2026", "event_type": "Baustelle", "severity": "keine Sperrung", "closure_category": "No closure", "street": "Londoner Straße (Wedding)", "section": "in Richtung Müllerstraße zwischen Themsestraße und Müllerstraße", "start_time": "2026-06-29T06:00:00", "end_time": "2026-09-17T17:00:00", "duration_days": 80.458333333333329, "event_status": "Active", "total_lanes": 2.0, "closed_lanes": 1.0, "closure_ratio": 0.5, "district_code": "001", "district_name": "Mitte", "map_longitude": 13.340170383453371, "map_latitude": 52.56066338432796 }, "geometry": { "type": "Point", "coordinates": [ 13.340170383453371, 52.56066338432796 ] } },
{ "type": "Feature", "properties": { "id": "642/2026", "event_type": "Sperrung", "severity": "Fahrtrichtungssperrung", "closure_category": "Directional closure", "street": "A100 (Stadtring)", "section": "Richtung Wedding, Einfahrt Kurfürstendamm", "start_time": "2025-03-06T06:00:00", "end_time": null, "duration_days": null, "event_status": "Active", "total_lanes": 1.0, "closed_lanes": 1.0, "closure_ratio": 1.0, "district_code": "004", "district_name": "Charlottenburg-Wilmersdorf", "map_longitude": 13.283168077468874, "map_latitude": 52.497387505902658 }, "geometry": { "type": "Point", "coordinates": [ 13.283168077468874, 52.497387505902658 ] } },
{ "type": "Feature", "properties": { "id": "643/2026", "event_type": "Sperrung", "severity": "Fahrtrichtungssperrung", "closure_category": "Directional closure", "street": "A100 (Stadtring)", "section": "Richtung Wedding, Ein- und Ausfahrt Kaiserdamm", "start_time": "2025-03-06T06:00:00", "end_time": null, "duration_days": null, "event_status": "Active", "total_lanes": 2.0, "closed_lanes": 2.0, "closure_ratio": 1.0, "district_code": "004", "district_name": "Charlottenburg-Wilmersdorf", "map_longitude": 13.286864161491396, "map_latitude": 52.512825709152722 }, "geometry": { "type": "Point", "coordinates": [ 13.286864161491396, 52.512825709152722 ] } },
{ "type": "Feature", "properties": { "id": "644/2026", "event_type": "Baustelle", "severity": "keine Sperrung", "closure_category": "No closure", "street": "Tegeler Weg/Jakob-Kaiser-Platz (Charlottenburg-Nord)", "section": "in beiden Richtungen zwischen Ausfahrt A100 und Kurt-Schumacher-Damm", "start_time": "2026-06-29T09:00:00", "end_time": "2026-09-11T17:00:00", "duration_days": 74.333333333333329, "event_status": "Active", "total_lanes": 6.0, "closed_lanes": 2.0, "closure_ratio": 0.33333333333333331, "district_code": "004", "district_name": "Charlottenburg-Wilmersdorf", "map_longitude": 13.293880820274353, "map_latitude": 52.533832282682461 }, "geometry": { "type": "Point", "coordinates": [ 13.293880820274353, 52.533832282682461 ] } },
{ "type": "Feature", "properties": { "id": "646/2026", "event_type": "Baustelle", "severity": "keine Sperrung", "closure_category": "No closure", "street": "Potsdamer Straße (Tiergarten)", "section": "in beiden Richtungen, Kreuzung Lützowstraße", "start_time": "2026-06-30T07:00:00", "end_time": "2026-08-21T17:00:00", "duration_days": 52.416666666666664, "event_status": "Active", "total_lanes": 6.0, "closed_lanes": 4.0, "closure_ratio": 0.66666666666666663, "district_code": "001", "district_name": "Mitte", "map_longitude": 13.365688920021059, "map_latitude": 52.503086035823635 }, "geometry": { "type": "Point", "coordinates": [ 13.365688920021059, 52.503086035823635 ] } },
{ "type": "Feature", "properties": { "id": "650/2026", "event_type": "Sperrung", "severity": "Fahrtrichtungssperrung", "closure_category": "Directional closure", "street": "Kuglerstraße (Prenzlauer Berg)", "section": "Richtung Prenzlauer Allee zwischen Schönhauser Allee und Greifenhagener Straße", "start_time": "2026-06-29T07:00:00", "end_time": "2026-09-07T17:00:00", "duration_days": 70.416666666666671, "event_status": "Active", "total_lanes": 1.0, "closed_lanes": 1.0, "closure_ratio": 1.0, "district_code": "003", "district_name": "Pankow", "map_longitude": 13.414735794067385, "map_latitude": 52.55277397025084 }, "geometry": { "type": "Point", "coordinates": [ 13.414735794067385, 52.55277397025084 ] } },
{ "type": "Feature", "properties": { "id": "651/2026", "event_type": "Baustelle", "severity": "keine Sperrung", "closure_category": "No closure", "street": "Großziethener Chaussee/Neudecker Weg (Rudow)", "section": "in beiden Richtungen im Kreuzungsbereich Alt-Rudow", "start_time": "2026-06-27T07:00:00", "end_time": "2026-07-31T17:00:00", "duration_days": 34.416666666666664, "event_status": "Active", "total_lanes": 6.0, "closed_lanes": 3.0, "closure_ratio": 0.5, "district_code": "008", "district_name": "Neukölln", "map_longitude": 13.497465848922731, "map_latitude": 52.416094179232623 }, "geometry": { "type": "Point", "coordinates": [ 13.497465848922731, 52.416094179232623 ] } },
{ "type": "Feature", "properties": { "id": "652/2026", "event_type": "Baustelle", "severity": "keine Sperrung", "closure_category": "No closure", "street": "Uhlandstraße (Wilmersdorf)", "section": "in beiden Richtungen zwischen Güntzelstraße und Fechnerstraße", "start_time": "2026-06-08T07:00:00", "end_time": "2027-05-31T17:00:00", "duration_days": 357.41666666666669, "event_status": "Active", "total_lanes": 2.0, "closed_lanes": 0.0, "closure_ratio": 0.0, "district_code": "004", "district_name": "Charlottenburg-Wilmersdorf", "map_longitude": 13.323100805282595, "map_latitude": 52.490855331069881 }, "geometry": { "type": "Point", "coordinates": [ 13.323100805282595, 52.490855331069881 ] } },
{ "type": "Feature", "properties": { "id": "655/2026", "event_type": "Baustelle", "severity": "keine Sperrung", "closure_category": "No closure", "street": "Minna-Todenhagen-Straße (Oberschöneweide)", "section": "in beiden Richtungen zwischen Rummelsburger Landstraße und Nalepastraße", "start_time": "2026-07-03T07:00:00", "end_time": "2026-07-27T12:00:00", "duration_days": 24.208333333333332, "event_status": "Active", "total_lanes": 4.0, "closed_lanes": 2.0, "closure_ratio": 0.5, "district_code": "009", "district_name": "Treptow-Köpenick", "map_longitude": 13.50674629211426, "map_latitude": 52.471788897754756 }, "geometry": { "type": "Point", "coordinates": [ 13.50674629211426, 52.471788897754756 ] } },
{ "type": "Feature", "properties": { "id": "656/2026", "event_type": "Baustelle", "severity": "keine Sperrung", "closure_category": "No closure", "street": "Rummelsburger Landstraße (Oberschöneweide)", "section": "in beiden Richtungen Höhe Minna-Todenhagen-Straße", "start_time": "2026-07-03T07:00:00", "end_time": "2026-07-27T12:00:00", "duration_days": 24.208333333333332, "event_status": "Active", "total_lanes": 4.0, "closed_lanes": 2.0, "closure_ratio": 0.5, "district_code": "009", "district_name": "Treptow-Köpenick", "map_longitude": 13.509841561317446, "map_latitude": 52.472873776016598 }, "geometry": { "type": "Point", "coordinates": [ 13.509841561317446, 52.472873776016598 ] } },
{ "type": "Feature", "properties": { "id": "659/2026", "event_type": "Baustelle", "severity": "keine Sperrung", "closure_category": "No closure", "street": "Allee der Kosmonauten (Marzahn)", "section": "in beiden Richtungen zwischen Rhinstraße und dem Evangelischen Krankenhaus", "start_time": "2026-07-06T07:00:00", "end_time": "2026-09-07T17:00:00", "duration_days": 63.416666666666664, "event_status": "Active", "total_lanes": 2.0, "closed_lanes": 1.0, "closure_ratio": 0.5, "district_code": "011", "district_name": "Lichtenberg", "map_longitude": 13.518564105033876, "map_latitude": 52.526085608746619 }, "geometry": { "type": "Point", "coordinates": [ 13.518564105033876, 52.526085608746619 ] } },
{ "type": "Feature", "properties": { "id": "660/2026", "event_type": "Baustelle", "severity": "keine Sperrung", "closure_category": "No closure", "street": "Mariannenstraße (Lichterfelde)", "section": "in beiden Richtungen zwischen Georgenstraße und Geraer Straße", "start_time": "2026-07-06T07:00:00", "end_time": "2026-08-07T17:00:00", "duration_days": 32.416666666666664, "event_status": "Active", "total_lanes": 2.0, "closed_lanes": 1.0, "closure_ratio": 0.5, "district_code": "006", "district_name": "Steglitz-Zehlendorf", "map_longitude": 13.335366010796864, "map_latitude": 52.42040516105687 }, "geometry": { "type": "Point", "coordinates": [ 13.335366010796864, 52.42040516105687 ] } },
{ "type": "Feature", "properties": { "id": "661/2026", "event_type": "Baustelle", "severity": "keine Sperrung", "closure_category": "No closure", "street": "Sachsendamm (Schöneberg)", "section": "Richtung Dominicusstraße zwischen Ella-Barowsky-Straße und Torgauer Straße", "start_time": "2026-07-06T07:00:00", "end_time": "2026-07-31T17:00:00", "duration_days": 25.416666666666668, "event_status": "Active", "total_lanes": 3.0, "closed_lanes": 2.0, "closure_ratio": 0.66666666666666663, "district_code": "007", "district_name": "Tempelhof-Schöneberg", "map_longitude": 13.353758454322817, "map_latitude": 52.479273576552323 }, "geometry": { "type": "Point", "coordinates": [ 13.353758454322817, 52.479273576552323 ] } },
{ "type": "Feature", "properties": { "id": "664/2026", "event_type": "Baustelle", "severity": "keine Sperrung", "closure_category": "No closure", "street": "Hönower Straße (Mahlsdorf)", "section": "in beiden Richtungen zwischen Briesener Weg und Am Rosenhag", "start_time": "2026-07-06T07:00:00", "end_time": "2026-07-31T17:00:00", "duration_days": 25.416666666666668, "event_status": "Active", "total_lanes": 2.0, "closed_lanes": 1.0, "closure_ratio": 0.5, "district_code": "010", "district_name": "Marzahn-Hellersdorf", "map_longitude": 13.621973991394045, "map_latitude": 52.525027455956398 }, "geometry": { "type": "Point", "coordinates": [ 13.621973991394045, 52.525027455956398 ] } },
{ "type": "Feature", "properties": { "id": "666/2026", "event_type": "Baustelle", "severity": "keine Sperrung", "closure_category": "No closure", "street": "Brunsbütteler Damm (Staaken)", "section": "in beiden Richtungen zwischen Am alten Gaswerk und Am Zeppelinpark", "start_time": "2026-07-06T07:00:00", "end_time": "2026-08-14T17:00:00", "duration_days": 39.416666666666664, "event_status": "Active", "total_lanes": 4.0, "closed_lanes": 2.0, "closure_ratio": 0.5, "district_code": "005", "district_name": "Spandau", "map_longitude": 13.127626776695253, "map_latitude": 52.535835803204897 }, "geometry": { "type": "Point", "coordinates": [ 13.127626776695253, 52.535835803204897 ] } },
{ "type": "Feature", "properties": { "id": "669/2026", "event_type": "Baustelle", "severity": "keine Sperrung", "closure_category": "No closure", "street": "Dorfstraße (Malchow)", "section": "in beiden Richtungen zwischen Blankenburger Pflasterweg und Wartenberger Weg", "start_time": "2026-07-06T07:00:00", "end_time": "2026-09-07T17:00:00", "duration_days": 63.416666666666664, "event_status": "Active", "total_lanes": 2.0, "closed_lanes": 0.0, "closure_ratio": 0.0, "district_code": "011", "district_name": "Lichtenberg", "map_longitude": 13.483341336250307, "map_latitude": 52.577503954056752 }, "geometry": { "type": "Point", "coordinates": [ 13.483341336250307, 52.577503954056752 ] } },
{ "type": "Feature", "properties": { "id": "671/2026", "event_type": "Baustelle", "severity": "keine Sperrung", "closure_category": "No closure", "street": "Kaiserdamm (Westend)", "section": "stadteinwärts zwischen Messedamm und Rognitzstraße", "start_time": "2026-07-02T07:00:00", "end_time": "2026-12-31T17:00:00", "duration_days": 182.41666666666666, "event_status": "Active", "total_lanes": 5.0, "closed_lanes": 2.0, "closure_ratio": 0.4, "district_code": "004", "district_name": "Charlottenburg-Wilmersdorf", "map_longitude": 13.283897638320925, "map_latitude": 52.510037568597134 }, "geometry": { "type": "Point", "coordinates": [ 13.283897638320925, 52.510037568597134 ] } },
{ "type": "Feature", "properties": { "id": "673/2026", "event_type": "Baustelle", "severity": "keine Sperrung", "closure_category": "No closure", "street": "Buckower Damm (Britz)", "section": "Stadtauswärts zwischen Mohriner Allee und Gutschmidtstraße", "start_time": "2026-07-07T07:00:00", "end_time": "2026-08-04T17:00:00", "duration_days": 28.416666666666668, "event_status": "Active", "total_lanes": 4.0, "closed_lanes": 2.0, "closure_ratio": 0.5, "district_code": "008", "district_name": "Neukölln", "map_longitude": 13.434659242630007, "map_latitude": 52.440544698576709 }, "geometry": { "type": "Point", "coordinates": [ 13.434659242630007, 52.440544698576709 ] } },
{ "type": "Feature", "properties": { "id": "674/2026", "event_type": "Baustelle", "severity": "keine Sperrung", "closure_category": "No closure", "street": "Köpenicker Chaussee (Rummelsburg)", "section": "in beiden Richtungen in Höhe des Heizkraftwerks", "start_time": "2026-07-06T07:00:00", "end_time": "2026-08-31T17:00:00", "duration_days": 56.416666666666664, "event_status": "Active", "total_lanes": 4.0, "closed_lanes": 2.0, "closure_ratio": 0.5, "district_code": "011", "district_name": "Lichtenberg", "map_longitude": 13.494783639907839, "map_latitude": 52.489222135745024 }, "geometry": { "type": "Point", "coordinates": [ 13.494783639907839, 52.489222135745024 ] } },
{ "type": "Feature", "properties": { "id": "675/2026", "event_type": "Baustelle", "severity": "keine Sperrung", "closure_category": "No closure", "street": "Tempelhofer Damm/Mariendorfer Damm (Tempelhof)", "section": "stadteinwärts zwischen Ullsteinstraße und Ordensmeisterstraße", "start_time": "2022-02-02T12:00:00", "end_time": "2026-12-11T17:00:00", "duration_days": 1773.2083333333333, "event_status": "Active", "total_lanes": 3.0, "closed_lanes": 2.0, "closure_ratio": 0.66666666666666663, "district_code": "007", "district_name": "Tempelhof-Schöneberg", "map_longitude": 13.384394645690918, "map_latitude": 52.453838777987215 }, "geometry": { "type": "Point", "coordinates": [ 13.384394645690918, 52.453838777987215 ] } },
{ "type": "Feature", "properties": { "id": "676/2026", "event_type": "Baustelle", "severity": "keine Sperrung", "closure_category": "No closure", "street": "Bahnhofstraße (Karow)", "section": "in beiden Richtungen zwischen Hagenstraße und Spinolastraße", "start_time": "2026-07-06T08:00:00", "end_time": "2026-07-31T17:00:00", "duration_days": 25.375, "event_status": "Active", "total_lanes": 2.0, "closed_lanes": 1.0, "closure_ratio": 0.5, "district_code": "003", "district_name": "Pankow", "map_longitude": 13.475112318992617, "map_latitude": 52.611778079978173 }, "geometry": { "type": "Point", "coordinates": [ 13.475112318992617, 52.611778079978173 ] } },
{ "type": "Feature", "properties": { "id": "677/2026", "event_type": "Baustelle", "severity": "keine Sperrung", "closure_category": "No closure", "street": "Sterndamm (Johannisthal)", "section": "Richtung Königsheideweg Höhe Südostallee", "start_time": "2026-07-08T07:00:00", "end_time": "2026-08-05T17:00:00", "duration_days": 28.416666666666668, "event_status": "Active", "total_lanes": 2.0, "closed_lanes": 1.0, "closure_ratio": 0.5, "district_code": "009", "district_name": "Treptow-Köpenick", "map_longitude": 13.508790135383608, "map_latitude": 52.452900542451985 }, "geometry": { "type": "Point", "coordinates": [ 13.508790135383608, 52.452900542451985 ] } },
{ "type": "Feature", "properties": { "id": "678/2026", "event_type": "Baustelle", "severity": "keine Sperrung", "closure_category": "No closure", "street": "Skalitzer Straße (Kreuzberg)", "section": "Richtung Gitschiner Straße zwischen Kottbusser Tor und Erkelenzdamm", "start_time": "2026-07-08T07:00:00", "end_time": "2026-08-28T17:00:00", "duration_days": 51.416666666666664, "event_status": "Active", "total_lanes": 2.0, "closed_lanes": 1.0, "closure_ratio": 0.5, "district_code": "002", "district_name": "Friedrichshain-Kreuzberg", "map_longitude": 13.417418003082275, "map_latitude": 52.499033460891113 }, "geometry": { "type": "Point", "coordinates": [ 13.417418003082275, 52.499033460891113 ] } },
{ "type": "Feature", "properties": { "id": "679/2026", "event_type": "Baustelle", "severity": "keine Sperrung", "closure_category": "No closure", "street": "Buckower Chaussee (Marienfelde)", "section": "in beiden Richtungen zwischen Nahmitzer Damm und S-Bhf. Buckower Chaussee", "start_time": "2026-07-08T07:00:00", "end_time": "2026-08-23T17:00:00", "duration_days": 46.416666666666664, "event_status": "Active", "total_lanes": 4.0, "closed_lanes": 2.0, "closure_ratio": 0.5, "district_code": "007", "district_name": "Tempelhof-Schöneberg", "map_longitude": 13.379577398300173, "map_latitude": 52.410158589983261 }, "geometry": { "type": "Point", "coordinates": [ 13.379577398300173, 52.410158589983261 ] } },
{ "type": "Feature", "properties": { "id": "680/2026", "event_type": "Sperrung", "severity": "Vollsperrung", "closure_category": "Full closure", "street": "Wittestraße (Tegel)", "section": "in beiden Richtungen Höhe Otisstraße", "start_time": "2026-07-09T07:00:00", "end_time": "2026-08-22T17:00:00", "duration_days": 44.416666666666664, "event_status": "Active", "total_lanes": 2.0, "closed_lanes": 2.0, "closure_ratio": 1.0, "district_code": "012", "district_name": "Reinickendorf", "map_longitude": 13.307066559791567, "map_latitude": 52.577412677017229 }, "geometry": { "type": "Point", "coordinates": [ 13.307066559791567, 52.577412677017229 ] } },
{ "type": "Feature", "properties": { "id": "682/2026", "event_type": "Baustelle", "severity": "keine Sperrung", "closure_category": "No closure", "street": "Frankfurter Allee (Friedrichshain)", "section": "stadteinwärts in Höhe Silvio-Meier-Straße", "start_time": "2026-07-07T06:00:00", "end_time": "2026-09-25T17:00:00", "duration_days": 80.458333333333329, "event_status": "Active", "total_lanes": 3.0, "closed_lanes": 2.0, "closure_ratio": 0.66666666666666663, "district_code": "002", "district_name": "Friedrichshain-Kreuzberg", "map_longitude": 13.462817072868349, "map_latitude": 52.514973827945667 }, "geometry": { "type": "Point", "coordinates": [ 13.462817072868349, 52.514973827945667 ] } },
{ "type": "Feature", "properties": { "id": "684/2026", "event_type": "Baustelle", "severity": "keine Sperrung", "closure_category": "No closure", "street": "Buschkrugallee (Britz)", "section": "gesamter Kreuzung Blaschkoallee", "start_time": "2025-06-17T12:00:00", "end_time": "2026-08-07T17:00:00", "duration_days": 416.20833333333331, "event_status": "Active", "total_lanes": null, "closed_lanes": null, "closure_ratio": null, "district_code": "008", "district_name": "Neukölln", "map_longitude": 13.452115058898928, "map_latitude": 52.452534396332929 }, "geometry": { "type": "Point", "coordinates": [ 13.452115058898928, 52.452534396332929 ] } },
{ "type": "Feature", "properties": { "id": "685/2026", "event_type": "Baustelle", "severity": "keine Sperrung", "closure_category": "No closure", "street": "Yorckstraße (Schöneberg)", "section": "in beiden Richtungen in Höhe Bautzener Straße", "start_time": "2026-07-08T10:30:00", "end_time": null, "duration_days": null, "event_status": "Active", "total_lanes": 4.0, "closed_lanes": 3.0, "closure_ratio": 0.75, "district_code": "007", "district_name": "Tempelhof-Schöneberg", "map_longitude": 13.3704410031999, "map_latitude": 52.492736696908302 }, "geometry": { "type": "Point", "coordinates": [ 13.3704410031999, 52.492736696908302 ] } },
{ "type": "Feature", "properties": { "id": "686/2026", "event_type": "Baustelle", "severity": "keine Sperrung", "closure_category": "No closure", "street": "Buckower Damm (Britz)", "section": "in beiden Richtungen zwischen Rohrlegerweg und Bauhüttenweg", "start_time": "2026-03-04T07:00:00", "end_time": "2026-10-30T17:00:00", "duration_days": 240.41666666666666, "event_status": "Active", "total_lanes": 3.0, "closed_lanes": 2.0, "closure_ratio": 0.66666666666666663, "district_code": "008", "district_name": "Neukölln", "map_longitude": 13.435297608375549, "map_latitude": 52.425784422110461 }, "geometry": { "type": "Point", "coordinates": [ 13.435297608375549, 52.425784422110461 ] } },
{ "type": "Feature", "properties": { "id": "687/2026", "event_type": "Baustelle", "severity": "keine Sperrung", "closure_category": "No closure", "street": "Nöldnerstraße (Rummelsburg)", "section": "in beiden Richtungen zwischen Karlshorster Straße und Stadthausstraße", "start_time": "2026-07-06T07:00:00", "end_time": "2026-12-16T17:00:00", "duration_days": 163.41666666666666, "event_status": "Active", "total_lanes": 2.0, "closed_lanes": 1.0, "closure_ratio": 0.5, "district_code": "011", "district_name": "Lichtenberg", "map_longitude": 13.477810621261598, "map_latitude": 52.501753723641002 }, "geometry": { "type": "Point", "coordinates": [ 13.477810621261598, 52.501753723641002 ] } },
{ "type": "Feature", "properties": { "id": "688/2026", "event_type": "Baustelle", "severity": "keine Sperrung", "closure_category": "No closure", "street": "Hohenzollerndamm (Wilmersdorf)", "section": "stadtauswärts auf der Hohenzollerndammbrücke über A100", "start_time": "2026-07-09T10:00:00", "end_time": "2026-08-13T17:00:00", "duration_days": 35.291666666666664, "event_status": "Active", "total_lanes": 3.0, "closed_lanes": 2.0, "closure_ratio": 0.66666666666666663, "district_code": "004", "district_name": "Charlottenburg-Wilmersdorf", "map_longitude": 13.300221562385561, "map_latitude": 52.487830605479537 }, "geometry": { "type": "Point", "coordinates": [ 13.300221562385561, 52.487830605479537 ] } },
{ "type": "Feature", "properties": { "id": "689/2026", "event_type": "Baustelle", "severity": "keine Sperrung", "closure_category": "No closure", "street": "Waidmannsluster Damm (Tegel)", "section": "Richtung Karolinenstraße Höhe Hermsdorfer Damm", "start_time": "2026-07-09T08:00:00", "end_time": "2026-08-21T17:00:00", "duration_days": 43.375, "event_status": "Active", "total_lanes": 2.0, "closed_lanes": 1.0, "closure_ratio": 0.5, "district_code": "012", "district_name": "Reinickendorf", "map_longitude": 13.285131454467775, "map_latitude": 52.594849660755116 }, "geometry": { "type": "Point", "coordinates": [ 13.285131454467775, 52.594849660755116 ] } },
{ "type": "Feature", "properties": { "id": "690/2026", "event_type": "Sperrung", "severity": "Vollsperrung", "closure_category": "Full closure", "street": "Saatwinkler Damm (Siemensstadt)", "section": "in beiden Richtungen zwischen Jungfernheideweg bis Rohrdamm", "start_time": "2026-07-13T07:00:00", "end_time": "2026-07-31T17:00:00", "duration_days": 18.416666666666668, "event_status": "Active", "total_lanes": 2.0, "closed_lanes": 2.0, "closure_ratio": 1.0, "district_code": "005", "district_name": "Spandau", "map_longitude": 13.265690803527834, "map_latitude": 52.548657474680432 }, "geometry": { "type": "Point", "coordinates": [ 13.265690803527834, 52.548657474680432 ] } },
{ "type": "Feature", "properties": { "id": "691/2026", "event_type": "Sperrung", "severity": "Fahrtrichtungssperrung", "closure_category": "Directional closure", "street": "Rosa-Luxemburg-Straße (Mitte)", "section": "Richtung Alexanderplatz zwischen Torstraße und Rosa-Luxemburg-Platz", "start_time": "2026-07-13T07:00:00", "end_time": "2028-12-22T17:00:00", "duration_days": 893.41666666666663, "event_status": "Active", "total_lanes": 1.0, "closed_lanes": 1.0, "closure_ratio": 1.0, "district_code": "001", "district_name": "Mitte", "map_longitude": 13.410122394561769, "map_latitude": 52.528405350223132 }, "geometry": { "type": "Point", "coordinates": [ 13.410122394561769, 52.528405350223132 ] } },
{ "type": "Feature", "properties": { "id": "693/2026", "event_type": "Sperrung", "severity": "Vollsperrung", "closure_category": "Full closure", "street": "Dorfstraße (Wartenberg)", "section": "in beiden Richtungen zwischen Lindenberger Straße und Am Gutshof", "start_time": "2026-07-13T11:00:00", "end_time": "2026-08-21T17:00:00", "duration_days": 39.25, "event_status": "Active", "total_lanes": 2.0, "closed_lanes": 2.0, "closure_ratio": 1.0, "district_code": "011", "district_name": "Lichtenberg", "map_longitude": 13.518548011779787, "map_latitude": 52.574726439052974 }, "geometry": { "type": "Point", "coordinates": [ 13.518548011779787, 52.574726439052974 ] } },
{ "type": "Feature", "properties": { "id": "694/2026", "event_type": "Baustelle", "severity": "keine Sperrung", "closure_category": "No closure", "street": "Kaiserin-Augusta-Allee (Charlottenburg)", "section": "Richtung Alt-Moabit zwischen Goslarer Platz und Neues Ufer", "start_time": "2026-07-13T07:00:00", "end_time": "2026-07-31T17:00:00", "duration_days": 18.416666666666668, "event_status": "Active", "total_lanes": 2.0, "closed_lanes": 1.0, "closure_ratio": 0.5, "district_code": "001", "district_name": "Mitte", "map_longitude": 13.315062761503214, "map_latitude": 52.525791967559201 }, "geometry": { "type": "Point", "coordinates": [ 13.315062761503214, 52.525791967559201 ] } },
{ "type": "Feature", "properties": { "id": "695/2026", "event_type": "Baustelle", "severity": "keine Sperrung", "closure_category": "No closure", "street": "Achillesstraße (Karow)", "section": "in beiden Richtungen zwischen Bucher Chaussee und Am Elsebrocken", "start_time": "2026-07-13T07:00:00", "end_time": "2026-08-21T17:00:00", "duration_days": 39.416666666666664, "event_status": "Active", "total_lanes": 2.0, "closed_lanes": 0.0, "closure_ratio": 0.0, "district_code": "003", "district_name": "Pankow", "map_longitude": 13.487327098846437, "map_latitude": 52.61835090235224 }, "geometry": { "type": "Point", "coordinates": [ 13.487327098846437, 52.61835090235224 ] } },
{ "type": "Feature", "properties": { "id": "698/2026", "event_type": "Sperrung", "severity": "Vollsperrung", "closure_category": "Full closure", "street": "Manfred-von-Richthofen-Straße (Tempelhof)", "section": "in beiden Richtungen zwischen Rumeyplan und Werner-Voß-Damm", "start_time": "2026-02-02T07:00:00", "end_time": "2026-09-01T17:00:00", "duration_days": 211.41666666666666, "event_status": "Active", "total_lanes": 2.0, "closed_lanes": 2.0, "closure_ratio": 1.0, "district_code": "007", "district_name": "Tempelhof-Schöneberg", "map_longitude": 13.378740549087526, "map_latitude": 52.476412515282078 }, "geometry": { "type": "Point", "coordinates": [ 13.378740549087526, 52.476412515282078 ] } },
{ "type": "Feature", "properties": { "id": "699/2026", "event_type": "Sperrung", "severity": "Fahrtrichtungssperrung", "closure_category": "Directional closure", "street": "Manfred-von-Richthofen-Straße (Tempelhof)", "section": "Richtung S+U Tempelhof zwischen Tempelhofer Damm und Schulenburgring", "start_time": "2026-07-09T07:00:00", "end_time": "2027-05-08T17:00:00", "duration_days": 303.41666666666669, "event_status": "Active", "total_lanes": 1.0, "closed_lanes": 1.0, "closure_ratio": 1.0, "district_code": "007", "district_name": "Tempelhof-Schöneberg", "map_longitude": 13.383225202560427, "map_latitude": 52.483600213792592 }, "geometry": { "type": "Point", "coordinates": [ 13.383225202560427, 52.483600213792592 ] } },
{ "type": "Feature", "properties": { "id": "701/2026", "event_type": "Baustelle", "severity": "keine Sperrung", "closure_category": "No closure", "street": "Gehrenseestraße (Alt-Hohenschönhausen)", "section": "in beiden Richtungen zwischen Pablo-Picasso-Straße und Arnimstraße im Bereich des S-Bahnhofs Gehrenseestraße", "start_time": "2026-07-13T07:00:00", "end_time": "2026-08-03T17:00:00", "duration_days": 21.416666666666668, "event_status": "Active", "total_lanes": 2.0, "closed_lanes": 1.0, "closure_ratio": 0.5, "district_code": "011", "district_name": "Lichtenberg", "map_longitude": 13.525489568710329, "map_latitude": 52.555608321554203 }, "geometry": { "type": "Point", "coordinates": [ 13.525489568710329, 52.555608321554203 ] } },
{ "type": "Feature", "properties": { "id": "702/2026", "event_type": "Baustelle", "severity": "keine Sperrung", "closure_category": "No closure", "street": "Stendaler Straße (Hellersdorf)", "section": "Richtung Landsberger Chaussee zwischen Jerichower Straße und Tangermünder Straße", "start_time": "2026-07-06T07:00:00", "end_time": "2026-07-31T17:00:00", "duration_days": 25.416666666666668, "event_status": "Active", "total_lanes": 2.0, "closed_lanes": 1.0, "closure_ratio": 0.5, "district_code": "010", "district_name": "Marzahn-Hellersdorf", "map_longitude": 13.603659868240358, "map_latitude": 52.543072514795497 }, "geometry": { "type": "Point", "coordinates": [ 13.603659868240358, 52.543072514795497 ] } },
{ "type": "Feature", "properties": { "id": "703/2026", "event_type": "Bauarbeiten", "severity": "keine Sperrung", "closure_category": "No closure", "street": "Alt-Mahlsdorf (Mahlsdorf)", "section": "stadteinwärts vor Hönower Straße", "start_time": "2026-07-13T07:00:00", "end_time": "2026-08-21T17:00:00", "duration_days": 39.416666666666664, "event_status": "Active", "total_lanes": 2.0, "closed_lanes": 1.0, "closure_ratio": 0.5, "district_code": "010", "district_name": "Marzahn-Hellersdorf", "map_longitude": 13.618782162666323, "map_latitude": 52.504545655024806 }, "geometry": { "type": "Point", "coordinates": [ 13.618782162666323, 52.504545655024806 ] } },
{ "type": "Feature", "properties": { "id": "704/2026", "event_type": "Baustelle", "severity": "keine Sperrung", "closure_category": "No closure", "street": "Karl-Marx-Straße (Neukölln)", "section": "in beiden richtungen zwischen Jonasstraße und Saalestraße", "start_time": "2023-10-11T07:00:00", "end_time": "2026-12-23T17:00:00", "duration_days": 1169.4166666666667, "event_status": "Active", "total_lanes": 2.0, "closed_lanes": 0.0, "closure_ratio": 0.0, "district_code": "008", "district_name": "Neukölln", "map_longitude": 13.441439867019655, "map_latitude": 52.470730135352632 }, "geometry": { "type": "Point", "coordinates": [ 13.441439867019655, 52.470730135352632 ] } },
{ "type": "Feature", "properties": { "id": "706/2026", "event_type": "Baustelle", "severity": "keine Sperrung", "closure_category": "No closure", "street": "Hellersdorfer Straße (Hellersdorf)", "section": "Richtung Riesaer Straße vor Cecilienstraße", "start_time": "2026-07-10T12:00:00", "end_time": "2026-09-30T17:00:00", "duration_days": 82.208333333333329, "event_status": "Active", "total_lanes": 4.0, "closed_lanes": 1.0, "closure_ratio": 0.25, "district_code": "010", "district_name": "Marzahn-Hellersdorf", "map_longitude": 13.587400317192079, "map_latitude": 52.523088721046946 }, "geometry": { "type": "Point", "coordinates": [ 13.587400317192079, 52.523088721046946 ] } },
{ "type": "Feature", "properties": { "id": "707/2026", "event_type": "Sperrung", "severity": "Fahrtrichtungssperrung", "closure_category": "Directional closure", "street": "Kapweg (Reinickendorf)", "section": "Richtung Kurt-Schumacher-Platz zwischen Scharnweberstraße und Kurt-Schumacher-Damm", "start_time": "2026-07-15T07:00:00", "end_time": "2026-08-19T17:00:00", "duration_days": 35.416666666666664, "event_status": "Active", "total_lanes": 2.0, "closed_lanes": 2.0, "closure_ratio": 1.0, "district_code": "012", "district_name": "Reinickendorf", "map_longitude": 13.329033851623537, "map_latitude": 52.562453715264603 }, "geometry": { "type": "Point", "coordinates": [ 13.329033851623537, 52.562453715264603 ] } },
{ "type": "Feature", "properties": { "id": "709/2026", "event_type": "Gefahr", "severity": "keine Sperrung", "closure_category": "No closure", "street": "A100 (Stadtring)", "section": "Richtung Treptow in der Ausfahrt Am Treptower Park", "start_time": "2025-08-27T07:00:00", "end_time": null, "duration_days": null, "event_status": "Active", "total_lanes": 2.0, "closed_lanes": 0.0, "closure_ratio": 0.0, "district_code": "009", "district_name": "Treptow-Köpenick", "map_longitude": 13.458917140960695, "map_latitude": 52.490391509763818 }, "geometry": { "type": "Point", "coordinates": [ 13.458917140960695, 52.490391509763818 ] } },
{ "type": "Feature", "properties": { "id": "711/2026", "event_type": "Baustelle", "severity": "keine Sperrung", "closure_category": "No closure", "street": "Storkower Straße (Fennpfuhl)", "section": "in beiden Richtungen zwischen Thaerstraße und Franz-Jacob-Straße", "start_time": "2026-07-16T07:00:00", "end_time": "2026-07-28T17:00:00", "duration_days": 12.416666666666666, "event_status": "Active", "total_lanes": 2.0, "closed_lanes": 0.0, "closure_ratio": 0.0, "district_code": "011", "district_name": "Lichtenberg", "map_longitude": 13.463991880416872, "map_latitude": 52.524537884509549 }, "geometry": { "type": "Point", "coordinates": [ 13.463991880416872, 52.524537884509549 ] } },
{ "type": "Feature", "properties": { "id": "713/2026", "event_type": "Sperrung", "severity": "Fahrtrichtungssperrung", "closure_category": "Directional closure", "street": "Edisonstraße (Oberschöneweide)", "section": "Richtung Treskowallee zwischen Griechische Allee und An der Wuhlheide", "start_time": "2026-07-20T07:00:00", "end_time": "2026-09-18T17:00:00", "duration_days": 60.416666666666664, "event_status": "Active", "total_lanes": 1.0, "closed_lanes": 1.0, "closure_ratio": 1.0, "district_code": "009", "district_name": "Treptow-Köpenick", "map_longitude": 13.513328433036806, "map_latitude": 52.467416436571135 }, "geometry": { "type": "Point", "coordinates": [ 13.513328433036806, 52.467416436571135 ] } },
{ "type": "Feature", "properties": { "id": "714/2026", "event_type": "Baustelle", "severity": "keine Sperrung", "closure_category": "No closure", "street": "Landsberger Allee (Alt-Hohenschönhausen)", "section": "in beiden Richtungen zwischen Am Wasserwerk und Siegfriedstraße", "start_time": "2026-07-20T07:00:00", "end_time": "2026-08-03T17:00:00", "duration_days": 14.416666666666666, "event_status": "Active", "total_lanes": 6.0, "closed_lanes": 2.0, "closure_ratio": 0.33333333333333331, "district_code": "011", "district_name": "Lichtenberg", "map_longitude": 13.497433662414553, "map_latitude": 52.534207541855231 }, "geometry": { "type": "Point", "coordinates": [ 13.497433662414553, 52.534207541855231 ] } },
{ "type": "Feature", "properties": { "id": "718/2026", "event_type": "Sperrung", "severity": "Vollsperrung", "closure_category": "Full closure", "street": "Wilhelmstraße (Wilhelmstadt)", "section": "in beiden Richtungen zwischen Heerstraße und Am Omnibushof", "start_time": "2026-07-20T07:00:00", "end_time": "2026-07-31T17:00:00", "duration_days": 11.416666666666666, "event_status": "Active", "total_lanes": 2.0, "closed_lanes": 2.0, "closure_ratio": 1.0, "district_code": "005", "district_name": "Spandau", "map_longitude": 13.179264664649965, "map_latitude": 52.516743172151706 }, "geometry": { "type": "Point", "coordinates": [ 13.179264664649965, 52.516743172151706 ] } },
{ "type": "Feature", "properties": { "id": "719/2026", "event_type": "Baustelle", "severity": "keine Sperrung", "closure_category": "No closure", "street": "Rauchstraße (Hakenfelde)", "section": "in beiden Richtungen, Kreuzung Goltzstraße", "start_time": "2026-07-20T07:00:00", "end_time": "2026-07-27T13:00:00", "duration_days": 7.25, "event_status": "Active", "total_lanes": 2.0, "closed_lanes": 0.0, "closure_ratio": 0.0, "district_code": "005", "district_name": "Spandau", "map_longitude": 13.21259379386902, "map_latitude": 52.561077547525542 }, "geometry": { "type": "Point", "coordinates": [ 13.21259379386902, 52.561077547525542 ] } },
{ "type": "Feature", "properties": { "id": "720/2026", "event_type": "Sperrung", "severity": "Vollsperrung", "closure_category": "Full closure", "street": "Behrenstraße (Mitte)", "section": "in beiden Richtungen zwischen Glinkastraße und Wilhelmstraße", "start_time": "2026-03-09T07:00:00", "end_time": "2027-01-17T17:00:00", "duration_days": 314.41666666666669, "event_status": "Active", "total_lanes": 2.0, "closed_lanes": 2.0, "closure_ratio": 1.0, "district_code": "001", "district_name": "Mitte", "map_longitude": 13.383976221084597, "map_latitude": 52.515306809604013 }, "geometry": { "type": "Point", "coordinates": [ 13.383976221084597, 52.515306809604013 ] } },
{ "type": "Feature", "properties": { "id": "721/2026", "event_type": "Baustelle", "severity": "keine Sperrung", "closure_category": "No closure", "street": "Alt-Moabit (Moabit)", "section": "Richtung Beusselstraße zwischen Spenerstraße und Calvinstraße", "start_time": "2026-07-20T07:00:00", "end_time": "2026-08-11T17:00:00", "duration_days": 22.416666666666668, "event_status": "Active", "total_lanes": 2.0, "closed_lanes": 1.0, "closure_ratio": 0.5, "district_code": "001", "district_name": "Mitte", "map_longitude": 13.353259563446047, "map_latitude": 52.524113584841864 }, "geometry": { "type": "Point", "coordinates": [ 13.353259563446047, 52.524113584841864 ] } },
{ "type": "Feature", "properties": { "id": "722/2026", "event_type": "Sperrung", "severity": "Vollsperrung", "closure_category": "Full closure", "street": "Karwendelstraße (Lichterfelde)", "section": "in beiden Richtungen zwischen Drakestraße und Ringstraße", "start_time": "2026-07-15T07:00:00", "end_time": "2026-09-04T17:00:00", "duration_days": 51.416666666666664, "event_status": "Active", "total_lanes": 2.0, "closed_lanes": 2.0, "closure_ratio": 1.0, "district_code": "006", "district_name": "Steglitz-Zehlendorf", "map_longitude": 13.310510516166689, "map_latitude": 52.434504473954803 }, "geometry": { "type": "Point", "coordinates": [ 13.310510516166689, 52.434504473954803 ] } },
{ "type": "Feature", "properties": { "id": "723/2026", "event_type": "Sperrung", "severity": "Vollsperrung", "closure_category": "Full closure", "street": "An der Putlitzbrücke (Moabit)", "section": "in beiden Richtungen zwischen Birkenstraße und Westhafenstraße", "start_time": "2026-07-21T06:00:00", "end_time": "2026-08-01T18:00:00", "duration_days": 11.5, "event_status": "Active", "total_lanes": 6.0, "closed_lanes": 6.0, "closure_ratio": 1.0, "district_code": "001", "district_name": "Mitte", "map_longitude": 13.344070315361025, "map_latitude": 52.537326963534511 }, "geometry": { "type": "Point", "coordinates": [ 13.344070315361025, 52.537326963534511 ] } },
{ "type": "Feature", "properties": { "id": "725/2026", "event_type": "Baustelle", "severity": "keine Sperrung", "closure_category": "No closure", "street": "Josef-Orlopp-Straße (Lichtenberg)", "section": "in beiden Richtungen zwischen Möllendorffstraße und Vulkanstraße", "start_time": "2026-07-21T07:00:00", "end_time": "2026-08-14T17:00:00", "duration_days": 24.416666666666668, "event_status": "Active", "total_lanes": 2.0, "closed_lanes": 0.0, "closure_ratio": 0.0, "district_code": "011", "district_name": "Lichtenberg", "map_longitude": 13.482177257537844, "map_latitude": 52.523173583288276 }, "geometry": { "type": "Point", "coordinates": [ 13.482177257537844, 52.523173583288276 ] } },
{ "type": "Feature", "properties": { "id": "726/2026", "event_type": "Sperrung", "severity": "Vollsperrung", "closure_category": "Full closure", "street": "Mühlenstraße/Bruchwitzstraße/Malteserstraße (Lankwitz)", "section": "gesamter Kreuzungsbereich", "start_time": "2026-04-23T07:00:00", "end_time": "2026-08-14T17:00:00", "duration_days": 113.41666666666667, "event_status": "Active", "total_lanes": 2.0, "closed_lanes": 2.0, "closure_ratio": 1.0, "district_code": "006", "district_name": "Steglitz-Zehlendorf", "map_longitude": 13.352020382881166, "map_latitude": 52.435861716197749 }, "geometry": { "type": "Point", "coordinates": [ 13.352020382881166, 52.435861716197749 ] } },
{ "type": "Feature", "properties": { "id": "727/2026", "event_type": "Sperrung", "severity": "Fahrtrichtungssperrung", "closure_category": "Directional closure", "street": "Stauffenbergstraße (Tiergarten)", "section": "Richtung Reichpietschufer ab Sigismundstraße", "start_time": "2026-07-21T07:00:00", "end_time": "2026-10-02T17:00:00", "duration_days": 73.416666666666671, "event_status": "Active", "total_lanes": 1.0, "closed_lanes": 1.0, "closure_ratio": 1.0, "district_code": "001", "district_name": "Mitte", "map_longitude": 13.363221287727358, "map_latitude": 52.507340674197344 }, "geometry": { "type": "Point", "coordinates": [ 13.363221287727358, 52.507340674197344 ] } },
{ "type": "Feature", "properties": { "id": "729/2026", "event_type": "Baustelle", "severity": "keine Sperrung", "closure_category": "No closure", "street": "Sickingenstraße (Moabit)", "section": "Richtung Sickingenbrücke in Höhe Wiebestraße", "start_time": "2026-07-22T07:00:00", "end_time": "2026-08-14T17:00:00", "duration_days": 23.416666666666668, "event_status": "Active", "total_lanes": 1.0, "closed_lanes": 0.0, "closure_ratio": 0.0, "district_code": "001", "district_name": "Mitte", "map_longitude": 13.318997025489809, "map_latitude": 52.531221695336228 }, "geometry": { "type": "Point", "coordinates": [ 13.318997025489809, 52.531221695336228 ] } },
{ "type": "Feature", "properties": { "id": "731/2026", "event_type": "Sperrung", "severity": "Vollsperrung", "closure_category": "Full closure", "street": "Hufelandstraße (Prenzlauer Berg)", "section": "in beiden Richtungen zwischen Greifswalder Straße und Am Friedrichshain", "start_time": "2026-07-24T07:00:00", "end_time": "2026-09-10T17:00:00", "duration_days": 48.416666666666664, "event_status": "Active", "total_lanes": 2.0, "closed_lanes": 2.0, "closure_ratio": 1.0, "district_code": "003", "district_name": "Pankow", "map_longitude": 13.432534933090212, "map_latitude": 52.531668769432379 }, "geometry": { "type": "Point", "coordinates": [ 13.432534933090212, 52.531668769432379 ] } },
{ "type": "Feature", "properties": { "id": "735/2026", "event_type": "Baustelle", "severity": "keine Sperrung", "closure_category": "No closure", "street": "Zossener Straße (Hellersdorf)", "section": "Richtung Landsberger Chaussee zwischen Kaulsdorfer Straße und Alte Hellersdorfer Straße", "start_time": "2026-07-23T07:00:00", "end_time": "2026-07-30T17:00:00", "duration_days": 7.416666666666667, "event_status": "Active", "total_lanes": 2.0, "closed_lanes": 1.0, "closure_ratio": 0.5, "district_code": "010", "district_name": "Marzahn-Hellersdorf", "map_longitude": 13.592593073844911, "map_latitude": 52.544860301248676 }, "geometry": { "type": "Point", "coordinates": [ 13.592593073844911, 52.544860301248676 ] } },
{ "type": "Feature", "properties": { "id": "737/2026", "event_type": "Baustelle", "severity": "keine Sperrung", "closure_category": "No closure", "street": "Heerstraße (Staaken)", "section": "stadtauswärts zwischen Wiesenweg und Weidenweg", "start_time": "2026-07-23T07:00:00", "end_time": "2026-08-28T17:00:00", "duration_days": 36.416666666666664, "event_status": "Active", "total_lanes": 2.0, "closed_lanes": 1.0, "closure_ratio": 0.5, "district_code": "005", "district_name": "Spandau", "map_longitude": 13.139514327049257, "map_latitude": 52.52500460941026 }, "geometry": { "type": "Point", "coordinates": [ 13.139514327049257, 52.52500460941026 ] } },
{ "type": "Feature", "properties": { "id": "738/2026", "event_type": "Sperrung", "severity": "Vollsperrung", "closure_category": "Full closure", "street": "Crailsheimer Straße (Steglitz)", "section": "in beiden Richtungen zwischen Steglitzer Damm und Schünemannweg", "start_time": "2026-07-20T07:00:00", "end_time": "2026-07-31T17:00:00", "duration_days": 11.416666666666666, "event_status": "Active", "total_lanes": 2.0, "closed_lanes": 2.0, "closure_ratio": 1.0, "district_code": "006", "district_name": "Steglitz-Zehlendorf", "map_longitude": 13.353538513183596, "map_latitude": 52.446597173702379 }, "geometry": { "type": "Point", "coordinates": [ 13.353538513183596, 52.446597173702379 ] } },
{ "type": "Feature", "properties": { "id": "739/2026", "event_type": "Sperrung", "severity": "Vollsperrung", "closure_category": "Full closure", "street": "Kemberger Straße (Marzahn)", "section": "in beiden Richtungen zwischen Blumberger Damm und Belziger Ring", "start_time": "2026-07-27T07:00:00", "end_time": "2026-07-31T12:00:00", "duration_days": 4.208333333333333, "event_status": "Future", "total_lanes": 2.0, "closed_lanes": 2.0, "closure_ratio": 1.0, "district_code": "010", "district_name": "Marzahn-Hellersdorf", "map_longitude": 13.576054573059084, "map_latitude": 52.56099601964614 }, "geometry": { "type": "Point", "coordinates": [ 13.576054573059084, 52.56099601964614 ] } },
{ "type": "Feature", "properties": { "id": "740/2026", "event_type": "Baustelle", "severity": "keine Sperrung", "closure_category": "No closure", "street": "Königsheideweg (Johannisthal)", "section": "in beiden Richtungen zwischen Redwitzgang und Sterndamm", "start_time": "2026-07-27T07:00:00", "end_time": "2026-08-13T17:00:00", "duration_days": 17.416666666666668, "event_status": "Future", "total_lanes": 2.0, "closed_lanes": 1.0, "closure_ratio": 0.5, "district_code": "009", "district_name": "Treptow-Köpenick", "map_longitude": 13.506231307983398, "map_latitude": 52.446639678690914 }, "geometry": { "type": "Point", "coordinates": [ 13.506231307983398, 52.446639678690914 ] } },
{ "type": "Feature", "properties": { "id": "741/2026", "event_type": "Baustelle", "severity": "keine Sperrung", "closure_category": "No closure", "street": "Leipziger Straße (Mitte)", "section": "in beiden Richtungen in Höhe Friedrichstraße", "start_time": "2026-07-27T07:00:00", "end_time": "2026-09-01T17:00:00", "duration_days": 36.416666666666664, "event_status": "Future", "total_lanes": 4.0, "closed_lanes": 2.0, "closure_ratio": 0.5, "district_code": "001", "district_name": "Mitte", "map_longitude": 13.389962911605837, "map_latitude": 52.510354263256005 }, "geometry": { "type": "Point", "coordinates": [ 13.389962911605837, 52.510354263256005 ] } },
{ "type": "Feature", "properties": { "id": "742/2026", "event_type": "Sperrung", "severity": "Vollsperrung", "closure_category": "Full closure", "street": "Staakener Weg (Dallgow-Döberitz)", "section": "in beiden Richtungen zwischen Stadtgrenze und Spandauer Sandweg", "start_time": "2026-07-27T07:00:00", "end_time": "2026-08-14T17:00:00", "duration_days": 18.416666666666668, "event_status": "Future", "total_lanes": 2.0, "closed_lanes": 2.0, "closure_ratio": 1.0, "district_code": null, "district_name": null, "map_longitude": 13.125153779983521, "map_latitude": 52.51235559012293 }, "geometry": { "type": "Point", "coordinates": [ 13.125153779983521, 52.51235559012293 ] } },
{ "type": "Feature", "properties": { "id": "743/2026", "event_type": "Sperrung", "severity": "Fahrtrichtungssperrung", "closure_category": "Directional closure", "street": "Schloßstraße (Charlottenburg)", "section": "Richtung Kaiserdamm zwischen Spandauer Damm und Knobelsdorffstraße", "start_time": "2026-07-27T07:00:00", "end_time": "2026-07-31T17:00:00", "duration_days": 4.416666666666667, "event_status": "Future", "total_lanes": 1.0, "closed_lanes": 1.0, "closure_ratio": 1.0, "district_code": "004", "district_name": "Charlottenburg-Wilmersdorf", "map_longitude": 13.296246748402048, "map_latitude": 52.516242099628144 }, "geometry": { "type": "Point", "coordinates": [ 13.296246748402048, 52.516242099628144 ] } },
{ "type": "Feature", "properties": { "id": "744/2026", "event_type": "Sperrung", "severity": "Fahrtrichtungssperrung", "closure_category": "Directional closure", "street": "Budapester Straße (Charlottenburg)", "section": "Richtung Stülerstraße zwischen Joachimsthaler Straße und Nürnberger Straße", "start_time": "2026-07-26T01:00:00", "end_time": "2026-07-26T06:00:00", "duration_days": 0.20833333333333334, "event_status": "Expired", "total_lanes": 2.0, "closed_lanes": 2.0, "closure_ratio": 1.0, "district_code": "004", "district_name": "Charlottenburg-Wilmersdorf", "map_longitude": 13.334290981292726, "map_latitude": 52.505355445221447 }, "geometry": { "type": "Point", "coordinates": [ 13.334290981292726, 52.505355445221447 ] } },
{ "type": "Feature", "properties": { "id": "745/2026", "event_type": "Baustelle", "severity": "keine Sperrung", "closure_category": "No closure", "street": "Hermsdorfer Damm (Hermsdorf)", "section": "in beiden Richtungen Höhe Melanchthonstraße", "start_time": "2026-07-27T09:00:00", "end_time": "2026-08-22T17:00:00", "duration_days": 26.333333333333332, "event_status": "Future", "total_lanes": 2.0, "closed_lanes": 1.0, "closure_ratio": 0.5, "district_code": "012", "district_name": "Reinickendorf", "map_longitude": 13.296681046485903, "map_latitude": 52.611852998775497 }, "geometry": { "type": "Point", "coordinates": [ 13.296681046485903, 52.611852998775497 ] } },
{ "type": "Feature", "properties": { "id": "746/2026", "event_type": "Sperrung", "severity": "Vollsperrung", "closure_category": "Full closure", "street": "Ottomar-Geschke-Straße (Köpenick)", "section": "in beiden Richtungen zwischen Oberspreestraße und Ernst-Grube-Straße", "start_time": "2026-07-27T07:00:00", "end_time": "2026-08-05T17:00:00", "duration_days": 9.4166666666666661, "event_status": "Future", "total_lanes": 3.0, "closed_lanes": 3.0, "closure_ratio": 1.0, "district_code": "009", "district_name": "Treptow-Köpenick", "map_longitude": 13.562707901000978, "map_latitude": 52.446106728560032 }, "geometry": { "type": "Point", "coordinates": [ 13.562707901000978, 52.446106728560032 ] } },
{ "type": "Feature", "properties": { "id": "747/2026", "event_type": "Baustelle", "severity": "keine Sperrung", "closure_category": "No closure", "street": "Wichertstraße (Prenzlauer Berg)", "section": "Richtung Schievelbeiner Straße zwischen Scherenbergstraße und Greifenhagener Straße", "start_time": "2026-07-23T07:00:00", "end_time": "2026-08-12T17:00:00", "duration_days": 20.416666666666668, "event_status": "Active", "total_lanes": 1.0, "closed_lanes": 0.0, "closure_ratio": 0.0, "district_code": "003", "district_name": "Pankow", "map_longitude": 13.417772054672243, "map_latitude": 52.549825267807471 }, "geometry": { "type": "Point", "coordinates": [ 13.417772054672243, 52.549825267807471 ] } },
{ "type": "Feature", "properties": { "id": "748/2026", "event_type": "Baustelle", "severity": "keine Sperrung", "closure_category": "No closure", "street": "Malteserstraße (Marienfelde)", "section": "in beiden Richtungen Höhe Symeonstraße", "start_time": "2026-07-23T10:00:00", "end_time": "2026-08-06T17:00:00", "duration_days": 14.291666666666666, "event_status": "Active", "total_lanes": 2.0, "closed_lanes": 1.0, "closure_ratio": 0.5, "district_code": "007", "district_name": "Tempelhof-Schöneberg", "map_longitude": 13.360656199302612, "map_latitude": 52.417452252934801 }, "geometry": { "type": "Point", "coordinates": [ 13.360656199302612, 52.417452252934801 ] } },
{ "type": "Feature", "properties": { "id": "749/2026", "event_type": "Baustelle", "severity": "keine Sperrung", "closure_category": "No closure", "street": "Stromstraße (Moabit)", "section": "Richtung Lessingstraße zwischen Bugenhagenstraße und Turmstraße", "start_time": "2026-07-27T08:00:00", "end_time": "2026-09-18T17:00:00", "duration_days": 53.375, "event_status": "Future", "total_lanes": 2.0, "closed_lanes": 1.0, "closure_ratio": 0.5, "district_code": "001", "district_name": "Mitte", "map_longitude": 13.34319591522217, "map_latitude": 52.528052886439113 }, "geometry": { "type": "Point", "coordinates": [ 13.34319591522217, 52.528052886439113 ] } },
{ "type": "Feature", "properties": { "id": "750/2026", "event_type": "Baustelle", "severity": "keine Sperrung", "closure_category": "No closure", "street": "Breite Straße (Schmargendorf)", "section": "Richtung Hundekehlestraße zwischen Oeynhauser Straße und Cunostraße", "start_time": "2026-07-27T05:00:00", "end_time": "2026-07-28T20:00:00", "duration_days": 1.625, "event_status": "Future", "total_lanes": 3.0, "closed_lanes": 2.0, "closure_ratio": 0.66666666666666663, "district_code": "004", "district_name": "Charlottenburg-Wilmersdorf", "map_longitude": 13.297399878501894, "map_latitude": 52.473599191741187 }, "geometry": { "type": "Point", "coordinates": [ 13.297399878501894, 52.473599191741187 ] } },
{ "type": "Feature", "properties": { "id": "751/2026", "event_type": "Baustelle", "severity": "keine Sperrung", "closure_category": "No closure", "street": "Lützowplatz (Tiergarten)", "section": "Richtung Kurfürstenstraße in Höhe Lützowufer", "start_time": "2026-07-27T07:00:00", "end_time": "2026-08-07T17:00:00", "duration_days": 11.416666666666666, "event_status": "Future", "total_lanes": 4.0, "closed_lanes": 2.0, "closure_ratio": 0.5, "district_code": "001", "district_name": "Mitte", "map_longitude": 13.351704390228482, "map_latitude": 52.505454446473628 }, "geometry": { "type": "Point", "coordinates": [ 13.351704390228482, 52.505454446473628 ] } },
{ "type": "Feature", "properties": { "id": "752/2026", "event_type": "Sperrung", "severity": "Fahrtrichtungssperrung", "closure_category": "Directional closure", "street": "A115", "section": "Richtung Dreieck Nuthetal im Kreuz Zehlendorf", "start_time": "2026-07-27T07:30:00", "end_time": "2026-10-09T16:00:00", "duration_days": 74.354166666666671, "event_status": "Future", "total_lanes": 1.0, "closed_lanes": 1.0, "closure_ratio": 1.0, "district_code": "006", "district_name": "Steglitz-Zehlendorf", "map_longitude": 13.193970261258638, "map_latitude": 52.419168681413908 }, "geometry": { "type": "Point", "coordinates": [ 13.193970261258638, 52.419168681413908 ] } },
{ "type": "Feature", "properties": { "id": "753/2026", "event_type": "Baustelle", "severity": "keine Sperrung", "closure_category": "No closure", "street": "Siegfriedstraße (Lichtenberg)", "section": "Richtung Landsberger Allee Kreuzung Herzbergstraße", "start_time": "2026-07-24T08:00:00", "end_time": "2026-08-31T17:00:00", "duration_days": 38.375, "event_status": "Active", "total_lanes": 2.0, "closed_lanes": 1.0, "closure_ratio": 0.5, "district_code": "011", "district_name": "Lichtenberg", "map_longitude": 13.499767184257509, "map_latitude": 52.526130603616153 }, "geometry": { "type": "Point", "coordinates": [ 13.499767184257509, 52.526130603616153 ] } },
{ "type": "Feature", "properties": { "id": "754/2026", "event_type": "Sperrung", "severity": "Vollsperrung", "closure_category": "Full closure", "street": "Glienicker Straße (Hermsdorf)", "section": "in beiden Richtungen zwischen Ulmenstraße und Waldseeweg", "start_time": "2026-07-27T07:00:00", "end_time": "2026-08-07T17:00:00", "duration_days": 11.416666666666666, "event_status": "Future", "total_lanes": 2.0, "closed_lanes": 2.0, "closure_ratio": 1.0, "district_code": "012", "district_name": "Reinickendorf", "map_longitude": 13.309496641159058, "map_latitude": 52.617168648812424 }, "geometry": { "type": "Point", "coordinates": [ 13.309496641159058, 52.617168648812424 ] } },
{ "type": "Feature", "properties": { "id": "755/2026", "event_type": "Baustelle", "severity": "keine Sperrung", "closure_category": "No closure", "street": "An der Wuhlheide und Rummelsburger Straße (Oberschöneweide)", "section": "in beiden Richtungen Höhe Treskowallee/Edisonstraße", "start_time": "2026-07-27T07:00:00", "end_time": "2026-11-11T17:00:00", "duration_days": 107.41666666666667, "event_status": "Future", "total_lanes": 4.0, "closed_lanes": 2.0, "closure_ratio": 0.5, "district_code": "009", "district_name": "Treptow-Köpenick", "map_longitude": 13.514497876167299, "map_latitude": 52.468736717265799 }, "geometry": { "type": "Point", "coordinates": [ 13.514497876167299, 52.468736717265799 ] } }
]
}
